code,fetched_through,factor_through
sh.600000,2026-10-09,2026-10-09
sh.600004,2026-10-09,2026-10-09
sh.600005,2017-02-14,2026-10-09
sh.600006,2026-10-09,2026-10-09
sh.600007,2026-10-09,2026-10-09
sh.600008,2026-10-09,2026-10-09
sh.600009,2026-10-09,2026-10-09
sh.600010,2026-10-09,2026-10-09
sh.600011,2026-10-09,2026-10-09
sh.600012,2026-10-09,2026-10-09
sh.600015,2026-10-09,2026-10-09
sh.600016,2026-10-09,2026-10-09
sh.600017,2026-10-09,2026-10-09
sh.600018,2026-10-09,2026-10-09
sh.600019,2026-10-09,2026-10-09
sh.600020,2026-10-09,2026-10-09
sh.600021,2026-10-09,2026-10-09
sh.600022,2026-10-09,2026-10-09
sh.600023,2026-10-09,2026-10-09
sh.600025,2026-10-09,2026-10-09
sh.600026,2026-10-09,2026-10-09
sh.600027,2026-10-09,2026-10-09
sh.600028,2026-10-09,2026-10-09
sh.600029,2026-10-09,2026-10-09
sh.600030,2026-10-09,2026-10-09
sh.600031,2026-10-09,2026-10-09
sh.600032,2026-10-09,2026-10-09
sh.600033,2026-10-09,2026-10-09
sh.600035,2026-10-09,2026-10-09
sh.600036,2026-10-09,2026-10-09
sh.600037,2026-10-09,2026-10-09
sh.600038,2026-10-09,2026-10-09
sh.600039,2026-10-09,2026-10-09
sh.600048,2026-10-09,2026-10-09
sh.600050,2026-10-09,2026-10-09
sh.600051,2026-10-09,2026-10-09
sh.600052,2026-10-09,2026-10-09
sh.600053,2026-10-09,2026-10-09
sh.600054,2026-10-09,2026-10-09
sh.600055,2026-10-09,2026-10-09
sh.600056,2026-10-09,2026-10-09
sh.600057,2026-10-09,2026-10-09
sh.600058,2026-10-09,2026-10-09
sh.600059,2026-10-09,2026-10-09
sh.600060,2026-10-09,2026-10-09
sh.600061,2026-10-09,2026-10-09
sh.600062,2026-10-09,2026-10-09
sh.600063,2026-10-09,2026-10-09
sh.600064,2026-10-09,2026-10-09
sh.600066,2026-10-09,2026-10-09
sh.600067,2026-10-09,2026-10-09
sh.600068,2021-09-13,2026-10-09
sh.600069,2020-08-27,2026-10-09
sh.600070,2025-04-30,2026-10-09
sh.600071,2026-10-09,2026-10-09
sh.600072,2026-10-09,2026-10-09
sh.600073,2026-10-09,2026-10-09
sh.600074,2020-06-02,2026-10-09
sh.600075,2026-10-09,2026-10-09
sh.600076,2026-10-09,2026-10-09
sh.600077,2023-07-25,2026-10-09
sh.600078,2026-10-09,2026-10-09
sh.600079,2026-10-09,2026-10-09
sh.600080,2026-10-09,2026-10-09
sh.600081,2026-10-09,2026-10-09
sh.600082,2026-10-09,2026-10-09
sh.600083,2025-03-05,2026-10-09
sh.600084,2026-10-09,2026-10-09
sh.600085,2026-10-09,2026-10-09
sh.600086,2021-03-17,2026-10-09
sh.600088,2026-10-09,2026-10-09
sh.600089,2026-10-09,2026-10-09
sh.600090,2022-07-07,2026-10-09
sh.600091,2022-06-21,2026-10-09
sh.600093,2022-06-23,2026-10-09
sh.600094,2026-10-09,2026-10-09
sh.600095,2026-10-09,2026-10-09
sh.600096,2026-10-09,2026-10-09
sh.600097,2026-10-09,2026-10-09
sh.600098,2026-10-09,2026-10-09
sh.600099,2026-10-09,2026-10-09
sh.600100,2026-10-09,2026-10-09
sh.600101,2026-10-09,2026-10-09
sh.600103,2026-10-09,2026-10-09
sh.600104,2026-10-09,2026-10-09
sh.600105,2026-10-09,2026-10-09
sh.600106,2026-10-09,2026-10-09
sh.600107,2026-10-09,2026-10-09
sh.600108,2026-10-09,2026-10-09
sh.600109,2026-10-09,2026-10-09
sh.600110,2026-10-09,2026-10-09
sh.600111,2026-10-09,2026-10-09
sh.600112,2024-08-15,2026-10-09
sh.600113,2026-10-09,2026-10-09
sh.600114,2026-10-09,2026-10-09
sh.600115,2026-10-09,2026-10-09
sh.600116,2026-10-09,2026-10-09
sh.600117,2026-10-09,2026-10-09
sh.600118,2026-10-09,2026-10-09
sh.600119,2026-10-09,2026-10-09
sh.600120,2026-10-09,2026-10-09
sh.600121,2026-10-09,2026-10-09
sh.600122,2023-06-26,2026-10-09
sh.600123,2026-10-09,2026-10-09
sh.600125,2026-10-09,2026-10-09
sh.600126,2026-10-09,2026-10-09
sh.600127,2026-10-09,2026-10-09
sh.600128,2026-10-09,2026-10-09
sh.600129,2026-10-09,2026-10-09
sh.600130,2026-10-09,2026-10-09
sh.600131,2026-10-09,2026-10-09
sh.600132,2026-10-09,2026-10-09
sh.600133,2026-10-09,2026-10-09
sh.600135,2026-10-09,2026-10-09
sh.600136,2026-10-09,2026-10-09
sh.600137,2026-10-09,2026-10-09
sh.600138,2026-10-09,2026-10-09
sh.600139,2023-03-27,2026-10-09
sh.600141,2026-10-09,2026-10-09
sh.600143,2026-10-09,2026-10-09
sh.600145,2022-04-28,2026-10-09
sh.600146,2022-06-30,2026-10-09
sh.600148,2026-10-09,2026-10-09
sh.600149,2026-10-09,2026-10-09
sh.600150,2026-10-09,2026-10-09
sh.600151,2026-10-09,2026-10-09
sh.600152,2026-10-09,2026-10-09
sh.600153,2026-10-09,2026-10-09
sh.600155,2026-10-09,2026-10-09
sh.600156,2026-10-09,2026-10-09
sh.600157,2026-10-09,2026-10-09
sh.600158,2026-10-09,2026-10-09
sh.600159,2026-10-09,2026-10-09
sh.600160,2026-10-09,2026-10-09
sh.600161,2026-10-09,2026-10-09
sh.600162,2026-10-09,2026-10-09
sh.600163,2026-10-09,2026-10-09
sh.600165,2026-10-09,2026-10-09
sh.600166,2026-10-09,2026-10-09
sh.600167,2026-10-09,2026-10-09
sh.600168,2026-10-09,2026-10-09
sh.600169,2026-10-09,2026-10-09
sh.600170,2026-10-09,2026-10-09
sh.600171,2026-10-09,2026-10-09
sh.600172,2026-10-09,2026-10-09
sh.600173,2026-10-09,2026-10-09
sh.600175,2020-08-14,2026-10-09
sh.600176,2026-10-09,2026-10-09
sh.600177,2026-10-09,2026-10-09
sh.600178,2026-10-09,2026-10-09
sh.600179,2026-10-09,2026-10-09
sh.600180,2026-10-09,2026-10-09
sh.600182,2026-10-09,2026-10-09
sh.600183,2026-10-09,2026-10-09
sh.600184,2026-10-09,2026-10-09
sh.600185,2026-10-09,2026-10-09
sh.600186,2026-10-09,2026-10-09
sh.600187,2026-10-09,2026-10-09
sh.600188,2026-10-09,2026-10-09
sh.600189,2026-10-09,2026-10-09
sh.600190,2025-07-25,2026-10-09
sh.600191,2026-10-09,2026-10-09
sh.600192,2026-10-09,2026-10-09
sh.600193,2026-07-06,2026-10-09
sh.600195,2026-10-09,2026-10-09
sh.600196,2026-10-09,2026-10-09
sh.600197,2026-10-09,2026-10-09
sh.600198,2026-10-09,2026-10-09
sh.600199,2026-10-09,2026-10-09
sh.600200,2025-12-31,2026-10-09
sh.600201,2026-10-09,2026-10-09
sh.600202,2026-10-09,2026-10-09
sh.600203,2026-10-09,2026-10-09
sh.600206,2026-10-09,2026-10-09
sh.600207,2026-10-09,2026-10-09
sh.600208,2026-10-09,2026-10-09
sh.600209,2022-06-22,2026-10-09
sh.600210,2026-10-09,2026-10-09
sh.600211,2026-10-09,2026-10-09
sh.600212,2026-10-09,2026-10-09
sh.600213,2024-10-17,2026-10-09
sh.600215,2026-10-09,2026-10-09
sh.600216,2026-10-09,2026-10-09
sh.600217,2026-10-09,2026-10-09
sh.600218,2026-10-09,2026-10-09
sh.600219,2026-10-09,2026-10-09
sh.600220,2024-07-10,2026-10-09
sh.600221,2026-10-09,2026-10-09
sh.600222,2026-10-09,2026-10-09
sh.600223,2026-10-09,2026-10-09
sh.600225,2025-03-06,2026-10-09
sh.600226,2026-10-09,2026-10-09
sh.600227,2026-10-09,2026-10-09
sh.600228,2026-10-09,2026-10-09
sh.600229,2026-10-09,2026-10-09
sh.600230,2026-10-09,2026-10-09
sh.600231,2026-10-09,2026-10-09
sh.600232,2026-10-09,2026-10-09
sh.600233,2026-10-09,2026-10-09
sh.600234,2026-10-09,2026-10-09
sh.600235,2026-10-09,2026-10-09
sh.600236,2026-10-09,2026-10-09
sh.600237,2026-10-09,2026-10-09
sh.600238,2026-10-09,2026-10-09
sh.600239,2026-10-09,2026-10-09
sh.600240,2020-02-05,2026-10-09
sh.600241,2026-10-09,2026-10-09
sh.600242,2023-06-29,2026-10-09
sh.600243,2026-10-09,2026-10-09
sh.600246,2026-10-09,2026-10-09
sh.600247,2021-03-22,2026-10-09
sh.600248,2026-10-09,2026-10-09
sh.600249,2026-10-09,2026-10-09
sh.600250,2026-10-09,2026-10-09
sh.600251,2026-10-09,2026-10-09
sh.600252,2026-10-09,2026-10-09
sh.600255,2026-10-09,2026-10-09
sh.600256,2026-10-09,2026-10-09
sh.600257,2026-10-09,2026-10-09
sh.600258,2026-10-09,2026-10-09
sh.600259,2026-10-09,2026-10-09
sh.600260,2023-02-15,2026-10-09
sh.600261,2026-10-09,2026-10-09
sh.600262,2026-10-09,2026-10-09
sh.600265,2026-10-09,2026-10-09
sh.600266,2026-10-09,2026-10-09
sh.600267,2026-10-09,2026-10-09
sh.600268,2026-10-09,2026-10-09
sh.600269,2026-10-09,2026-10-09
sh.600270,2018-12-28,2026-10-09
sh.600271,2026-10-09,2026-10-09
sh.600272,2026-10-09,2026-10-09
sh.600273,2026-10-09,2026-10-09
sh.600275,2022-06-22,2026-10-09
sh.600276,2026-10-09,2026-10-09
sh.600277,2024-07-18,2026-10-09
sh.600278,2026-10-09,2026-10-09
sh.600279,2026-10-09,2026-10-09
sh.600280,2026-10-09,2026-10-09
sh.600281,2026-10-09,2026-10-09
sh.600282,2026-10-09,2026-10-09
sh.600283,2026-10-09,2026-10-09
sh.600284,2026-10-09,2026-10-09
sh.600285,2026-10-09,2026-10-09
sh.600287,2026-10-09,2026-10-09
sh.600288,2026-10-09,2026-10-09
sh.600289,2026-10-09,2026-10-09
sh.600290,2024-01-16,2026-10-09
sh.600291,2022-06-14,2026-10-09
sh.600292,2026-10-09,2026-10-09
sh.600293,2026-10-09,2026-10-09
sh.600295,2026-10-09,2026-10-09
sh.600297,2024-08-28,2026-10-09
sh.600298,2026-10-09,2026-10-09
sh.600299,2026-10-09,2026-10-09
sh.600300,2026-10-09,2026-10-09
sh.600301,2026-10-09,2026-10-09
sh.600302,2026-10-09,2026-10-09
sh.600303,2026-10-09,2026-10-09
sh.600305,2026-10-09,2026-10-09
sh.600306,2024-06-26,2026-10-09
sh.600307,2026-10-09,2026-10-09
sh.600308,2026-10-09,2026-10-09
sh.600309,2026-10-09,2026-10-09
sh.600310,2026-10-09,2026-10-09
sh.600311,2023-03-27,2026-10-09
sh.600312,2026-10-09,2026-10-09
sh.600313,2026-10-09,2026-10-09
sh.600315,2026-10-09,2026-10-09
sh.600316,2026-10-09,2026-10-09
sh.600317,2021-01-29,2026-10-09
sh.600318,2026-10-09,2026-10-09
sh.600319,2026-10-09,2026-10-09
sh.600320,2026-10-09,2026-10-09
sh.600321,2024-06-27,2026-10-09
sh.600322,2026-10-09,2026-10-09
sh.600323,2026-10-09,2026-10-09
sh.600325,2026-10-09,2026-10-09
sh.600326,2026-10-09,2026-10-09
sh.600327,2026-10-09,2026-10-09
sh.600328,2026-10-09,2026-10-09
sh.600329,2026-10-09,2026-10-09
sh.600330,2026-10-09,2026-10-09
sh.600331,2026-10-09,2026-10-09
sh.600332,2026-10-09,2026-10-09
sh.600333,2026-10-09,2026-10-09
sh.600335,2026-10-09,2026-10-09
sh.600336,2026-10-09,2026-10-09
sh.600337,2026-10-09,2026-10-09
sh.600338,2026-10-09,2026-10-09
sh.600339,2026-10-09,2026-10-09
sh.600340,2026-10-09,2026-10-09
sh.600343,2026-10-09,2026-10-09
sh.600345,2026-10-09,2026-10-09
sh.600346,2026-10-09,2026-10-09
sh.600348,2026-10-09,2026-10-09
sh.600350,2026-10-09,2026-10-09
sh.600351,2026-10-09,2026-10-09
sh.600352,2026-10-09,2026-10-09
sh.600353,2026-10-09,2026-10-09
sh.600354,2026-10-09,2026-10-09
sh.600355,2026-04-27,2026-10-09
sh.600356,2026-10-09,2026-10-09
sh.600358,2026-10-09,2026-10-09
sh.600359,2026-10-09,2026-10-09
sh.600360,2026-10-09,2026-10-09
sh.600361,2026-10-09,2026-10-09
sh.600362,2026-10-09,2026-10-09
sh.600363,2026-10-09,2026-10-09
sh.600365,2026-10-09,2026-10-09
sh.600366,2026-10-09,2026-10-09
sh.600367,2026-10-09,2026-10-09
sh.600368,2026-10-09,2026-10-09
sh.600369,2026-10-09,2026-10-09
sh.600370,2026-10-09,2026-10-09
sh.600371,2026-10-09,2026-10-09
sh.600372,2026-10-09,2026-10-09
sh.600373,2026-10-09,2026-10-09
sh.600375,2026-10-09,2026-10-09
sh.600376,2026-10-09,2026-10-09
sh.600377,2026-10-09,2026-10-09
sh.600378,2026-10-09,2026-10-09
sh.600379,2026-10-09,2026-10-09
sh.600380,2026-10-09,2026-10-09
sh.600381,2026-10-09,2026-10-09
sh.600382,2026-10-09,2026-10-09
sh.600383,2026-10-09,2026-10-09
sh.600385,2022-07-07,2026-10-09
sh.600386,2026-10-09,2026-10-09
sh.600387,2025-07-11,2026-10-09
sh.600388,2026-10-09,2026-10-09
sh.600389,2026-10-09,2026-10-09
sh.600390,2026-10-09,2026-10-09
sh.600391,2026-10-09,2026-10-09
sh.600392,2026-10-09,2026-10-09
sh.600393,2023-07-18,2026-10-09
sh.600395,2026-10-09,2026-10-09
sh.600396,2026-10-09,2026-10-09
sh.600397,2026-10-09,2026-10-09
sh.600398,2026-10-09,2026-10-09
sh.600399,2026-10-09,2026-10-09
sh.600400,2026-10-09,2026-10-09
sh.600401,2019-07-12,2026-10-09
sh.600403,2026-10-09,2026-10-09
sh.600405,2026-10-09,2026-10-09
sh.600406,2026-10-09,2026-10-09
sh.600408,2026-10-09,2026-10-09
sh.600409,2026-10-09,2026-10-09
sh.600410,2026-10-09,2026-10-09
sh.600415,2026-10-09,2026-10-09
sh.600416,2026-10-09,2026-10-09
sh.600418,2026-10-09,2026-10-09
sh.600419,2026-10-09,2026-10-09
sh.600420,2026-10-09,2026-10-09
sh.600421,2026-06-26,2026-10-09
sh.600422,2026-10-09,2026-10-09
sh.600423,2026-10-09,2026-10-09
sh.600425,2026-10-09,2026-10-09
sh.600426,2026-10-09,2026-10-09
sh.600428,2026-10-09,2026-10-09
sh.600429,2026-10-09,2026-10-09
sh.600432,2018-07-13,2026-10-09
sh.600433,2026-10-09,2026-10-09
sh.600435,2026-10-09,2026-10-09
sh.600436,2026-10-09,2026-10-09
sh.600438,2026-10-09,2026-10-09
sh.600439,2026-10-09,2026-10-09
sh.600444,2026-10-09,2026-10-09
sh.600446,2026-10-09,2026-10-09
sh.600448,2026-10-09,2026-10-09
sh.600449,2026-10-09,2026-10-09
sh.600452,2026-10-09,2026-10-09
sh.600455,2026-10-09,2026-10-09
sh.600456,2026-10-09,2026-10-09
sh.600458,2026-10-09,2026-10-09
sh.600459,2026-10-09,2026-10-09
sh.600460,2026-10-09,2026-10-09
sh.600461,2026-10-09,2026-10-09
sh.600462,2025-07-21,2026-10-09
sh.600463,2026-10-09,2026-10-09
sh.600466,2023-06-06,2026-10-09
sh.600467,2026-10-09,2026-10-09
sh.600468,2026-10-09,2026-10-09
sh.600469,2026-10-09,2026-10-09
sh.600470,2026-10-09,2026-10-09
sh.600475,2026-10-09,2026-10-09
sh.600476,2026-10-09,2026-10-09
sh.600477,2026-10-09,2026-10-09
sh.600478,2026-10-09,2026-10-09
sh.600479,2026-10-09,2026-10-09
sh.600480,2026-10-09,2026-10-09
sh.600481,2026-10-09,2026-10-09
sh.600482,2026-10-09,2026-10-09
sh.600483,2026-10-09,2026-10-09
sh.600485,2021-06-01,2026-10-09
sh.600486,2026-10-09,2026-10-09
sh.600487,2026-10-09,2026-10-09
sh.600488,2026-10-09,2026-10-09
sh.600489,2026-10-09,2026-10-09
sh.600490,2026-10-09,2026-10-09
sh.600491,2026-10-09,2026-10-09
sh.600493,2026-10-09,2026-10-09
sh.600495,2026-10-09,2026-10-09
sh.600496,2026-10-09,2026-10-09
sh.600497,2026-10-09,2026-10-09
sh.600498,2026-10-09,2026-10-09
sh.600499,2026-10-09,2026-10-09
sh.600500,2026-10-09,2026-10-09
sh.600501,2026-10-09,2026-10-09
sh.600502,2026-10-09,2026-10-09
sh.600503,2026-10-09,2026-10-09
sh.600505,2026-10-09,2026-10-09
sh.600506,2026-10-09,2026-10-09
sh.600507,2026-10-09,2026-10-09
sh.600508,2026-10-09,2026-10-09
sh.600509,2026-10-09,2026-10-09
sh.600510,2026-10-09,2026-10-09
sh.600511,2026-10-09,2026-10-09
sh.600512,2026-10-09,2026-10-09
sh.600513,2026-10-09,2026-10-09
sh.600515,2026-10-09,2026-10-09
sh.600516,2026-10-09,2026-10-09
sh.600517,2026-10-09,2026-10-09
sh.600518,2026-10-09,2026-10-09
sh.600519,2026-10-09,2026-10-09
sh.600520,2026-10-09,2026-10-09
sh.600521,2026-10-09,2026-10-09
sh.600522,2026-10-09,2026-10-09
sh.600523,2026-10-09,2026-10-09
sh.600525,2026-10-09,2026-10-09
sh.600526,2026-10-09,2026-10-09
sh.600527,2026-10-09,2026-10-09
sh.600528,2026-10-09,2026-10-09
sh.600529,2026-10-09,2026-10-09
sh.600530,2026-10-09,2026-10-09
sh.600531,2026-10-09,2026-10-09
sh.600532,2023-06-28,2026-10-09
sh.600533,2026-10-09,2026-10-09
sh.600535,2026-10-09,2026-10-09
sh.600536,2026-10-09,2026-10-09
sh.600537,2026-10-09,2026-10-09
sh.600538,2026-10-09,2026-10-09
sh.600539,2026-10-09,2026-10-09
sh.600540,2026-10-09,2026-10-09
sh.600543,2026-10-09,2026-10-09
sh.600545,2026-10-09,2026-10-09
sh.600546,2026-10-09,2026-10-09
sh.600547,2026-10-09,2026-10-09
sh.600548,2026-10-09,2026-10-09
sh.600549,2026-10-09,2026-10-09
sh.600550,2026-10-09,2026-10-09
sh.600551,2026-10-09,2026-10-09
sh.600552,2026-10-09,2026-10-09
sh.600555,2022-07-13,2026-10-09
sh.600556,2026-10-09,2026-10-09
sh.600557,2026-10-09,2026-10-09
sh.600558,2026-10-09,2026-10-09
sh.600559,2026-10-09,2026-10-09
sh.600560,2026-10-09,2026-10-09
sh.600561,2026-10-09,2026-10-09
sh.600562,2026-10-09,2026-10-09
sh.600563,2026-10-09,2026-10-09
sh.600565,2024-08-07,2026-10-09
sh.600566,2026-10-09,2026-10-09
sh.600567,2026-10-09,2026-10-09
sh.600568,2026-10-09,2026-10-09
sh.600569,2026-10-09,2026-10-09
sh.600570,2026-10-09,2026-10-09
sh.600571,2026-10-09,2026-10-09
sh.600572,2026-10-09,2026-10-09
sh.600573,2026-10-09,2026-10-09
sh.600575,2026-10-09,2026-10-09
sh.600576,2026-10-09,2026-10-09
sh.600577,2026-10-09,2026-10-09
sh.600578,2026-10-09,2026-10-09
sh.600579,2026-10-09,2026-10-09
sh.600580,2026-10-09,2026-10-09
sh.600581,2026-10-09,2026-10-09
sh.600582,2026-10-09,2026-10-09
sh.600583,2026-10-09,2026-10-09
sh.600584,2026-10-09,2026-10-09
sh.600585,2026-10-09,2026-10-09
sh.600586,2026-10-09,2026-10-09
sh.600587,2026-10-09,2026-10-09
sh.600588,2026-10-09,2026-10-09
sh.600589,2026-10-09,2026-10-09
sh.600590,2026-10-09,2026-10-09
sh.600592,2026-10-09,2026-10-09
sh.600593,2026-10-09,2026-10-09
sh.600594,2026-10-09,2026-10-09
sh.600595,2026-10-09,2026-10-09
sh.600596,2026-10-09,2026-10-09
sh.600597,2026-10-09,2026-10-09
sh.600598,2026-10-09,2026-10-09
sh.600599,2026-06-26,2026-10-09
sh.600600,2026-10-09,2026-10-09
sh.600601,2026-10-09,2026-10-09
sh.600602,2026-10-09,2026-10-09
sh.600603,2026-10-09,2026-10-09
sh.600604,2026-10-09,2026-10-09
sh.600605,2026-10-09,2026-10-09
sh.600606,2026-10-09,2026-10-09
sh.600608,2026-07-03,2026-10-09
sh.600609,2026-10-09,2026-10-09
sh.600610,2026-10-09,2026-10-09
sh.600611,2026-10-09,2026-10-09
sh.600612,2026-10-09,2026-10-09
sh.600613,2026-10-09,2026-10-09
sh.600614,2021-07-21,2026-10-09
sh.600615,2026-10-09,2026-10-09
sh.600616,2026-10-09,2026-10-09
sh.600617,2026-10-09,2026-10-09
sh.600618,2026-10-09,2026-10-09
sh.600619,2026-10-09,2026-10-09
sh.600620,2026-10-09,2026-10-09
sh.600621,2026-10-09,2026-10-09
sh.600622,2026-10-09,2026-10-09
sh.600623,2026-10-09,2026-10-09
sh.600624,2026-10-09,2026-10-09
sh.600626,2026-10-09,2026-10-09
sh.600628,2026-10-09,2026-10-09
sh.600629,2026-10-09,2026-10-09
sh.600630,2026-10-09,2026-10-09
sh.600633,2026-10-09,2026-10-09
sh.600634,2021-07-21,2026-10-09
sh.600635,2026-10-09,2026-10-09
sh.600636,2026-06-29,2026-10-09
sh.600637,2026-10-09,2026-10-09
sh.600638,2026-10-09,2026-10-09
sh.600639,2026-10-09,2026-10-09
sh.600640,2026-10-09,2026-10-09
sh.600641,2026-10-09,2026-10-09
sh.600642,2026-10-09,2026-10-09
sh.600643,2026-10-09,2026-10-09
sh.600644,2026-10-09,2026-10-09
sh.600645,2026-10-09,2026-10-09
sh.600647,2024-07-03,2026-10-09
sh.600648,2026-10-09,2026-10-09
sh.600649,2026-10-09,2026-10-09
sh.600650,2026-10-09,2026-10-09
sh.600651,2026-10-09,2026-10-09
sh.600652,2022-06-21,2026-10-09
sh.600653,2026-10-09,2026-10-09
sh.600654,2026-10-09,2026-10-09
sh.600655,2026-10-09,2026-10-09
sh.600656,2016-05-13,2026-10-09
sh.600657,2026-10-09,2026-10-09
sh.600658,2026-10-09,2026-10-09
sh.600660,2026-10-09,2026-10-09
sh.600661,2026-10-09,2026-10-09
sh.600662,2026-10-09,2026-10-09
sh.600663,2026-10-09,2026-10-09
sh.600664,2026-10-09,2026-10-09
sh.600665,2026-10-09,2026-10-09
sh.600666,2026-10-09,2026-10-09
sh.600667,2026-10-09,2026-10-09
sh.600668,2026-10-09,2026-10-09
sh.600671,2026-10-09,2026-10-09
sh.600673,2026-10-09,2026-10-09
sh.600674,2026-10-09,2026-10-09
sh.600675,2026-10-09,2026-10-09
sh.600676,2026-10-09,2026-10-09
sh.600677,2021-03-18,2026-10-09
sh.600678,2026-10-09,2026-10-09
sh.600679,2026-10-09,2026-10-09
sh.600680,2019-05-24,2026-10-09
sh.600681,2026-10-09,2026-10-09
sh.600682,2026-10-09,2026-10-09
sh.600683,2026-10-09,2026-10-09
sh.600684,2026-10-09,2026-10-09
sh.600685,2026-10-09,2026-10-09
sh.600686,2026-10-09,2026-10-09
sh.600687,2021-03-03,2026-10-09
sh.600688,2026-10-09,2026-10-09
sh.600689,2026-10-09,2026-10-09
sh.600690,2026-10-09,2026-10-09
sh.600691,2026-10-09,2026-10-09
sh.600692,2026-10-09,2026-10-09
sh.600693,2026-10-09,2026-10-09
sh.600694,2026-10-09,2026-10-09
sh.600695,2022-06-14,2026-10-09
sh.600696,2026-06-29,2026-10-09
sh.600697,2026-10-09,2026-10-09
sh.600698,2026-10-09,2026-10-09
sh.600699,2026-10-09,2026-10-09
sh.600701,2021-04-30,2026-10-09
sh.600702,2026-10-09,2026-10-09
sh.600703,2026-10-09,2026-10-09
sh.600704,2026-10-09,2026-10-09
sh.600705,2025-05-27,2026-10-09
sh.600706,2026-10-09,2026-10-09
sh.600707,2026-10-09,2026-10-09
sh.600708,2026-10-09,2026-10-09
sh.600710,2026-10-09,2026-10-09
sh.600711,2026-10-09,2026-10-09
sh.600712,2026-10-09,2026-10-09
sh.600713,2026-10-09,2026-10-09
sh.600714,2026-10-09,2026-10-09
sh.600715,2026-10-09,2026-10-09
sh.600716,2026-10-09,2026-10-09
sh.600717,2026-10-09,2026-10-09
sh.600718,2026-10-09,2026-10-09
sh.600719,2026-10-09,2026-10-09
sh.600720,2026-10-09,2026-10-09
sh.600721,2026-10-09,2026-10-09
sh.600722,2026-10-09,2026-10-09
sh.600723,2021-10-22,2026-10-09
sh.600724,2026-10-09,2026-10-09
sh.600725,2026-10-09,2026-10-09
sh.600726,2026-10-09,2026-10-09
sh.600727,2026-10-09,2026-10-09
sh.600728,2026-10-09,2026-10-09
sh.600729,2026-10-09,2026-10-09
sh.600730,2026-10-09,2026-10-09
sh.600731,2026-10-09,2026-10-09
sh.600732,2026-10-09,2026-10-09
sh.600733,2026-10-09,2026-10-09
sh.600734,2026-10-09,2026-10-09
sh.600735,2026-10-09,2026-10-09
sh.600736,2026-10-09,2026-10-09
sh.600737,2026-10-09,2026-10-09
sh.600738,2026-10-09,2026-10-09
sh.600739,2026-10-09,2026-10-09
sh.600740,2026-10-09,2026-10-09
sh.600741,2026-10-09,2026-10-09
sh.600742,2026-10-09,2026-10-09
sh.600743,2026-10-09,2026-10-09
sh.600744,2026-10-09,2026-10-09
sh.600745,2026-10-09,2026-10-09
sh.600746,2026-10-09,2026-10-09
sh.600747,2019-12-12,2026-10-09
sh.600748,2026-10-09,2026-10-09
sh.600749,2026-10-09,2026-10-09
sh.600750,2026-10-09,2026-10-09
sh.600751,2026-10-09,2026-10-09
sh.600753,2026-10-09,2026-10-09
sh.600754,2026-10-09,2026-10-09
sh.600755,2026-10-09,2026-10-09
sh.600756,2026-10-09,2026-10-09
sh.600757,2026-10-09,2026-10-09
sh.600758,2026-10-09,2026-10-09
sh.600759,2026-10-09,2026-10-09
sh.600760,2026-10-09,2026-10-09
sh.600761,2026-10-09,2026-10-09
sh.600763,2026-10-09,2026-10-09
sh.600764,2026-10-09,2026-10-09
sh.600765,2026-10-09,2026-10-09
sh.600766,2024-07-03,2026-10-09
sh.600767,2023-06-29,2026-10-09
sh.600768,2026-10-09,2026-10-09
sh.600769,2026-10-09,2026-10-09
sh.600770,2026-10-09,2026-10-09
sh.600771,2026-10-09,2026-10-09
sh.600773,2026-10-09,2026-10-09
sh.600774,2026-10-09,2026-10-09
sh.600775,2026-10-09,2026-10-09
sh.600776,2026-10-09,2026-10-09
sh.600777,2026-10-09,2026-10-09
sh.600778,2026-10-09,2026-10-09
sh.600779,2026-10-09,2026-10-09
sh.600780,2026-10-09,2026-10-09
sh.600781,2023-06-28,2026-10-09
sh.600782,2026-10-09,2026-10-09
sh.600783,2026-10-09,2026-10-09
sh.600784,2026-10-09,2026-10-09
sh.600785,2026-10-09,2026-10-09
sh.600787,2026-10-09,2026-10-09
sh.600789,2026-10-09,2026-10-09
sh.600790,2026-10-09,2026-10-09
sh.600791,2026-10-09,2026-10-09
sh.600792,2026-10-09,2026-10-09
sh.600793,2026-10-09,2026-10-09
sh.600794,2026-10-09,2026-10-09
sh.600795,2026-10-09,2026-10-09
sh.600796,2026-10-09,2026-10-09
sh.600797,2026-10-09,2026-10-09
sh.600798,2026-10-09,2026-10-09
sh.600800,2026-10-09,2026-10-09
sh.600801,2026-10-09,2026-10-09
sh.600802,2026-10-09,2026-10-09
sh.600803,2026-10-09,2026-10-09
sh.600804,2025-07-03,2026-10-09
sh.600805,2026-10-09,2026-10-09
sh.600806,2018-07-13,2026-10-09
sh.600807,2026-10-09,2026-10-09
sh.600808,2026-10-09,2026-10-09
sh.600809,2026-10-09,2026-10-09
sh.600810,2026-10-09,2026-10-09
sh.600811,2025-04-30,2026-10-09
sh.600812,2026-10-09,2026-10-09
sh.600814,2026-10-09,2026-10-09
sh.600815,2026-10-09,2026-10-09
sh.600816,2026-10-09,2026-10-09
sh.600817,2026-10-09,2026-10-09
sh.600818,2026-10-09,2026-10-09
sh.600819,2026-10-09,2026-10-09
sh.600820,2026-10-09,2026-10-09
sh.600821,2026-10-09,2026-10-09
sh.600822,2026-10-09,2026-10-09
sh.600823,2024-06-14,2026-10-09
sh.600824,2026-10-09,2026-10-09
sh.600825,2026-10-09,2026-10-09
sh.600826,2026-10-09,2026-10-09
sh.600827,2026-10-09,2026-10-09
sh.600828,2026-10-09,2026-10-09
sh.600829,2026-10-09,2026-10-09
sh.600830,2026-10-09,2026-10-09
sh.600831,2026-10-09,2026-10-09
sh.600832,2015-05-20,2026-10-09
sh.600833,2026-10-09,2026-10-09
sh.600834,2026-10-09,2026-10-09
sh.600835,2026-10-09,2026-10-09
sh.600836,2024-07-11,2026-10-09
sh.600837,2025-03-04,2026-10-09
sh.600838,2026-10-09,2026-10-09
sh.600839,2026-10-09,2026-10-09
sh.600841,2026-10-09,2026-10-09
sh.600843,2026-10-09,2026-10-09
sh.600844,2026-10-09,2026-10-09
sh.600845,2026-10-09,2026-10-09
sh.600846,2026-10-09,2026-10-09
sh.600847,2026-10-09,2026-10-09
sh.600848,2026-10-09,2026-10-09
sh.600850,2026-10-09,2026-10-09
sh.600851,2026-10-09,2026-10-09
sh.600853,2026-10-09,2026-10-09
sh.600854,2026-10-09,2026-10-09
sh.600855,2026-10-09,2026-10-09
sh.600856,2022-06-22,2026-10-09
sh.600857,2026-10-09,2026-10-09
sh.600858,2026-10-09,2026-10-09
sh.600859,2026-10-09,2026-10-09
sh.600860,2026-10-09,2026-10-09
sh.600861,2026-10-09,2026-10-09
sh.600862,2026-10-09,2026-10-09
sh.600863,2026-10-09,2026-10-09
sh.600864,2026-10-09,2026-10-09
sh.600865,2026-10-09,2026-10-09
sh.600866,2026-10-09,2026-10-09
sh.600867,2026-10-09,2026-10-09
sh.600868,2026-10-09,2026-10-09
sh.600869,2026-10-09,2026-10-09
sh.600870,2022-06-30,2026-10-09
sh.600871,2026-10-09,2026-10-09
sh.600872,2026-10-09,2026-10-09
sh.600873,2026-10-09,2026-10-09
sh.600874,2026-10-09,2026-10-09
sh.600875,2026-10-09,2026-10-09
sh.600876,2026-10-09,2026-10-09
sh.600877,2026-10-09,2026-10-09
sh.600879,2026-10-09,2026-10-09
sh.600880,2026-10-09,2026-10-09
sh.600881,2026-10-09,2026-10-09
sh.600882,2026-10-09,2026-10-09
sh.600883,2026-10-09,2026-10-09
sh.600884,2026-10-09,2026-10-09
sh.600885,2026-10-09,2026-10-09
sh.600886,2026-10-09,2026-10-09
sh.600887,2026-10-09,2026-10-09
sh.600888,2026-10-09,2026-10-09
sh.600889,2026-10-09,2026-10-09
sh.600890,2022-06-21,2026-10-09
sh.600891,2021-05-12,2026-10-09
sh.600892,2026-10-09,2026-10-09
sh.600893,2026-10-09,2026-10-09
sh.600894,2026-10-09,2026-10-09
sh.600895,2026-10-09,2026-10-09
sh.600896,2022-07-25,2026-10-09
sh.600897,2026-10-09,2026-10-09
sh.600898,2025-02-10,2026-10-09
sh.600900,2026-10-09,2026-10-09
sh.600901,2026-10-09,2026-10-09
sh.600903,2026-10-09,2026-10-09
sh.600905,2026-10-09,2026-10-09
sh.600906,2026-10-09,2026-10-09
sh.600908,2026-10-09,2026-10-09
sh.600909,2026-10-09,2026-10-09
sh.600916,2026-10-09,2026-10-09
sh.600917,2026-10-09,2026-10-09
sh.600918,2026-10-09,2026-10-09
sh.600919,2026-10-09,2026-10-09
sh.600925,2026-10-09,2026-10-09
sh.600926,2026-10-09,2026-10-09
sh.600927,2026-10-09,2026-10-09
sh.600928,2026-10-09,2026-10-09
sh.600929,2026-10-09,2026-10-09
sh.600930,2026-10-09,2026-10-09
sh.600933,2026-10-09,2026-10-09
sh.600935,2026-10-09,2026-10-09
sh.600936,2026-10-09,2026-10-09
sh.600938,2026-10-09,2026-10-09
sh.600939,2026-10-09,2026-10-09
sh.600941,2026-10-09,2026-10-09
sh.600955,2026-10-09,2026-10-09
sh.600956,2026-10-09,2026-10-09
sh.600958,2026-10-09,2026-10-09
sh.600959,2026-10-09,2026-10-09
sh.600960,2026-10-09,2026-10-09
sh.600961,2026-10-09,2026-10-09
sh.600962,2026-10-09,2026-10-09
sh.600963,2026-10-09,2026-10-09
sh.600965,2026-10-09,2026-10-09
sh.600966,2026-10-09,2026-10-09
sh.600967,2026-10-09,2026-10-09
sh.600968,2026-10-09,2026-10-09
sh.600969,2026-10-09,2026-10-09
sh.600970,2026-10-09,2026-10-09
sh.600971,2026-10-09,2026-10-09
sh.600973,2026-10-09,2026-10-09
sh.600975,2026-10-09,2026-10-09
sh.600976,2026-10-09,2026-10-09
sh.600977,2026-10-09,2026-10-09
sh.600978,2021-03-22,2026-10-09
sh.600979,2026-10-09,2026-10-09
sh.600980,2026-10-09,2026-10-09
sh.600981,2026-10-09,2026-10-09
sh.600982,2026-10-09,2026-10-09
sh.600983,2026-10-09,2026-10-09
sh.600984,2026-10-09,2026-10-09
sh.600985,2026-10-09,2026-10-09
sh.600986,2026-10-09,2026-10-09
sh.600987,2026-10-09,2026-10-09
sh.600988,2026-10-09,2026-10-09
sh.600989,2026-10-09,2026-10-09
sh.600990,2026-10-09,2026-10-09
sh.600992,2026-10-09,2026-10-09
sh.600993,2026-10-09,2026-10-09
sh.600995,2026-10-09,2026-10-09
sh.600996,2026-10-09,2026-10-09
sh.600997,2026-10-09,2026-10-09
sh.600998,2026-10-09,2026-10-09
sh.600999,2026-10-09,2026-10-09
sh.601000,2026-10-09,2026-10-09
sh.601001,2026-10-09,2026-10-09
sh.601002,2026-10-09,2026-10-09
sh.601003,2026-10-09,2026-10-09
sh.601005,2026-10-09,2026-10-09
sh.601006,2026-10-09,2026-10-09
sh.601007,2026-10-09,2026-10-09
sh.601008,2026-10-09,2026-10-09
sh.601009,2026-10-09,2026-10-09
sh.601010,2026-10-09,2026-10-09
sh.601011,2026-10-09,2026-10-09
sh.601012,2026-10-09,2026-10-09
sh.601015,2026-10-09,2026-10-09
sh.601016,2026-10-09,2026-10-09
sh.601018,2026-10-09,2026-10-09
sh.601019,2026-10-09,2026-10-09
sh.601020,2026-10-09,2026-10-09
sh.601021,2026-10-09,2026-10-09
sh.601022,2026-10-09,2026-10-09
sh.601026,2026-10-09,2026-10-09
sh.601028,2025-05-27,2026-10-09
sh.601033,2026-10-09,2026-10-09
sh.601038,2026-10-09,2026-10-09
sh.601058,2026-10-09,2026-10-09
sh.601059,2026-10-09,2026-10-09
sh.601061,2026-10-09,2026-10-09
sh.601065,2026-10-09,2026-10-09
sh.601066,2026-10-09,2026-10-09
sh.601068,2026-10-09,2026-10-09
sh.601069,2026-10-09,2026-10-09
sh.601077,2026-10-09,2026-10-09
sh.601083,2026-10-09,2026-10-09
sh.601086,2026-10-09,2026-10-09
sh.601088,2026-10-09,2026-10-09
sh.601089,2026-10-09,2026-10-09
sh.601091,2026-10-09,2026-10-09
sh.601096,2026-10-09,2026-10-09
sh.601098,2026-10-09,2026-10-09
sh.601099,2026-10-09,2026-10-09
sh.601100,2026-10-09,2026-10-09
sh.601101,2026-10-09,2026-10-09
sh.601106,2026-10-09,2026-10-09
sh.601107,2026-10-09,2026-10-09
sh.601108,2026-10-09,2026-10-09
sh.601111,2026-10-09,2026-10-09
sh.601112,2026-10-09,2026-10-09
sh.601113,2026-10-09,2026-10-09
sh.601116,2026-10-09,2026-10-09
sh.601117,2026-10-09,2026-10-09
sh.601118,2026-10-09,2026-10-09
sh.601121,2026-10-09,2026-10-09
sh.601123,2026-10-09,2026-10-09
sh.601126,2026-10-09,2026-10-09
sh.601127,2026-10-09,2026-10-09
sh.601128,2026-10-09,2026-10-09
sh.601133,2026-10-09,2026-10-09
sh.601136,2026-10-09,2026-10-09
sh.601137,2026-10-09,2026-10-09
sh.601138,2026-10-09,2026-10-09
sh.601139,2026-10-09,2026-10-09
sh.601155,2026-10-09,2026-10-09
sh.601156,2026-10-09,2026-10-09
sh.601158,2026-10-09,2026-10-09
sh.601162,2026-10-09,2026-10-09
sh.601163,2026-10-09,2026-10-09
sh.601166,2026-10-09,2026-10-09
sh.601168,2026-10-09,2026-10-09
sh.601169,2026-10-09,2026-10-09
sh.601177,2026-10-09,2026-10-09
sh.601179,2026-10-09,2026-10-09
sh.601186,2026-10-09,2026-10-09
sh.601187,2026-10-09,2026-10-09
sh.601188,2026-10-09,2026-10-09
sh.601198,2026-10-09,2026-10-09
sh.601199,2026-10-09,2026-10-09
sh.601200,2026-10-09,2026-10-09
sh.601208,2026-10-09,2026-10-09
sh.601211,2026-10-09,2026-10-09
sh.601212,2026-10-09,2026-10-09
sh.601216,2026-10-09,2026-10-09
sh.601218,2026-10-09,2026-10-09
sh.601222,2026-10-09,2026-10-09
sh.601225,2026-10-09,2026-10-09
sh.601226,2026-10-09,2026-10-09
sh.601228,2026-10-09,2026-10-09
sh.601229,2026-10-09,2026-10-09
sh.601231,2026-10-09,2026-10-09
sh.601233,2026-10-09,2026-10-09
sh.601236,2026-10-09,2026-10-09
sh.601238,2026-10-09,2026-10-09
sh.601258,2023-06-30,2026-10-09
sh.601268,2015-05-21,2026-10-09
sh.601279,2026-10-09,2026-10-09
sh.601288,2026-10-09,2026-10-09
sh.601298,2026-10-09,2026-10-09
sh.601299,2015-05-20,2026-10-09
sh.601311,2026-10-09,2026-10-09
sh.601318,2026-10-09,2026-10-09
sh.601319,2026-10-09,2026-10-09
sh.601326,2026-10-09,2026-10-09
sh.601328,2026-10-09,2026-10-09
sh.601330,2026-10-09,2026-10-09
sh.601333,2026-10-09,2026-10-09
sh.601336,2026-10-09,2026-10-09
sh.601339,2026-10-09,2026-10-09
sh.601360,2026-10-09,2026-10-09
sh.601366,2026-10-09,2026-10-09
sh.601368,2026-10-09,2026-10-09
sh.601369,2026-10-09,2026-10-09
sh.601375,2026-10-09,2026-10-09
sh.601377,2026-10-09,2026-10-09
sh.601388,2026-10-09,2026-10-09
sh.601390,2026-10-09,2026-10-09
sh.601398,2026-10-09,2026-10-09
sh.601399,2026-10-09,2026-10-09
sh.601456,2026-10-09,2026-10-09
sh.601500,2026-10-09,2026-10-09
sh.601512,2026-10-09,2026-10-09
sh.601515,2026-10-09,2026-10-09
sh.601518,2026-10-09,2026-10-09
sh.601519,2026-10-09,2026-10-09
sh.601528,2026-10-09,2026-10-09
sh.601555,2026-10-09,2026-10-09
sh.601558,2020-07-02,2026-10-09
sh.601566,2026-10-09,2026-10-09
sh.601567,2026-10-09,2026-10-09
sh.601568,2026-10-09,2026-10-09
sh.601577,2026-10-09,2026-10-09
sh.601579,2026-10-09,2026-10-09
sh.601588,2026-10-09,2026-10-09
sh.601595,2026-10-09,2026-10-09
sh.601598,2026-10-09,2026-10-09
sh.601599,2026-10-09,2026-10-09
sh.601600,2026-10-09,2026-10-09
sh.601601,2026-10-09,2026-10-09
sh.601606,2026-10-09,2026-10-09
sh.601607,2026-10-09,2026-10-09
sh.601608,2026-10-09,2026-10-09
sh.601609,2026-10-09,2026-10-09
sh.601611,2026-10-09,2026-10-09
sh.601615,2026-10-09,2026-10-09
sh.601616,2026-10-09,2026-10-09
sh.601618,2026-10-09,2026-10-09
sh.601619,2026-10-09,2026-10-09
sh.601628,2026-10-09,2026-10-09
sh.601633,2026-10-09,2026-10-09
sh.601636,2026-10-09,2026-10-09
sh.601658,2026-10-09,2026-10-09
sh.601665,2026-10-09,2026-10-09
sh.601666,2026-10-09,2026-10-09
sh.601668,2026-10-09,2026-10-09
sh.601669,2026-10-09,2026-10-09
sh.601677,2026-10-09,2026-10-09
sh.601678,2026-10-09,2026-10-09
sh.601686,2026-10-09,2026-10-09
sh.601688,2026-10-09,2026-10-09
sh.601689,2026-10-09,2026-10-09
sh.601696,2026-10-09,2026-10-09
sh.601698,2026-10-09,2026-10-09
sh.601699,2026-10-09,2026-10-09
sh.601700,2026-10-09,2026-10-09
sh.601702,2026-10-09,2026-10-09
sh.601717,2026-10-09,2026-10-09
sh.601718,2026-10-09,2026-10-09
sh.601727,2026-10-09,2026-10-09
sh.601728,2026-10-09,2026-10-09
sh.601766,2026-10-09,2026-10-09
sh.601777,2026-10-09,2026-10-09
sh.601778,2026-10-09,2026-10-09
sh.601788,2026-10-09,2026-10-09
sh.601789,2026-10-09,2026-10-09
sh.601798,2026-10-09,2026-10-09
sh.601799,2026-10-09,2026-10-09
sh.601800,2026-10-09,2026-10-09
sh.601801,2026-10-09,2026-10-09
sh.601808,2026-10-09,2026-10-09
sh.601811,2026-10-09,2026-10-09
sh.601816,2026-10-09,2026-10-09
sh.601818,2026-10-09,2026-10-09
sh.601825,2026-10-09,2026-10-09
sh.601827,2026-10-09,2026-10-09
sh.601828,2026-10-09,2026-10-09
sh.601838,2026-10-09,2026-10-09
sh.601857,2026-10-09,2026-10-09
sh.601858,2026-10-09,2026-10-09
sh.601860,2026-10-09,2026-10-09
sh.601865,2026-10-09,2026-10-09
sh.601866,2026-10-09,2026-10-09
sh.601868,2026-10-09,2026-10-09
sh.601869,2026-10-09,2026-10-09
sh.601872,2026-10-09,2026-10-09
sh.601877,2026-10-09,2026-10-09
sh.601878,2026-10-09,2026-10-09
sh.601880,2026-10-09,2026-10-09
sh.601881,2026-10-09,2026-10-09
sh.601882,2026-10-09,2026-10-09
sh.601886,2026-10-09,2026-10-09
sh.601888,2026-10-09,2026-10-09
sh.601890,2026-10-09,2026-10-09
sh.601898,2026-10-09,2026-10-09
sh.601899,2026-10-09,2026-10-09
sh.601900,2026-10-09,2026-10-09
sh.601901,2026-10-09,2026-10-09
sh.601908,2026-10-09,2026-10-09
sh.601916,2026-10-09,2026-10-09
sh.601918,2026-10-09,2026-10-09
sh.601919,2026-10-09,2026-10-09
sh.601921,2026-10-09,2026-10-09
sh.601928,2026-10-09,2026-10-09
sh.601929,2026-10-09,2026-10-09
sh.601933,2026-10-09,2026-10-09
sh.601939,2026-10-09,2026-10-09
sh.601949,2026-10-09,2026-10-09
sh.601952,2026-10-09,2026-10-09
sh.601956,2026-10-09,2026-10-09
sh.601958,2026-10-09,2026-10-09
sh.601963,2026-10-09,2026-10-09
sh.601965,2026-10-09,2026-10-09
sh.601966,2026-10-09,2026-10-09
sh.601968,2026-10-09,2026-10-09
sh.601969,2026-10-09,2026-10-09
sh.601975,2026-10-09,2026-10-09
sh.601985,2026-10-09,2026-10-09
sh.601988,2026-10-09,2026-10-09
sh.601989,2025-09-05,2026-10-09
sh.601990,2026-10-09,2026-10-09
sh.601991,2026-10-09,2026-10-09
sh.601992,2026-10-09,2026-10-09
sh.601995,2026-10-09,2026-10-09
sh.601996,2026-10-09,2026-10-09
sh.601997,2026-10-09,2026-10-09
sh.601998,2026-10-09,2026-10-09
sh.601999,2026-10-09,2026-10-09
sh.603000,2026-10-09,2026-10-09
sh.603001,2026-10-09,2026-10-09
sh.603002,2026-10-09,2026-10-09
sh.603003,2025-07-03,2026-10-09
sh.603004,2026-10-09,2026-10-09
sh.603005,2026-10-09,2026-10-09
sh.603006,2026-10-09,2026-10-09
sh.603007,2026-10-09,2026-10-09
sh.603008,2026-10-09,2026-10-09
sh.603009,2026-10-09,2026-10-09
sh.603010,2026-10-09,2026-10-09
sh.603011,2026-10-09,2026-10-09
sh.603012,2026-10-09,2026-10-09
sh.603013,2026-10-09,2026-10-09
sh.603014,2026-10-09,2026-10-09
sh.603015,2026-10-09,2026-10-09
sh.603016,2026-10-09,2026-10-09
sh.603017,2026-10-09,2026-10-09
sh.603018,2026-10-09,2026-10-09
sh.603019,2026-10-09,2026-10-09
sh.603020,2026-10-09,2026-10-09
sh.603021,2026-10-09,2026-10-09
sh.603022,2026-10-09,2026-10-09
sh.603023,2026-10-09,2026-10-09
sh.603025,2026-10-09,2026-10-09
sh.603026,2026-10-09,2026-10-09
sh.603027,2026-10-09,2026-10-09
sh.603028,2026-10-09,2026-10-09
sh.603029,2026-10-09,2026-10-09
sh.603030,2026-10-09,2026-10-09
sh.603031,2026-10-09,2026-10-09
sh.603032,2026-10-09,2026-10-09
sh.603033,2026-10-09,2026-10-09
sh.603035,2026-10-09,2026-10-09
sh.603036,2026-10-09,2026-10-09
sh.603037,2026-10-09,2026-10-09
sh.603038,2026-10-09,2026-10-09
sh.603039,2026-10-09,2026-10-09
sh.603040,2026-10-09,2026-10-09
sh.603041,2026-10-09,2026-10-09
sh.603042,2026-10-09,2026-10-09
sh.603043,2026-10-09,2026-10-09
sh.603045,2026-10-09,2026-10-09
sh.603048,2026-10-09,2026-10-09
sh.603049,2026-10-09,2026-10-09
sh.603050,2026-10-09,2026-10-09
sh.603051,2026-10-09,2026-10-09
sh.603052,2026-10-09,2026-10-09
sh.603053,2026-10-09,2026-10-09
sh.603055,2026-10-09,2026-10-09
sh.603056,2026-03-31,2026-10-09
sh.603057,2026-10-09,2026-10-09
sh.603058,2026-10-09,2026-10-09
sh.603059,2026-10-09,2026-10-09
sh.603060,2026-10-09,2026-10-09
sh.603061,2026-10-09,2026-10-09
sh.603062,2026-10-09,2026-10-09
sh.603063,2026-10-09,2026-10-09
sh.603065,2026-10-09,2026-10-09
sh.603066,2026-10-09,2026-10-09
sh.603067,2026-10-09,2026-10-09
sh.603068,2026-10-09,2026-10-09
sh.603069,2026-10-09,2026-10-09
sh.603070,2026-10-09,2026-10-09
sh.603071,2026-10-09,2026-10-09
sh.603072,2026-10-09,2026-10-09
sh.603073,2026-10-09,2026-10-09
sh.603075,2026-10-09,2026-10-09
sh.603076,2026-10-09,2026-10-09
sh.603077,2026-10-09,2026-10-09
sh.603078,2026-10-09,2026-10-09
sh.603079,2026-10-09,2026-10-09
sh.603080,2026-10-09,2026-10-09
sh.603081,2026-10-09,2026-10-09
sh.603082,2026-10-09,2026-10-09
sh.603083,2026-10-09,2026-10-09
sh.603085,2026-10-09,2026-10-09
sh.603086,2026-10-09,2026-10-09
sh.603087,2026-10-09,2026-10-09
sh.603088,2026-10-09,2026-10-09
sh.603089,2026-10-09,2026-10-09
sh.603090,2026-10-09,2026-10-09
sh.603091,2026-10-09,2026-10-09
sh.603092,2026-10-09,2026-10-09
sh.603093,2026-10-09,2026-10-09
sh.603095,2026-10-09,2026-10-09
sh.603096,2026-10-09,2026-10-09
sh.603097,2026-10-09,2026-10-09
sh.603098,2026-10-09,2026-10-09
sh.603099,2026-10-09,2026-10-09
sh.603100,2026-10-09,2026-10-09
sh.603101,2026-10-09,2026-10-09
sh.603102,2026-10-09,2026-10-09
sh.603103,2026-10-09,2026-10-09
sh.603105,2026-10-09,2026-10-09
sh.603106,2026-10-09,2026-10-09
sh.603107,2026-10-09,2026-10-09
sh.603108,2026-10-09,2026-10-09
sh.603109,2026-10-09,2026-10-09
sh.603110,2026-10-09,2026-10-09
sh.603111,2026-10-09,2026-10-09
sh.603112,2026-10-09,2026-10-09
sh.603113,2026-10-09,2026-10-09
sh.603115,2026-10-09,2026-10-09
sh.603116,2026-10-09,2026-10-09
sh.603117,2026-10-09,2026-10-09
sh.603118,2026-10-09,2026-10-09
sh.603119,2026-10-09,2026-10-09
sh.603120,2026-10-09,2026-10-09
sh.603121,2026-10-09,2026-10-09
sh.603122,2026-10-09,2026-10-09
sh.603123,2026-10-09,2026-10-09
sh.603124,2026-10-09,2026-10-09
sh.603125,2026-10-09,2026-10-09
sh.603126,2026-10-09,2026-10-09
sh.603127,2026-10-09,2026-10-09
sh.603128,2026-10-09,2026-10-09
sh.603129,2026-10-09,2026-10-09
sh.603130,2026-10-09,2026-10-09
sh.603131,2026-10-09,2026-10-09
sh.603132,2026-10-09,2026-10-09
sh.603133,2024-07-03,2026-10-09
sh.603135,2026-10-09,2026-10-09
sh.603136,2026-10-09,2026-10-09
sh.603137,2026-10-09,2026-10-09
sh.603138,2026-10-09,2026-10-09
sh.603139,2026-10-09,2026-10-09
sh.603150,2026-10-09,2026-10-09
sh.603151,2026-10-09,2026-10-09
sh.603153,2026-10-09,2026-10-09
sh.603155,2026-10-09,2026-10-09
sh.603156,2026-10-09,2026-10-09
sh.603157,2022-05-24,2026-10-09
sh.603158,2026-10-09,2026-10-09
sh.603159,2026-10-09,2026-10-09
sh.603160,2026-10-09,2026-10-09
sh.603161,2026-10-09,2026-10-09
sh.603162,2026-10-09,2026-10-09
sh.603163,2026-10-09,2026-10-09
sh.603165,2026-10-09,2026-10-09
sh.603166,2026-10-09,2026-10-09
sh.603167,2026-10-09,2026-10-09
sh.603168,2026-10-09,2026-10-09
sh.603169,2026-10-09,2026-10-09
sh.603170,2026-10-09,2026-10-09
sh.603171,2026-10-09,2026-10-09
sh.603172,2026-10-09,2026-10-09
sh.603173,2026-10-09,2026-10-09
sh.603175,2026-10-09,2026-10-09
sh.603176,2026-10-09,2026-10-09
sh.603177,2026-10-09,2026-10-09
sh.603178,2026-10-09,2026-10-09
sh.603179,2026-10-09,2026-10-09
sh.603180,2026-10-09,2026-10-09
sh.603181,2026-10-09,2026-10-09
sh.603182,2026-10-09,2026-10-09
sh.603183,2026-10-09,2026-10-09
sh.603185,2026-10-09,2026-10-09
sh.603186,2026-10-09,2026-10-09
sh.603187,2026-10-09,2026-10-09
sh.603188,2026-10-09,2026-10-09
sh.603189,2026-10-09,2026-10-09
sh.603190,2026-10-09,2026-10-09
sh.603191,2026-10-09,2026-10-09
sh.603192,2026-10-09,2026-10-09
sh.603193,2026-10-09,2026-10-09
sh.603194,2026-10-09,2026-10-09
sh.603195,2026-10-09,2026-10-09
sh.603196,2026-10-09,2026-10-09
sh.603197,2026-10-09,2026-10-09
sh.603198,2026-10-09,2026-10-09
sh.603199,2026-10-09,2026-10-09
sh.603200,2026-10-09,2026-10-09
sh.603201,2026-10-09,2026-10-09
sh.603202,2026-10-09,2026-10-09
sh.603203,2026-10-09,2026-10-09
sh.603205,2026-10-09,2026-10-09
sh.603206,2026-10-09,2026-10-09
sh.603207,2026-10-09,2026-10-09
sh.603208,2026-10-09,2026-10-09
sh.603209,2026-10-09,2026-10-09
sh.603210,2026-10-09,2026-10-09
sh.603211,2026-10-09,2026-10-09
sh.603212,2026-10-09,2026-10-09
sh.603213,2026-10-09,2026-10-09
sh.603214,2026-10-09,2026-10-09
sh.603215,2026-10-09,2026-10-09
sh.603216,2026-10-09,2026-10-09
sh.603217,2026-10-09,2026-10-09
sh.603218,2026-10-09,2026-10-09
sh.603219,2026-10-09,2026-10-09
sh.603220,2026-10-09,2026-10-09
sh.603221,2026-10-09,2026-10-09
sh.603222,2026-10-09,2026-10-09
sh.603223,2026-10-09,2026-10-09
sh.603225,2026-10-09,2026-10-09
sh.603226,2026-10-09,2026-10-09
sh.603227,2026-10-09,2026-10-09
sh.603228,2026-10-09,2026-10-09
sh.603229,2026-10-09,2026-10-09
sh.603230,2026-10-09,2026-10-09
sh.603231,2026-10-09,2026-10-09
sh.603232,2026-10-09,2026-10-09
sh.603233,2026-10-09,2026-10-09
sh.603235,2026-10-09,2026-10-09
sh.603236,2026-10-09,2026-10-09
sh.603237,2026-10-09,2026-10-09
sh.603238,2026-10-09,2026-10-09
sh.603239,2026-10-09,2026-10-09
sh.603248,2026-10-09,2026-10-09
sh.603255,2026-10-09,2026-10-09
sh.603256,2026-10-09,2026-10-09
sh.603257,2026-10-09,2026-10-09
sh.603258,2026-10-09,2026-10-09
sh.603259,2026-10-09,2026-10-09
sh.603260,2026-10-09,2026-10-09
sh.603261,2026-10-09,2026-10-09
sh.603262,2026-10-09,2026-10-09
sh.603266,2026-10-09,2026-10-09
sh.603267,2026-10-09,2026-10-09
sh.603268,2026-10-09,2026-10-09
sh.603269,2026-10-09,2026-10-09
sh.603270,2026-10-09,2026-10-09
sh.603271,2026-10-09,2026-10-09
sh.603272,2026-10-09,2026-10-09
sh.603273,2026-10-09,2026-10-09
sh.603275,2026-10-09,2026-10-09
sh.603276,2026-10-09,2026-10-09
sh.603277,2026-10-09,2026-10-09
sh.603278,2026-10-09,2026-10-09
sh.603279,2026-10-09,2026-10-09
sh.603280,2026-10-09,2026-10-09
sh.603281,2026-10-09,2026-10-09
sh.603282,2026-10-09,2026-10-09
sh.603283,2026-10-09,2026-10-09
sh.603284,2026-10-09,2026-10-09
sh.603285,2026-10-09,2026-10-09
sh.603286,2026-10-09,2026-10-09
sh.603288,2026-10-09,2026-10-09
sh.603289,2026-10-09,2026-10-09
sh.603290,2026-10-09,2026-10-09
sh.603291,2026-10-09,2026-10-09
sh.603293,2026-10-09,2026-10-09
sh.603296,2026-10-09,2026-10-09
sh.603297,2026-10-09,2026-10-09
sh.603298,2026-10-09,2026-10-09
sh.603299,2026-10-09,2026-10-09
sh.603300,2026-10-09,2026-10-09
sh.603301,2026-10-09,2026-10-09
sh.603303,2026-10-09,2026-10-09
sh.603305,2026-10-09,2026-10-09
sh.603306,2026-10-09,2026-10-09
sh.603307,2026-10-09,2026-10-09
sh.603308,2026-10-09,2026-10-09
sh.603309,2026-10-09,2026-10-09
sh.603310,2026-10-09,2026-10-09
sh.603311,2026-10-09,2026-10-09
sh.603312,2026-10-09,2026-10-09
sh.603313,2026-10-09,2026-10-09
sh.603315,2026-10-09,2026-10-09
sh.603316,2026-10-09,2026-10-09
sh.603317,2026-10-09,2026-10-09
sh.603318,2026-10-09,2026-10-09
sh.603319,2026-10-09,2026-10-09
sh.603320,2026-10-09,2026-10-09
sh.603321,2026-10-09,2026-10-09
sh.603322,2026-10-09,2026-10-09
sh.603323,2026-10-09,2026-10-09
sh.603324,2026-10-09,2026-10-09
sh.603325,2026-10-09,2026-10-09
sh.603326,2026-10-09,2026-10-09
sh.603327,2026-10-09,2026-10-09
sh.603328,2026-10-09,2026-10-09
sh.603329,2026-10-09,2026-10-09
sh.603330,2026-10-09,2026-10-09
sh.603331,2026-10-09,2026-10-09
sh.603332,2026-10-09,2026-10-09
sh.603333,2026-10-09,2026-10-09
sh.603334,2026-10-09,2026-10-09
sh.603335,2026-10-09,2026-10-09
sh.603336,2026-10-09,2026-10-09
sh.603337,2026-10-09,2026-10-09
sh.603338,2026-10-09,2026-10-09
sh.603339,2026-10-09,2026-10-09
sh.603341,2026-10-09,2026-10-09
sh.603344,2026-10-09,2026-10-09
sh.603345,2026-10-09,2026-10-09
sh.603348,2026-10-09,2026-10-09
sh.603350,2026-10-09,2026-10-09
sh.603351,2026-10-09,2026-10-09
sh.603352,2026-10-09,2026-10-09
sh.603353,2026-10-09,2026-10-09
sh.603355,2026-10-09,2026-10-09
sh.603356,2026-10-09,2026-10-09
sh.603357,2026-10-09,2026-10-09
sh.603358,2026-10-09,2026-10-09
sh.603359,2026-10-09,2026-10-09
sh.603360,2026-10-09,2026-10-09
sh.603363,2026-10-09,2026-10-09
sh.603365,2026-10-09,2026-10-09
sh.603366,2026-10-09,2026-10-09
sh.603367,2026-10-09,2026-10-09
sh.603368,2026-10-09,2026-10-09
sh.603369,2026-10-09,2026-10-09
sh.603370,2026-10-09,2026-10-09
sh.603373,2026-10-09,2026-10-09
sh.603375,2026-10-09,2026-10-09
sh.603376,2026-10-09,2026-10-09
sh.603377,2026-10-09,2026-10-09
sh.603378,2026-10-09,2026-10-09
sh.603379,2026-10-09,2026-10-09
sh.603380,2026-10-09,2026-10-09
sh.603381,2026-10-09,2026-10-09
sh.603382,2026-10-09,2026-10-09
sh.603383,2026-10-09,2026-10-09
sh.603385,2026-10-09,2026-10-09
sh.603386,2026-10-09,2026-10-09
sh.603387,2026-10-09,2026-10-09
sh.603388,2025-12-05,2026-10-09
sh.603389,2026-10-09,2026-10-09
sh.603390,2026-10-09,2026-10-09
sh.603391,2026-10-09,2026-10-09
sh.603392,2026-10-09,2026-10-09
sh.603393,2026-10-09,2026-10-09
sh.603395,2026-10-09,2026-10-09
sh.603396,2026-10-09,2026-10-09
sh.603398,2026-10-09,2026-10-09
sh.603399,2026-10-09,2026-10-09
sh.603400,2026-10-09,2026-10-09
sh.603402,2026-10-09,2026-10-09
sh.603406,2026-10-09,2026-10-09
sh.603407,2026-10-09,2026-10-09
sh.603408,2026-10-09,2026-10-09
sh.603409,2026-10-09,2026-10-09
sh.603416,2026-10-09,2026-10-09
sh.603418,2026-10-09,2026-10-09
sh.603421,2026-10-09,2026-10-09
sh.603429,2026-10-09,2026-10-09
sh.603435,2026-10-09,2026-10-09
sh.603439,2026-10-09,2026-10-09
sh.603444,2026-10-09,2026-10-09
sh.603448,2026-10-09,2026-10-09
sh.603456,2026-10-09,2026-10-09
sh.603458,2026-10-09,2026-10-09
sh.603459,2026-10-09,2026-10-09
sh.603466,2026-10-09,2026-10-09
sh.603468,2026-10-09,2026-10-09
sh.603477,2026-10-09,2026-10-09
sh.603486,2026-10-09,2026-10-09
sh.603488,2026-10-09,2026-10-09
sh.603489,2026-10-09,2026-10-09
sh.603496,2026-10-09,2026-10-09
sh.603499,2026-10-09,2026-10-09
sh.603500,2026-10-09,2026-10-09
sh.603501,2026-10-09,2026-10-09
sh.603505,2026-10-09,2026-10-09
sh.603506,2026-10-09,2026-10-09
sh.603507,2026-10-09,2026-10-09
sh.603508,2026-10-09,2026-10-09
sh.603511,2026-10-09,2026-10-09
sh.603515,2026-10-09,2026-10-09
sh.603516,2026-10-09,2026-10-09
sh.603517,2026-10-09,2026-10-09
sh.603518,2026-10-09,2026-10-09
sh.603519,2026-10-09,2026-10-09
sh.603520,2026-10-09,2026-10-09
sh.603527,2026-10-09,2026-10-09
sh.603528,2026-10-09,2026-10-09
sh.603529,2026-10-09,2026-10-09
sh.603530,2026-10-09,2026-10-09
sh.603533,2026-10-09,2026-10-09
sh.603535,2026-10-09,2026-10-09
sh.603536,2026-10-09,2026-10-09
sh.603538,2026-10-09,2026-10-09
sh.603551,2026-10-09,2026-10-09
sh.603555,2024-03-29,2026-10-09
sh.603556,2026-10-09,2026-10-09
sh.603557,2026-10-09,2026-10-09
sh.603558,2026-10-09,2026-10-09
sh.603559,2026-10-09,2026-10-09
sh.603565,2026-10-09,2026-10-09
sh.603566,2026-10-09,2026-10-09
sh.603567,2026-10-09,2026-10-09
sh.603568,2026-10-09,2026-10-09
sh.603569,2026-10-09,2026-10-09
sh.603577,2026-10-09,2026-10-09
sh.603578,2026-10-09,2026-10-09
sh.603579,2026-10-09,2026-10-09
sh.603580,2026-10-09,2026-10-09
sh.603583,2026-10-09,2026-10-09
sh.603585,2026-10-09,2026-10-09
sh.603586,2026-10-09,2026-10-09
sh.603587,2026-10-09,2026-10-09
sh.603588,2026-10-09,2026-10-09
sh.603589,2026-10-09,2026-10-09
sh.603590,2026-10-09,2026-10-09
sh.603595,2026-10-09,2026-10-09
sh.603596,2026-10-09,2026-10-09
sh.603598,2026-10-09,2026-10-09
sh.603599,2026-10-09,2026-10-09
sh.603600,2026-10-09,2026-10-09
sh.603601,2026-10-09,2026-10-09
sh.603602,2026-10-09,2026-10-09
sh.603603,2024-04-25,2026-10-09
sh.603605,2026-10-09,2026-10-09
sh.603606,2026-10-09,2026-10-09
sh.603607,2026-10-09,2026-10-09
sh.603608,2026-10-09,2026-10-09
sh.603609,2026-10-09,2026-10-09
sh.603610,2026-10-09,2026-10-09
sh.603611,2026-10-09,2026-10-09
sh.603612,2026-10-09,2026-10-09
sh.603613,2026-10-09,2026-10-09
sh.603615,2026-10-09,2026-10-09
sh.603616,2026-10-09,2026-10-09
sh.603617,2026-10-09,2026-10-09
sh.603618,2026-10-09,2026-10-09
sh.603619,2026-10-09,2026-10-09
sh.603626,2026-10-09,2026-10-09
sh.603628,2026-10-09,2026-10-09
sh.603629,2026-10-09,2026-10-09
sh.603630,2026-10-09,2026-10-09
sh.603633,2026-10-09,2026-10-09
sh.603636,2026-10-09,2026-10-09
sh.603637,2026-10-09,2026-10-09
sh.603638,2026-10-09,2026-10-09
sh.603639,2026-10-09,2026-10-09
sh.603648,2026-10-09,2026-10-09
sh.603650,2026-10-09,2026-10-09
sh.603655,2026-10-09,2026-10-09
sh.603656,2026-10-09,2026-10-09
sh.603657,2026-10-09,2026-10-09
sh.603658,2026-10-09,2026-10-09
sh.603659,2026-10-09,2026-10-09
sh.603660,2026-10-09,2026-10-09
sh.603661,2026-10-09,2026-10-09
sh.603662,2026-10-09,2026-10-09
sh.603663,2026-10-09,2026-10-09
sh.603665,2026-10-09,2026-10-09
sh.603666,2026-10-09,2026-10-09
sh.603667,2026-10-09,2026-10-09
sh.603668,2026-10-09,2026-10-09
sh.603669,2026-10-09,2026-10-09
sh.603676,2026-10-09,2026-10-09
sh.603677,2026-10-09,2026-10-09
sh.603678,2026-10-09,2026-10-09
sh.603679,2026-10-09,2026-10-09
sh.603680,2026-10-09,2026-10-09
sh.603681,2026-10-09,2026-10-09
sh.603682,2026-10-09,2026-10-09
sh.603683,2026-10-09,2026-10-09
sh.603685,2026-10-09,2026-10-09
sh.603686,2026-10-09,2026-10-09
sh.603687,2026-10-09,2026-10-09
sh.603688,2026-10-09,2026-10-09
sh.603689,2026-10-09,2026-10-09
sh.603690,2026-10-09,2026-10-09
sh.603693,2026-10-09,2026-10-09
sh.603696,2026-10-09,2026-10-09
sh.603697,2026-10-09,2026-10-09
sh.603698,2026-10-09,2026-10-09
sh.603699,2026-10-09,2026-10-09
sh.603700,2026-10-09,2026-10-09
sh.603701,2026-10-09,2026-10-09
sh.603703,2026-10-09,2026-10-09
sh.603706,2026-10-09,2026-10-09
sh.603707,2026-10-09,2026-10-09
sh.603708,2026-10-09,2026-10-09
sh.603709,2026-10-09,2026-10-09
sh.603711,2026-10-09,2026-10-09
sh.603712,2026-10-09,2026-10-09
sh.603713,2026-10-09,2026-10-09
sh.603716,2026-10-09,2026-10-09
sh.603717,2026-10-09,2026-10-09
sh.603718,2026-10-09,2026-10-09
sh.603719,2026-10-09,2026-10-09
sh.603721,2026-10-09,2026-10-09
sh.603722,2026-10-09,2026-10-09
sh.603725,2026-10-09,2026-10-09
sh.603726,2026-10-09,2026-10-09
sh.603727,2026-10-09,2026-10-09
sh.603728,2026-10-09,2026-10-09
sh.603729,2026-10-09,2026-10-09
sh.603730,2026-10-09,2026-10-09
sh.603733,2026-10-09,2026-10-09
sh.603737,2026-10-09,2026-10-09
sh.603738,2026-10-09,2026-10-09
sh.603739,2026-10-09,2026-10-09
sh.603755,2026-10-09,2026-10-09
sh.603757,2026-10-09,2026-10-09
sh.603758,2026-10-09,2026-10-09
sh.603759,2026-10-09,2026-10-09
sh.603766,2026-10-09,2026-10-09
sh.603767,2026-10-09,2026-10-09
sh.603768,2026-10-09,2026-10-09
sh.603773,2026-10-09,2026-10-09
sh.603776,2026-10-09,2026-10-09
sh.603777,2026-10-09,2026-10-09
sh.603778,2026-10-09,2026-10-09
sh.603779,2026-10-09,2026-10-09
sh.603786,2026-10-09,2026-10-09
sh.603787,2026-10-09,2026-10-09
sh.603788,2026-10-09,2026-10-09
sh.603789,2026-10-09,2026-10-09
sh.603790,2026-10-09,2026-10-09
sh.603797,2026-10-09,2026-10-09
sh.603798,2026-10-09,2026-10-09
sh.603799,2026-10-09,2026-10-09
sh.603800,2026-10-09,2026-10-09
sh.603801,2026-10-09,2026-10-09
sh.603803,2026-10-09,2026-10-09
sh.603806,2026-10-09,2026-10-09
sh.603808,2026-10-09,2026-10-09
sh.603809,2026-10-09,2026-10-09
sh.603810,2026-10-09,2026-10-09
sh.603811,2026-10-09,2026-10-09
sh.603813,2026-10-09,2026-10-09
sh.603815,2026-10-09,2026-10-09
sh.603816,2026-10-09,2026-10-09
sh.603817,2026-10-09,2026-10-09
sh.603818,2026-10-09,2026-10-09
sh.603819,2026-10-09,2026-10-09
sh.603822,2026-10-09,2026-10-09
sh.603823,2026-10-09,2026-10-09
sh.603825,2026-10-09,2026-10-09
sh.603826,2026-10-09,2026-10-09
sh.603828,2026-10-09,2026-10-09
sh.603829,2026-10-09,2026-10-09
sh.603833,2026-10-09,2026-10-09
sh.603836,2026-10-09,2026-10-09
sh.603838,2026-10-09,2026-10-09
sh.603839,2026-10-09,2026-10-09
sh.603843,2026-10-09,2026-10-09
sh.603848,2026-10-09,2026-10-09
sh.603855,2026-10-09,2026-10-09
sh.603856,2026-10-09,2026-10-09
sh.603858,2026-10-09,2026-10-09
sh.603859,2026-10-09,2026-10-09
sh.603860,2026-10-09,2026-10-09
sh.603861,2026-10-09,2026-10-09
sh.603863,2026-10-09,2026-10-09
sh.603866,2026-10-09,2026-10-09
sh.603867,2026-10-09,2026-10-09
sh.603868,2026-10-09,2026-10-09
sh.603869,2026-10-09,2026-10-09
sh.603871,2026-10-09,2026-10-09
sh.603876,2026-10-09,2026-10-09
sh.603877,2026-10-09,2026-10-09
sh.603878,2026-10-09,2026-10-09
sh.603879,2026-10-09,2026-10-09
sh.603880,2026-10-09,2026-10-09
sh.603881,2026-10-09,2026-10-09
sh.603882,2026-10-09,2026-10-09
sh.603883,2026-10-09,2026-10-09
sh.603885,2026-10-09,2026-10-09
sh.603886,2026-10-09,2026-10-09
sh.603887,2026-10-09,2026-10-09
sh.603888,2026-10-09,2026-10-09
sh.603889,2026-10-09,2026-10-09
sh.603890,2026-10-09,2026-10-09
sh.603893,2026-10-09,2026-10-09
sh.603895,2026-10-09,2026-10-09
sh.603896,2026-10-09,2026-10-09
sh.603897,2026-10-09,2026-10-09
sh.603898,2026-10-09,2026-10-09
sh.603899,2026-10-09,2026-10-09
sh.603900,2026-10-09,2026-10-09
sh.603901,2026-10-09,2026-10-09
sh.603903,2026-10-09,2026-10-09
sh.603906,2026-10-09,2026-10-09
sh.603908,2026-10-09,2026-10-09
sh.603909,2026-10-09,2026-10-09
sh.603912,2026-10-09,2026-10-09
sh.603915,2026-10-09,2026-10-09
sh.603916,2026-10-09,2026-10-09
sh.603917,2026-10-09,2026-10-09
sh.603918,2026-10-09,2026-10-09
sh.603919,2026-10-09,2026-10-09
sh.603920,2026-10-09,2026-10-09
sh.603922,2026-10-09,2026-10-09
sh.603926,2026-10-09,2026-10-09
sh.603927,2026-10-09,2026-10-09
sh.603928,2026-10-09,2026-10-09
sh.603929,2026-10-09,2026-10-09
sh.603931,2026-10-09,2026-10-09
sh.603933,2026-10-09,2026-10-09
sh.603936,2026-10-09,2026-10-09
sh.603937,2026-10-09,2026-10-09
sh.603938,2026-10-09,2026-10-09
sh.603939,2026-10-09,2026-10-09
sh.603948,2026-10-09,2026-10-09
sh.603949,2026-10-09,2026-10-09
sh.603950,2026-10-09,2026-10-09
sh.603955,2026-10-09,2026-10-09
sh.603956,2026-10-09,2026-10-09
sh.603958,2026-10-09,2026-10-09
sh.603959,2026-10-09,2026-10-09
sh.603960,2026-10-09,2026-10-09
sh.603963,2025-03-21,2026-10-09
sh.603966,2026-10-09,2026-10-09
sh.603967,2026-10-09,2026-10-09
sh.603968,2026-10-09,2026-10-09
sh.603969,2026-10-09,2026-10-09
sh.603970,2026-10-09,2026-10-09
sh.603976,2026-10-09,2026-10-09
sh.603977,2026-10-09,2026-10-09
sh.603978,2026-10-09,2026-10-09
sh.603979,2026-10-09,2026-10-09
sh.603980,2026-10-09,2026-10-09
sh.603982,2026-10-09,2026-10-09
sh.603983,2026-10-09,2026-10-09
sh.603985,2026-10-09,2026-10-09
sh.603986,2026-10-09,2026-10-09
sh.603987,2026-10-09,2026-10-09
sh.603988,2026-10-09,2026-10-09
sh.603989,2026-10-09,2026-10-09
sh.603990,2026-10-09,2026-10-09
sh.603991,2026-10-09,2026-10-09
sh.603992,2026-10-09,2026-10-09
sh.603993,2026-10-09,2026-10-09
sh.603995,2026-10-09,2026-10-09
sh.603996,2022-05-24,2026-10-09
sh.603997,2026-10-09,2026-10-09
sh.603998,2026-10-09,2026-10-09
sh.603999,2026-10-09,2026-10-09
sh.605001,2026-10-09,2026-10-09
sh.605003,2026-10-09,2026-10-09
sh.605005,2026-10-09,2026-10-09
sh.605006,2026-10-09,2026-10-09
sh.605007,2026-10-09,2026-10-09
sh.605008,2026-10-09,2026-10-09
sh.605009,2026-10-09,2026-10-09
sh.605011,2026-10-09,2026-10-09
sh.605016,2026-10-09,2026-10-09
sh.605018,2026-10-09,2026-10-09
sh.605020,2026-10-09,2026-10-09
sh.605028,2026-10-09,2026-10-09
sh.605033,2026-10-09,2026-10-09
sh.605050,2026-10-09,2026-10-09
sh.605055,2026-10-09,2026-10-09
sh.605056,2026-10-09,2026-10-09
sh.605058,2026-10-09,2026-10-09
sh.605060,2026-10-09,2026-10-09
sh.605066,2026-10-09,2026-10-09
sh.605068,2026-10-09,2026-10-09
sh.605069,2026-10-09,2026-10-09
sh.605077,2026-10-09,2026-10-09
sh.605080,2026-10-09,2026-10-09
sh.605081,2026-07-03,2026-10-09
sh.605086,2026-10-09,2026-10-09
sh.605088,2026-10-09,2026-10-09
sh.605089,2026-10-09,2026-10-09
sh.605090,2026-10-09,2026-10-09
sh.605098,2026-10-09,2026-10-09
sh.605099,2026-10-09,2026-10-09
sh.605100,2026-10-09,2026-10-09
sh.605108,2026-10-09,2026-10-09
sh.605111,2026-10-09,2026-10-09
sh.605116,2026-10-09,2026-10-09
sh.605117,2026-10-09,2026-10-09
sh.605118,2026-10-09,2026-10-09
sh.605122,2026-10-09,2026-10-09
sh.605123,2026-10-09,2026-10-09
sh.605128,2026-10-09,2026-10-09
sh.605133,2026-10-09,2026-10-09
sh.605136,2026-10-09,2026-10-09
sh.605138,2026-10-09,2026-10-09
sh.605151,2026-10-09,2026-10-09
sh.605155,2026-10-09,2026-10-09
sh.605158,2026-10-09,2026-10-09
sh.605162,2026-10-09,2026-10-09
sh.605166,2026-10-09,2026-10-09
sh.605167,2026-10-09,2026-10-09
sh.605168,2026-10-09,2026-10-09
sh.605169,2026-10-09,2026-10-09
sh.605177,2026-10-09,2026-10-09
sh.605178,2026-10-09,2026-10-09
sh.605179,2026-10-09,2026-10-09
sh.605180,2026-10-09,2026-10-09
sh.605183,2026-10-09,2026-10-09
sh.605186,2026-10-09,2026-10-09
sh.605188,2026-10-09,2026-10-09
sh.605189,2026-10-09,2026-10-09
sh.605196,2026-10-09,2026-10-09
sh.605198,2026-10-09,2026-10-09
sh.605199,2026-10-09,2026-10-09
sh.605208,2026-10-09,2026-10-09
sh.605218,2026-10-09,2026-10-09
sh.605222,2026-10-09,2026-10-09
sh.605228,2026-10-09,2026-10-09
sh.605255,2026-10-09,2026-10-09
sh.605258,2026-10-09,2026-10-09
sh.605259,2026-10-09,2026-10-09
sh.605266,2026-10-09,2026-10-09
sh.605268,2026-10-09,2026-10-09
sh.605277,2026-10-09,2026-10-09
sh.605286,2026-10-09,2026-10-09
sh.605287,2026-10-09,2026-10-09
sh.605288,2026-10-09,2026-10-09
sh.605289,2026-10-09,2026-10-09
sh.605296,2026-10-09,2026-10-09
sh.605298,2026-10-09,2026-10-09
sh.605299,2026-10-09,2026-10-09
sh.605300,2026-10-09,2026-10-09
sh.605303,2026-10-09,2026-10-09
sh.605305,2026-10-09,2026-10-09
sh.605318,2026-10-09,2026-10-09
sh.605319,2026-10-09,2026-10-09
sh.605333,2026-10-09,2026-10-09
sh.605336,2026-10-09,2026-10-09
sh.605337,2026-10-09,2026-10-09
sh.605338,2026-10-09,2026-10-09
sh.605339,2026-10-09,2026-10-09
sh.605358,2026-10-09,2026-10-09
sh.605365,2026-10-09,2026-10-09
sh.605366,2026-10-09,2026-10-09
sh.605368,2026-10-09,2026-10-09
sh.605369,2026-10-09,2026-10-09
sh.605376,2026-10-09,2026-10-09
sh.605377,2026-10-09,2026-10-09
sh.605378,2026-10-09,2026-10-09
sh.605388,2026-10-09,2026-10-09
sh.605389,2026-10-09,2026-10-09
sh.605398,2026-10-09,2026-10-09
sh.605399,2026-10-09,2026-10-09
sh.605488,2026-10-09,2026-10-09
sh.605499,2026-10-09,2026-10-09
sh.605500,2026-10-09,2026-10-09
sh.605507,2026-10-09,2026-10-09
sh.605555,2026-10-09,2026-10-09
sh.605566,2026-10-09,2026-10-09
sh.605567,2026-10-09,2026-10-09
sh.605577,2026-10-09,2026-10-09
sh.605580,2026-10-09,2026-10-09
sh.605588,2026-10-09,2026-10-09
sh.605589,2026-10-09,2026-10-09
sh.605598,2026-10-09,2026-10-09
sh.605599,2026-10-09,2026-10-09
sh.688001,2026-10-09,2026-10-09
sh.688002,2026-10-09,2026-10-09
sh.688003,2026-10-09,2026-10-09
sh.688004,2026-10-09,2026-10-09
sh.688005,2026-10-09,2026-10-09
sh.688006,2026-10-09,2026-10-09
sh.688007,2026-10-09,2026-10-09
sh.688008,2026-10-09,2026-10-09
sh.688009,2026-10-09,2026-10-09
sh.688010,2026-10-09,2026-10-09
sh.688011,2026-10-09,2026-10-09
sh.688012,2026-10-09,2026-10-09
sh.688013,2026-10-09,2026-10-09
sh.688015,2026-10-09,2026-10-09
sh.688016,2026-10-09,2026-10-09
sh.688017,2026-10-09,2026-10-09
sh.688018,2026-10-09,2026-10-09
sh.688019,2026-10-09,2026-10-09
sh.688020,2026-10-09,2026-10-09
sh.688021,2026-10-09,2026-10-09
sh.688022,2026-10-09,2026-10-09
sh.688023,2026-10-09,2026-10-09
sh.688025,2026-10-09,2026-10-09
sh.688026,2026-10-09,2026-10-09
sh.688027,2026-10-09,2026-10-09
sh.688028,2026-10-09,2026-10-09
sh.688029,2026-10-09,2026-10-09
sh.688030,2026-10-09,2026-10-09
sh.688031,2026-10-09,2026-10-09
sh.688032,2026-10-09,2026-10-09
sh.688033,2026-10-09,2026-10-09
sh.688035,2026-10-09,2026-10-09
sh.688036,2026-10-09,2026-10-09
sh.688037,2026-10-09,2026-10-09
sh.688038,2026-10-09,2026-10-09
sh.688039,2026-10-09,2026-10-09
sh.688041,2026-10-09,2026-10-09
sh.688045,2026-10-09,2026-10-09
sh.688046,2026-10-09,2026-10-09
sh.688047,2026-10-09,2026-10-09
sh.688048,2026-10-09,2026-10-09
sh.688049,2026-10-09,2026-10-09
sh.688050,2026-10-09,2026-10-09
sh.688051,2026-10-09,2026-10-09
sh.688052,2026-10-09,2026-10-09
sh.688053,2026-10-09,2026-10-09
sh.688055,2026-10-09,2026-10-09
sh.688056,2026-10-09,2026-10-09
sh.688057,2026-10-09,2026-10-09
sh.688058,2026-10-09,2026-10-09
sh.688059,2026-10-09,2026-10-09
sh.688060,2026-10-09,2026-10-09
sh.688061,2026-10-09,2026-10-09
sh.688062,2026-10-09,2026-10-09
sh.688063,2026-10-09,2026-10-09
sh.688065,2026-10-09,2026-10-09
sh.688066,2026-10-09,2026-10-09
sh.688067,2026-10-09,2026-10-09
sh.688068,2026-10-09,2026-10-09
sh.688069,2026-10-09,2026-10-09
sh.688070,2026-10-09,2026-10-09
sh.688071,2026-10-09,2026-10-09
sh.688072,2026-10-09,2026-10-09
sh.688073,2026-10-09,2026-10-09
sh.688075,2026-10-09,2026-10-09
sh.688076,2026-10-09,2026-10-09
sh.688077,2026-10-09,2026-10-09
sh.688078,2026-10-09,2026-10-09
sh.688079,2026-10-09,2026-10-09
sh.688080,2026-10-09,2026-10-09
sh.688081,2026-10-09,2026-10-09
sh.688082,2026-10-09,2026-10-09
sh.688083,2026-10-09,2026-10-09
sh.688084,2026-10-09,2026-10-09
sh.688085,2026-10-09,2026-10-09
sh.688086,2023-07-07,2026-10-09
sh.688087,2026-10-09,2026-10-09
sh.688088,2026-10-09,2026-10-09
sh.688089,2026-10-09,2026-10-09
sh.688090,2026-10-09,2026-10-09
sh.688091,2026-10-09,2026-10-09
sh.688092,2026-10-09,2026-10-09
sh.688093,2026-10-09,2026-10-09
sh.688095,2026-10-09,2026-10-09
sh.688096,2026-10-09,2026-10-09
sh.688097,2026-10-09,2026-10-09
sh.688098,2026-10-09,2026-10-09
sh.688099,2026-10-09,2026-10-09
sh.688100,2026-10-09,2026-10-09
sh.688101,2026-10-09,2026-10-09
sh.688102,2026-10-09,2026-10-09
sh.688103,2026-10-09,2026-10-09
sh.688105,2026-10-09,2026-10-09
sh.688106,2026-10-09,2026-10-09
sh.688107,2026-10-09,2026-10-09
sh.688108,2026-10-09,2026-10-09
sh.688109,2026-10-09,2026-10-09
sh.688110,2026-10-09,2026-10-09
sh.688111,2026-10-09,2026-10-09
sh.688112,2026-10-09,2026-10-09
sh.688113,2026-10-09,2026-10-09
sh.688114,2026-10-09,2026-10-09
sh.688115,2026-10-09,2026-10-09
sh.688116,2026-10-09,2026-10-09
sh.688117,2026-10-09,2026-10-09
sh.688118,2026-10-09,2026-10-09
sh.688119,2026-10-09,2026-10-09
sh.688120,2026-10-09,2026-10-09
sh.688121,2026-10-09,2026-10-09
sh.688122,2026-10-09,2026-10-09
sh.688123,2026-10-09,2026-10-09
sh.688125,2026-10-09,2026-10-09
sh.688126,2026-10-09,2026-10-09
sh.688127,2026-10-09,2026-10-09
sh.688128,2026-10-09,2026-10-09
sh.688129,2026-10-09,2026-10-09
sh.688130,2026-10-09,2026-10-09
sh.688131,2026-10-09,2026-10-09
sh.688132,2026-10-09,2026-10-09
sh.688133,2026-10-09,2026-10-09
sh.688135,2026-10-09,2026-10-09
sh.688136,2026-10-09,2026-10-09
sh.688137,2026-10-09,2026-10-09
sh.688138,2026-10-09,2026-10-09
sh.688139,2026-10-09,2026-10-09
sh.688141,2026-10-09,2026-10-09
sh.688143,2026-10-09,2026-10-09
sh.688146,2026-10-09,2026-10-09
sh.688147,2026-10-09,2026-10-09
sh.688148,2026-10-09,2026-10-09
sh.688150,2026-10-09,2026-10-09
sh.688151,2026-10-09,2026-10-09
sh.688152,2026-10-09,2026-10-09
sh.688153,2026-10-09,2026-10-09
sh.688155,2026-10-09,2026-10-09
sh.688156,2026-10-09,2026-10-09
sh.688157,2026-10-09,2026-10-09
sh.688158,2026-10-09,2026-10-09
sh.688159,2026-10-09,2026-10-09
sh.688160,2026-10-09,2026-10-09
sh.688161,2026-10-09,2026-10-09
sh.688162,2026-10-09,2026-10-09
sh.688163,2026-10-09,2026-10-09
sh.688165,2026-10-09,2026-10-09
sh.688166,2026-10-09,2026-10-09
sh.688167,2026-10-09,2026-10-09
sh.688168,2026-10-09,2026-10-09
sh.688169,2026-10-09,2026-10-09
sh.688170,2026-10-09,2026-10-09
sh.688171,2026-10-09,2026-10-09
sh.688172,2026-10-09,2026-10-09
sh.688173,2026-10-09,2026-10-09
sh.688175,2026-10-09,2026-10-09
sh.688176,2026-10-09,2026-10-09
sh.688177,2026-10-09,2026-10-09
sh.688178,2026-10-09,2026-10-09
sh.688179,2026-10-09,2026-10-09
sh.688180,2026-10-09,2026-10-09
sh.688181,2026-10-09,2026-10-09
sh.688182,2026-10-09,2026-10-09
sh.688183,2026-10-09,2026-10-09
sh.688184,2026-10-09,2026-10-09
sh.688185,2026-10-09,2026-10-09
sh.688186,2026-10-09,2026-10-09
sh.688187,2026-10-09,2026-10-09
sh.688188,2026-10-09,2026-10-09
sh.688189,2026-10-09,2026-10-09
sh.688190,2026-10-09,2026-10-09
sh.688191,2026-10-09,2026-10-09
sh.688192,2026-10-09,2026-10-09
sh.688193,2026-10-09,2026-10-09
sh.688195,2026-10-09,2026-10-09
sh.688196,2026-10-09,2026-10-09
sh.688197,2026-10-09,2026-10-09
sh.688198,2026-10-09,2026-10-09
sh.688199,2026-10-09,2026-10-09
sh.688200,2026-10-09,2026-10-09
sh.688201,2026-10-09,2026-10-09
sh.688202,2026-10-09,2026-10-09
sh.688203,2026-10-09,2026-10-09
sh.688205,2026-10-09,2026-10-09
sh.688206,2026-10-09,2026-10-09
sh.688207,2026-10-09,2026-10-09
sh.688208,2026-10-09,2026-10-09
sh.688209,2026-10-09,2026-10-09
sh.688210,2026-10-09,2026-10-09
sh.688211,2026-10-09,2026-10-09
sh.688212,2026-10-09,2026-10-09
sh.688213,2026-10-09,2026-10-09
sh.688215,2026-10-09,2026-10-09
sh.688216,2026-10-09,2026-10-09
sh.688217,2026-10-09,2026-10-09
sh.688218,2026-10-09,2026-10-09
sh.688219,2026-10-09,2026-10-09
sh.688220,2026-10-09,2026-10-09
sh.688221,2026-10-09,2026-10-09
sh.688222,2026-10-09,2026-10-09
sh.688223,2026-10-09,2026-10-09
sh.688225,2026-10-09,2026-10-09
sh.688226,2026-10-09,2026-10-09
sh.688227,2026-10-09,2026-10-09
sh.688228,2026-10-09,2026-10-09
sh.688229,2026-10-09,2026-10-09
sh.688230,2026-10-09,2026-10-09
sh.688231,2026-10-09,2026-10-09
sh.688232,2026-10-09,2026-10-09
sh.688233,2026-10-09,2026-10-09
sh.688234,2026-10-09,2026-10-09
sh.688235,2026-10-09,2026-10-09
sh.688236,2026-10-09,2026-10-09
sh.688237,2026-10-09,2026-10-09
sh.688238,2026-10-09,2026-10-09
sh.688239,2026-10-09,2026-10-09
sh.688244,2026-10-09,2026-10-09
sh.688246,2026-10-09,2026-10-09
sh.688247,2026-10-09,2026-10-09
sh.688248,2026-10-09,2026-10-09
sh.688249,2026-10-09,2026-10-09
sh.688251,2026-10-09,2026-10-09
sh.688252,2026-10-09,2026-10-09
sh.688253,2026-10-09,2026-10-09
sh.688255,2026-10-09,2026-10-09
sh.688256,2026-10-09,2026-10-09
sh.688257,2026-10-09,2026-10-09
sh.688258,2026-10-09,2026-10-09
sh.688259,2026-10-09,2026-10-09
sh.688260,2026-10-09,2026-10-09
sh.688261,2026-10-09,2026-10-09
sh.688262,2026-10-09,2026-10-09
sh.688265,2026-10-09,2026-10-09
sh.688266,2026-10-09,2026-10-09
sh.688267,2026-10-09,2026-10-09
sh.688268,2026-10-09,2026-10-09
sh.688269,2026-10-09,2026-10-09
sh.688270,2026-10-09,2026-10-09
sh.688271,2026-10-09,2026-10-09
sh.688272,2026-10-09,2026-10-09
sh.688273,2026-10-09,2026-10-09
sh.688275,2026-10-09,2026-10-09
sh.688276,2026-10-09,2026-10-09
sh.688277,2026-10-09,2026-10-09
sh.688278,2026-10-09,2026-10-09
sh.688279,2026-10-09,2026-10-09
sh.688280,2026-10-09,2026-10-09
sh.688281,2026-10-09,2026-10-09
sh.688282,2026-10-09,2026-10-09
sh.688283,2026-10-09,2026-10-09
sh.688285,2026-10-09,2026-10-09
sh.688286,2026-10-09,2026-10-09
sh.688287,2026-06-10,2026-10-09
sh.688288,2026-10-09,2026-10-09
sh.688289,2026-10-09,2026-10-09
sh.688290,2026-10-09,2026-10-09
sh.688291,2026-10-09,2026-10-09
sh.688292,2026-10-09,2026-10-09
sh.688293,2026-10-09,2026-10-09
sh.688295,2026-10-09,2026-10-09
sh.688296,2026-10-09,2026-10-09
sh.688297,2026-10-09,2026-10-09
sh.688298,2026-10-09,2026-10-09
sh.688299,2026-10-09,2026-10-09
sh.688300,2026-10-09,2026-10-09
sh.688301,2026-10-09,2026-10-09
sh.688302,2026-10-09,2026-10-09
sh.688303,2026-10-09,2026-10-09
sh.688305,2026-10-09,2026-10-09
sh.688306,2026-10-09,2026-10-09
sh.688307,2026-10-09,2026-10-09
sh.688308,2026-10-09,2026-10-09
sh.688309,2026-10-09,2026-10-09
sh.688310,2026-10-09,2026-10-09
sh.688311,2026-10-09,2026-10-09
sh.688312,2026-10-09,2026-10-09
sh.688313,2026-10-09,2026-10-09
sh.688314,2026-10-09,2026-10-09
sh.688315,2026-10-09,2026-10-09
sh.688316,2026-10-09,2026-10-09
sh.688317,2026-10-09,2026-10-09
sh.688318,2026-10-09,2026-10-09
sh.688319,2026-10-09,2026-10-09
sh.688320,2026-10-09,2026-10-09
sh.688321,2026-10-09,2026-10-09
sh.688322,2026-10-09,2026-10-09
sh.688323,2026-10-09,2026-10-09
sh.688325,2026-10-09,2026-10-09
sh.688326,2026-10-09,2026-10-09
sh.688327,2026-10-09,2026-10-09
sh.688328,2026-10-09,2026-10-09
sh.688329,2026-10-09,2026-10-09
sh.688330,2026-10-09,2026-10-09
sh.688331,2026-10-09,2026-10-09
sh.688332,2026-10-09,2026-10-09
sh.688333,2026-10-09,2026-10-09
sh.688334,2026-10-09,2026-10-09
sh.688335,2026-10-09,2026-10-09
sh.688336,2026-10-09,2026-10-09
sh.688337,2026-10-09,2026-10-09
sh.688338,2026-10-09,2026-10-09
sh.688339,2026-10-09,2026-10-09
sh.688343,2026-10-09,2026-10-09
sh.688345,2026-10-09,2026-10-09
sh.688347,2026-10-09,2026-10-09
sh.688348,2026-10-09,2026-10-09
sh.688349,2026-10-09,2026-10-09
sh.688350,2026-10-09,2026-10-09
sh.688351,2026-10-09,2026-10-09
sh.688352,2026-10-09,2026-10-09
sh.688353,2026-10-09,2026-10-09
sh.688355,2026-10-09,2026-10-09
sh.688356,2026-10-09,2026-10-09
sh.688357,2026-10-09,2026-10-09
sh.688358,2026-10-09,2026-10-09
sh.688359,2026-10-09,2026-10-09
sh.688360,2026-10-09,2026-10-09
sh.688361,2026-10-09,2026-10-09
sh.688362,2026-10-09,2026-10-09
sh.688363,2026-10-09,2026-10-09
sh.688365,2026-10-09,2026-10-09
sh.688366,2026-10-09,2026-10-09
sh.688367,2026-10-09,2026-10-09
sh.688368,2026-10-09,2026-10-09
sh.688369,2026-10-09,2026-10-09
sh.688370,2026-10-09,2026-10-09
sh.688371,2026-10-09,2026-10-09
sh.688372,2026-10-09,2026-10-09
sh.688373,2026-10-09,2026-10-09
sh.688375,2026-10-09,2026-10-09
sh.688376,2026-10-09,2026-10-09
sh.688377,2026-10-09,2026-10-09
sh.688378,2026-10-09,2026-10-09
sh.688379,2026-10-09,2026-10-09
sh.688380,2026-10-09,2026-10-09
sh.688381,2026-10-09,2026-10-09
sh.688382,2026-10-09,2026-10-09
sh.688383,2026-10-09,2026-10-09
sh.688385,2026-10-09,2026-10-09
sh.688386,2026-10-09,2026-10-09
sh.688387,2026-10-09,2026-10-09
sh.688388,2026-10-09,2026-10-09
sh.688389,2026-10-09,2026-10-09
sh.688390,2026-10-09,2026-10-09
sh.688391,2026-10-09,2026-10-09
sh.688392,2026-10-09,2026-10-09
sh.688393,2026-10-09,2026-10-09
sh.688395,2026-10-09,2026-10-09
sh.688396,2026-10-09,2026-10-09
sh.688398,2026-10-09,2026-10-09
sh.688399,2026-10-09,2026-10-09
sh.688400,2026-10-09,2026-10-09
sh.688401,2026-10-09,2026-10-09
sh.688403,2026-10-09,2026-10-09
sh.688408,2026-10-09,2026-10-09
sh.688409,2026-10-09,2026-10-09
sh.688410,2026-10-09,2026-10-09
sh.688411,2026-10-09,2026-10-09
sh.688416,2026-10-09,2026-10-09
sh.688418,2026-10-09,2026-10-09
sh.688419,2026-10-09,2026-10-09
sh.688420,2026-10-09,2026-10-09
sh.688425,2026-10-09,2026-10-09
sh.688426,2026-10-09,2026-10-09
sh.688428,2026-10-09,2026-10-09
sh.688429,2026-10-09,2026-10-09
sh.688432,2026-10-09,2026-10-09
sh.688433,2026-10-09,2026-10-09
sh.688435,2026-10-09,2026-10-09
sh.688439,2026-10-09,2026-10-09
sh.688443,2026-10-09,2026-10-09
sh.688448,2026-10-09,2026-10-09
sh.688449,2026-10-09,2026-10-09
sh.688450,2026-10-09,2026-10-09
sh.688455,2026-10-09,2026-10-09
sh.688456,2026-10-09,2026-10-09
sh.688458,2026-10-09,2026-10-09
sh.688459,2026-10-09,2026-10-09
sh.688466,2026-10-09,2026-10-09
sh.688468,2026-10-09,2026-10-09
sh.688469,2026-10-09,2026-10-09
sh.688472,2026-10-09,2026-10-09
sh.688475,2026-10-09,2026-10-09
sh.688478,2026-10-09,2026-10-09
sh.688479,2026-10-09,2026-10-09
sh.688480,2026-10-09,2026-10-09
sh.688484,2026-10-09,2026-10-09
sh.688485,2026-10-09,2026-10-09
sh.688486,2026-10-09,2026-10-09
sh.688488,2026-10-09,2026-10-09
sh.688489,2026-10-09,2026-10-09
sh.688496,2026-10-09,2026-10-09
sh.688498,2026-10-09,2026-10-09
sh.688499,2026-10-09,2026-10-09
sh.688500,2026-10-09,2026-10-09
sh.688501,2026-10-09,2026-10-09
sh.688502,2026-10-09,2026-10-09
sh.688503,2026-10-09,2026-10-09
sh.688505,2026-10-09,2026-10-09
sh.688506,2026-10-09,2026-10-09
sh.688507,2026-10-09,2026-10-09
sh.688508,2026-10-09,2026-10-09
sh.688509,2026-10-09,2026-10-09
sh.688510,2026-10-09,2026-10-09
sh.688511,2026-10-09,2026-10-09
sh.688512,2026-10-09,2026-10-09
sh.688513,2026-10-09,2026-10-09
sh.688515,2026-10-09,2026-10-09
sh.688516,2026-10-09,2026-10-09
sh.688517,2026-10-09,2026-10-09
sh.688518,2026-10-09,2026-10-09
sh.688519,2026-10-09,2026-10-09
sh.688520,2026-10-09,2026-10-09
sh.688521,2026-10-09,2026-10-09
sh.688522,2026-10-09,2026-10-09
sh.688523,2026-10-09,2026-10-09
sh.688525,2026-10-09,2026-10-09
sh.688526,2026-10-09,2026-10-09
sh.688528,2026-10-09,2026-10-09
sh.688529,2026-10-09,2026-10-09
sh.688530,2026-10-09,2026-10-09
sh.688531,2026-10-09,2026-10-09
sh.688533,2026-10-09,2026-10-09
sh.688535,2026-10-09,2026-10-09
sh.688536,2026-10-09,2026-10-09
sh.688538,2026-10-09,2026-10-09
sh.688539,2026-10-09,2026-10-09
sh.688543,2026-10-09,2026-10-09
sh.688545,2026-10-09,2026-10-09
sh.688548,2026-10-09,2026-10-09
sh.688549,2026-10-09,2026-10-09
sh.688550,2026-10-09,2026-10-09
sh.688551,2026-10-09,2026-10-09
sh.688552,2026-10-09,2026-10-09
sh.688553,2026-10-09,2026-10-09
sh.688555,2023-07-07,2026-10-09
sh.688556,2026-10-09,2026-10-09
sh.688557,2026-10-09,2026-10-09
sh.688558,2026-10-09,2026-10-09
sh.688559,2026-10-09,2026-10-09
sh.688560,2026-10-09,2026-10-09
sh.688561,2026-10-09,2026-10-09
sh.688562,2026-10-09,2026-10-09
sh.688563,2026-10-09,2026-10-09
sh.688565,2026-10-09,2026-10-09
sh.688566,2026-10-09,2026-10-09
sh.688567,2026-10-09,2026-10-09
sh.688568,2026-10-09,2026-10-09
sh.688569,2026-10-09,2026-10-09
sh.688570,2026-10-09,2026-10-09
sh.688571,2026-10-09,2026-10-09
sh.688573,2026-10-09,2026-10-09
sh.688575,2026-10-09,2026-10-09
sh.688576,2026-10-09,2026-10-09
sh.688577,2026-10-09,2026-10-09
sh.688578,2026-10-09,2026-10-09
sh.688579,2026-10-09,2026-10-09
sh.688580,2026-10-09,2026-10-09
sh.688581,2026-10-09,2026-10-09
sh.688582,2026-10-09,2026-10-09
sh.688583,2026-10-09,2026-10-09
sh.688584,2026-10-09,2026-10-09
sh.688585,2026-10-09,2026-10-09
sh.688586,2026-10-09,2026-10-09
sh.688588,2026-10-09,2026-10-09
sh.688589,2026-10-09,2026-10-09
sh.688590,2026-10-09,2026-10-09
sh.688591,2026-10-09,2026-10-09
sh.688592,2026-10-09,2026-10-09
sh.688593,2026-10-09,2026-10-09
sh.688595,2026-10-09,2026-10-09
sh.688596,2026-10-09,2026-10-09
sh.688597,2026-10-09,2026-10-09
sh.688598,2026-10-09,2026-10-09
sh.688599,2026-10-09,2026-10-09
sh.688600,2026-10-09,2026-10-09
sh.688601,2026-10-09,2026-10-09
sh.688602,2026-10-09,2026-10-09
sh.688603,2026-10-09,2026-10-09
sh.688605,2026-10-09,2026-10-09
sh.688606,2026-10-09,2026-10-09
sh.688607,2026-10-09,2026-10-09
sh.688608,2026-10-09,2026-10-09
sh.688609,2026-10-09,2026-10-09
sh.688610,2026-10-09,2026-10-09
sh.688611,2026-10-09,2026-10-09
sh.688612,2026-10-09,2026-10-09
sh.688613,2026-10-09,2026-10-09
sh.688615,2026-10-09,2026-10-09
sh.688616,2026-10-09,2026-10-09
sh.688617,2026-10-09,2026-10-09
sh.688618,2026-10-09,2026-10-09
sh.688619,2026-10-09,2026-10-09
sh.688620,2026-10-09,2026-10-09
sh.688621,2026-10-09,2026-10-09
sh.688622,2026-10-09,2026-10-09
sh.688623,2026-10-09,2026-10-09
sh.688625,2026-10-09,2026-10-09
sh.688626,2026-10-09,2026-10-09
sh.688627,2026-10-09,2026-10-09
sh.688628,2026-10-09,2026-10-09
sh.688629,2026-10-09,2026-10-09
sh.688630,2026-10-09,2026-10-09
sh.688631,2026-10-09,2026-10-09
sh.688633,2026-10-09,2026-10-09
sh.688635,2026-10-09,2026-10-09
sh.688636,2026-10-09,2026-10-09
sh.688638,2026-10-09,2026-10-09
sh.688639,2026-10-09,2026-10-09
sh.688646,2026-10-09,2026-10-09
sh.688648,2026-10-09,2026-10-09
sh.688651,2026-10-09,2026-10-09
sh.688652,2026-10-09,2026-10-09
sh.688653,2026-10-09,2026-10-09
sh.688655,2026-10-09,2026-10-09
sh.688656,2026-10-09,2026-10-09
sh.688657,2026-10-09,2026-10-09
sh.688658,2026-10-09,2026-10-09
sh.688659,2026-10-09,2026-10-09
sh.688660,2026-10-09,2026-10-09
sh.688661,2026-10-09,2026-10-09
sh.688662,2026-10-09,2026-10-09
sh.688663,2026-10-09,2026-10-09
sh.688665,2026-10-09,2026-10-09
sh.688667,2026-10-09,2026-10-09
sh.688668,2026-10-09,2026-10-09
sh.688669,2026-10-09,2026-10-09
sh.688670,2026-10-09,2026-10-09
sh.688671,2026-10-09,2026-10-09
sh.688676,2026-10-09,2026-10-09
sh.688677,2026-10-09,2026-10-09
sh.688678,2026-10-09,2026-10-09
sh.688679,2026-10-09,2026-10-09
sh.688680,2026-10-09,2026-10-09
sh.688681,2026-10-09,2026-10-09
sh.688682,2026-10-09,2026-10-09
sh.688683,2026-10-09,2026-10-09
sh.688685,2026-10-09,2026-10-09
sh.688686,2026-10-09,2026-10-09
sh.688687,2026-10-09,2026-10-09
sh.688689,2026-10-09,2026-10-09
sh.688690,2026-10-09,2026-10-09
sh.688691,2026-10-09,2026-10-09
sh.688692,2026-10-09,2026-10-09
sh.688693,2026-10-09,2026-10-09
sh.688695,2026-10-09,2026-10-09
sh.688696,2026-10-09,2026-10-09
sh.688697,2026-10-09,2026-10-09
sh.688698,2026-10-09,2026-10-09
sh.688699,2026-10-09,2026-10-09
sh.688700,2026-10-09,2026-10-09
sh.688701,2026-10-09,2026-10-09
sh.688702,2026-10-09,2026-10-09
sh.688707,2026-10-09,2026-10-09
sh.688708,2026-10-09,2026-10-09
sh.688709,2026-10-09,2026-10-09
sh.688710,2026-10-09,2026-10-09
sh.688711,2026-10-09,2026-10-09
sh.688712,2026-10-09,2026-10-09
sh.688716,2026-10-09,2026-10-09
sh.688717,2026-10-09,2026-10-09
sh.688718,2026-10-09,2026-10-09
sh.688719,2026-10-09,2026-10-09
sh.688720,2026-10-09,2026-10-09
sh.688721,2026-10-09,2026-10-09
sh.688722,2026-10-09,2026-10-09
sh.688726,2026-10-09,2026-10-09
sh.688727,2026-10-09,2026-10-09
sh.688728,2026-10-09,2026-10-09
sh.688729,2026-10-09,2026-10-09
sh.688733,2026-10-09,2026-10-09
sh.688737,2026-10-09,2026-10-09
sh.688739,2026-10-09,2026-10-09
sh.688750,2026-10-09,2026-10-09
sh.688755,2026-10-09,2026-10-09
sh.688757,2026-10-09,2026-10-09
sh.688758,2026-10-09,2026-10-09
sh.688759,2026-10-09,2026-10-09
sh.688765,2026-10-09,2026-10-09
sh.688766,2026-10-09,2026-10-09
sh.688767,2026-10-09,2026-10-09
sh.688768,2026-10-09,2026-10-09
sh.688772,2026-10-09,2026-10-09
sh.688775,2026-10-09,2026-10-09
sh.688776,2026-10-09,2026-10-09
sh.688777,2026-10-09,2026-10-09
sh.688778,2026-10-09,2026-10-09
sh.688779,2026-10-09,2026-10-09
sh.688781,2026-10-09,2026-10-09
sh.688783,2026-10-09,2026-10-09
sh.688785,2026-10-09,2026-10-09
sh.688786,2026-10-09,2026-10-09
sh.688787,2026-10-09,2026-10-09
sh.688788,2026-10-09,2026-10-09
sh.688789,2026-10-09,2026-10-09
sh.688790,2026-10-09,2026-10-09
sh.688793,2026-10-09,2026-10-09
sh.688795,2026-10-09,2026-10-09
sh.688796,2026-10-09,2026-10-09
sh.688797,2026-10-09,2026-10-09
sh.688798,2026-10-09,2026-10-09
sh.688799,2026-10-09,2026-10-09
sh.688800,2026-10-09,2026-10-09
sh.688801,2026-10-09,2026-10-09
sh.688802,2026-10-09,2026-10-09
sh.688805,2026-10-09,2026-10-09
sh.688806,2026-10-09,2026-10-09
sh.688807,2026-10-09,2026-10-09
sh.688808,2026-10-09,2026-10-09
sh.688809,2026-10-09,2026-10-09
sh.688811,2026-10-09,2026-10-09
sh.688813,2026-10-09,2026-10-09
sh.688816,2026-10-09,2026-10-09
sh.688818,2026-10-09,2026-10-09
sh.688819,2026-10-09,2026-10-09
sh.688820,2026-10-09,2026-10-09
sh.688825,2026-10-09,2026-10-09
sh.688826,2026-10-09,2026-10-09
sh.688828,2026-10-09,2026-10-09
sh.688835,2026-10-09,2026-10-09
sh.688836,2026-10-09,2026-10-09
sh.688837,2026-10-09,2026-10-09
sh.688981,2026-10-09,2026-10-09
sh.689009,2026-10-09,2026-10-09
sz.000001,2026-10-09,2026-10-09
sz.000002,2026-10-09,2026-10-09
sz.000004,2026-07-14,2026-10-09
sz.000005,2024-04-26,2026-10-09
sz.000006,2026-10-09,2026-10-09
sz.000007,2026-10-09,2026-10-09
sz.000008,2026-10-09,2026-10-09
sz.000009,2026-10-09,2026-10-09
sz.000010,2026-10-09,2026-10-09
sz.000011,2026-10-09,2026-10-09
sz.000012,2026-10-09,2026-10-09
sz.000014,2026-10-09,2026-10-09
sz.000016,2026-10-09,2026-10-09
sz.000017,2026-10-09,2026-10-09
sz.000018,2020-01-07,2026-10-09
sz.000019,2026-10-09,2026-10-09
sz.000020,2026-10-09,2026-10-09
sz.000021,2026-10-09,2026-10-09
sz.000022,2018-12-26,2026-10-09
sz.000023,2024-09-02,2026-10-09
sz.000024,2015-12-30,2026-10-09
sz.000025,2026-10-09,2026-10-09
sz.000026,2026-10-09,2026-10-09
sz.000027,2026-10-09,2026-10-09
sz.000028,2026-10-09,2026-10-09
sz.000029,2026-10-09,2026-10-09
sz.000030,2026-10-09,2026-10-09
sz.000031,2026-10-09,2026-10-09
sz.000032,2026-10-09,2026-10-09
sz.000033,2017-07-07,2026-10-09
sz.000034,2026-10-09,2026-10-09
sz.000035,2026-10-09,2026-10-09
sz.000036,2026-10-09,2026-10-09
sz.000037,2026-10-09,2026-10-09
sz.000038,2023-07-12,2026-10-09
sz.000039,2026-10-09,2026-10-09
sz.000040,2025-04-30,2026-10-09
sz.000042,2026-10-09,2026-10-09
sz.000043,2019-12-16,2026-10-09
sz.000045,2026-10-09,2026-10-09
sz.000046,2024-02-07,2026-10-09
sz.000048,2026-10-09,2026-10-09
sz.000049,2026-10-09,2026-10-09
sz.000050,2026-10-09,2026-10-09
sz.000055,2026-10-09,2026-10-09
sz.000056,2026-10-09,2026-10-09
sz.000058,2026-10-09,2026-10-09
sz.000059,2026-10-09,2026-10-09
sz.000060,2026-10-09,2026-10-09
sz.000061,2026-10-09,2026-10-09
sz.000062,2026-10-09,2026-10-09
sz.000063,2026-10-09,2026-10-09
sz.000065,2026-10-09,2026-10-09
sz.000066,2026-10-09,2026-10-09
sz.000068,2026-10-09,2026-10-09
sz.000069,2026-10-09,2026-10-09
sz.000070,2026-10-09,2026-10-09
sz.000078,2026-10-09,2026-10-09
sz.000088,2026-10-09,2026-10-09
sz.000089,2026-10-09,2026-10-09
sz.000090,2026-10-09,2026-10-09
sz.000096,2026-10-09,2026-10-09
sz.000099,2026-10-09,2026-10-09
sz.000100,2026-10-09,2026-10-09
sz.000150,2023-06-09,2026-10-09
sz.000151,2026-10-09,2026-10-09
sz.000153,2026-10-09,2026-10-09
sz.000155,2026-10-09,2026-10-09
sz.000156,2026-10-09,2026-10-09
sz.000157,2026-10-09,2026-10-09
sz.000158,2026-10-09,2026-10-09
sz.000159,2026-10-09,2026-10-09
sz.000166,2026-10-09,2026-10-09
sz.000301,2026-10-09,2026-10-09
sz.000333,2026-10-09,2026-10-09
sz.000338,2026-10-09,2026-10-09
sz.000400,2026-10-09,2026-10-09
sz.000401,2026-10-09,2026-10-09
sz.000402,2026-10-09,2026-10-09
sz.000403,2026-10-09,2026-10-09
sz.000404,2026-10-09,2026-10-09
sz.000407,2026-10-09,2026-10-09
sz.000408,2026-10-09,2026-10-09
sz.000409,2026-10-09,2026-10-09
sz.000410,2026-10-09,2026-10-09
sz.000411,2026-10-09,2026-10-09
sz.000413,2024-10-11,2026-10-09
sz.000415,2026-10-09,2026-10-09
sz.000416,2024-06-05,2026-10-09
sz.000417,2026-10-09,2026-10-09
sz.000418,2019-06-21,2026-10-09
sz.000419,2026-10-09,2026-10-09
sz.000420,2026-10-09,2026-10-09
sz.000421,2026-10-09,2026-10-09
sz.000422,2026-10-09,2026-10-09
sz.000423,2026-10-09,2026-10-09
sz.000425,2026-10-09,2026-10-09
sz.000426,2026-10-09,2026-10-09
sz.000428,2026-10-09,2026-10-09
sz.000429,2026-10-09,2026-10-09
sz.000430,2026-10-09,2026-10-09
sz.000488,2026-10-09,2026-10-09
sz.000498,2026-10-09,2026-10-09
sz.000501,2026-10-09,2026-10-09
sz.000502,2022-06-27,2026-10-09
sz.000503,2026-10-09,2026-10-09
sz.000504,2026-10-09,2026-10-09
sz.000505,2026-10-09,2026-10-09
sz.000506,2026-10-09,2026-10-09
sz.000507,2026-10-09,2026-10-09
sz.000509,2026-10-09,2026-10-09
sz.000510,2026-10-09,2026-10-09
sz.000511,2018-07-18,2026-10-09
sz.000513,2026-10-09,2026-10-09
sz.000514,2026-10-09,2026-10-09
sz.000516,2026-10-09,2026-10-09
sz.000517,2026-10-09,2026-10-09
sz.000518,2026-10-09,2026-10-09
sz.000519,2026-10-09,2026-10-09
sz.000520,2026-10-09,2026-10-09
sz.000521,2026-10-09,2026-10-09
sz.000523,2026-10-09,2026-10-09
sz.000524,2026-10-09,2026-10-09
sz.000525,2026-10-09,2026-10-09
sz.000526,2026-10-09,2026-10-09
sz.000528,2026-10-09,2026-10-09
sz.000529,2026-10-09,2026-10-09
sz.000530,2026-10-09,2026-10-09
sz.000531,2026-10-09,2026-10-09
sz.000532,2026-10-09,2026-10-09
sz.000533,2026-10-09,2026-10-09
sz.000534,2026-10-09,2026-10-09
sz.000536,2026-10-09,2026-10-09
sz.000537,2026-10-09,2026-10-09
sz.000538,2026-10-09,2026-10-09
sz.000539,2026-10-09,2026-10-09
sz.000540,2023-06-30,2026-10-09
sz.000541,2026-10-09,2026-10-09
sz.000543,2026-10-09,2026-10-09
sz.000544,2026-10-09,2026-10-09
sz.000545,2026-10-09,2026-10-09
sz.000546,2026-10-09,2026-10-09
sz.000547,2026-10-09,2026-10-09
sz.000548,2026-10-09,2026-10-09
sz.000550,2026-10-09,2026-10-09
sz.000551,2026-10-09,2026-10-09
sz.000552,2026-10-09,2026-10-09
sz.000553,2026-10-09,2026-10-09
sz.000554,2026-10-09,2026-10-09
sz.000555,2026-10-09,2026-10-09
sz.000557,2026-10-09,2026-10-09
sz.000558,2026-10-09,2026-10-09
sz.000559,2026-10-09,2026-10-09
sz.000560,2026-10-09,2026-10-09
sz.000561,2026-10-09,2026-10-09
sz.000562,2015-01-26,2026-10-09
sz.000563,2026-10-09,2026-10-09
sz.000564,2026-10-09,2026-10-09
sz.000565,2026-10-09,2026-10-09
sz.000566,2026-10-09,2026-10-09
sz.000567,2026-10-09,2026-10-09
sz.000568,2026-10-09,2026-10-09
sz.000570,2026-10-09,2026-10-09
sz.000571,2026-10-09,2026-10-09
sz.000572,2026-10-09,2026-10-09
sz.000573,2026-10-09,2026-10-09
sz.000576,2026-10-09,2026-10-09
sz.000581,2026-10-09,2026-10-09
sz.000582,2026-10-09,2026-10-09
sz.000584,2025-07-11,2026-10-09
sz.000585,2022-05-24,2026-10-09
sz.000586,2026-10-09,2026-10-09
sz.000587,2023-04-03,2026-10-09
sz.000589,2026-10-09,2026-10-09
sz.000590,2026-10-09,2026-10-09
sz.000591,2026-10-09,2026-10-09
sz.000592,2026-10-09,2026-10-09
sz.000593,2026-10-09,2026-10-09
sz.000594,2015-07-13,2026-10-09
sz.000595,2026-10-09,2026-10-09
sz.000596,2026-10-09,2026-10-09
sz.000597,2026-10-09,2026-10-09
sz.000598,2026-10-09,2026-10-09
sz.000599,2026-10-09,2026-10-09
sz.000600,2026-10-09,2026-10-09
sz.000601,2026-10-09,2026-10-09
sz.000603,2026-10-09,2026-10-09
sz.000605,2026-10-09,2026-10-09
sz.000606,2023-07-06,2026-10-09
sz.000607,2026-10-09,2026-10-09
sz.000608,2026-10-09,2026-10-09
sz.000609,2026-10-09,2026-10-09
sz.000610,2026-10-09,2026-10-09
sz.000611,2022-06-28,2026-10-09
sz.000612,2026-10-09,2026-10-09
sz.000613,2022-06-29,2026-10-09
sz.000615,2026-10-09,2026-10-09
sz.000616,2023-08-23,2026-10-09
sz.000617,2026-10-09,2026-10-09
sz.000619,2026-10-09,2026-10-09
sz.000620,2026-10-09,2026-10-09
sz.000622,2025-07-16,2026-10-09
sz.000623,2026-10-09,2026-10-09
sz.000625,2026-10-09,2026-10-09
sz.000626,2026-10-09,2026-10-09
sz.000627,2025-09-30,2026-10-09
sz.000628,2026-10-09,2026-10-09
sz.000629,2026-10-09,2026-10-09
sz.000630,2026-10-09,2026-10-09
sz.000631,2026-10-09,2026-10-09
sz.000632,2026-10-09,2026-10-09
sz.000633,2026-10-09,2026-10-09
sz.000635,2026-10-09,2026-10-09
sz.000636,2026-10-09,2026-10-09
sz.000637,2026-10-09,2026-10-09
sz.000638,2026-06-03,2026-10-09
sz.000639,2026-10-09,2026-10-09
sz.000650,2026-10-09,2026-10-09
sz.000651,2026-10-09,2026-10-09
sz.000652,2026-10-09,2026-10-09
sz.000655,2026-10-09,2026-10-09
sz.000656,2026-10-09,2026-10-09
sz.000657,2026-10-09,2026-10-09
sz.000659,2026-10-09,2026-10-09
sz.000661,2026-10-09,2026-10-09
sz.000662,2021-04-12,2026-10-09
sz.000663,2026-10-09,2026-10-09
sz.000665,2026-10-09,2026-10-09
sz.000666,2023-10-26,2026-10-09
sz.000667,2023-07-14,2026-10-09
sz.000668,2026-10-09,2026-10-09
sz.000669,2026-10-09,2026-10-09
sz.000670,2026-10-09,2026-10-09
sz.000671,2023-08-16,2026-10-09
sz.000672,2026-10-09,2026-10-09
sz.000673,2022-07-04,2026-10-09
sz.000676,2026-10-09,2026-10-09
sz.000677,2026-10-09,2026-10-09
sz.000678,2026-10-09,2026-10-09
sz.000679,2026-10-09,2026-10-09
sz.000680,2026-10-09,2026-10-09
sz.000681,2026-10-09,2026-10-09
sz.000682,2026-10-09,2026-10-09
sz.000683,2026-10-09,2026-10-09
sz.000685,2026-10-09,2026-10-09
sz.000686,2026-10-09,2026-10-09
sz.000687,2022-06-17,2026-10-09
sz.000688,2026-10-09,2026-10-09
sz.000690,2026-10-09,2026-10-09
sz.000691,2026-10-09,2026-10-09
sz.000692,2026-10-09,2026-10-09
sz.000693,2019-07-09,2026-10-09
sz.000695,2026-10-09,2026-10-09
sz.000697,2026-10-09,2026-10-09
sz.000698,2026-10-09,2026-10-09
sz.000700,2026-10-09,2026-10-09
sz.000701,2026-10-09,2026-10-09
sz.000702,2026-10-09,2026-10-09
sz.000703,2026-10-09,2026-10-09
sz.000705,2026-10-09,2026-10-09
sz.000707,2026-10-09,2026-10-09
sz.000708,2026-10-09,2026-10-09
sz.000709,2026-10-09,2026-10-09
sz.000710,2026-10-09,2026-10-09
sz.000711,2026-10-09,2026-10-09
sz.000712,2026-10-09,2026-10-09
sz.000713,2026-10-09,2026-10-09
sz.000715,2026-10-09,2026-10-09
sz.000716,2026-10-09,2026-10-09
sz.000717,2026-10-09,2026-10-09
sz.000718,2026-10-09,2026-10-09
sz.000719,2026-10-09,2026-10-09
sz.000720,2026-10-09,2026-10-09
sz.000721,2026-10-09,2026-10-09
sz.000722,2026-10-09,2026-10-09
sz.000723,2026-10-09,2026-10-09
sz.000725,2026-10-09,2026-10-09
sz.000726,2026-10-09,2026-10-09
sz.000727,2026-10-09,2026-10-09
sz.000728,2026-10-09,2026-10-09
sz.000729,2026-10-09,2026-10-09
sz.000731,2026-10-09,2026-10-09
sz.000732,2023-08-04,2026-10-09
sz.000733,2026-10-09,2026-10-09
sz.000735,2026-10-09,2026-10-09
sz.000736,2026-10-09,2026-10-09
sz.000737,2026-10-09,2026-10-09
sz.000738,2026-10-09,2026-10-09
sz.000739,2026-10-09,2026-10-09
sz.000748,2017-01-18,2026-10-09
sz.000750,2026-10-09,2026-10-09
sz.000751,2026-10-09,2026-10-09
sz.000752,2026-10-09,2026-10-09
sz.000753,2026-10-09,2026-10-09
sz.000755,2026-10-09,2026-10-09
sz.000756,2026-10-09,2026-10-09
sz.000757,2026-10-09,2026-10-09
sz.000758,2026-10-09,2026-10-09
sz.000759,2026-10-09,2026-10-09
sz.000760,2021-07-23,2026-10-09
sz.000761,2026-10-09,2026-10-09
sz.000762,2026-10-09,2026-10-09
sz.000766,2026-10-09,2026-10-09
sz.000767,2026-10-09,2026-10-09
sz.000768,2026-10-09,2026-10-09
sz.000776,2026-10-09,2026-10-09
sz.000777,2026-10-09,2026-10-09
sz.000778,2026-10-09,2026-10-09
sz.000779,2026-10-09,2026-10-09
sz.000780,2022-01-24,2026-10-09
sz.000782,2026-10-09,2026-10-09
sz.000783,2026-10-09,2026-10-09
sz.000785,2026-10-09,2026-10-09
sz.000786,2026-10-09,2026-10-09
sz.000788,2026-10-09,2026-10-09
sz.000789,2026-10-09,2026-10-09
sz.000790,2026-10-09,2026-10-09
sz.000791,2026-10-09,2026-10-09
sz.000792,2026-10-09,2026-10-09
sz.000793,2026-10-09,2026-10-09
sz.000795,2026-10-09,2026-10-09
sz.000796,2026-10-09,2026-10-09
sz.000797,2026-10-09,2026-10-09
sz.000798,2026-10-09,2026-10-09
sz.000799,2026-10-09,2026-10-09
sz.000800,2026-10-09,2026-10-09
sz.000801,2026-10-09,2026-10-09
sz.000802,2026-10-09,2026-10-09
sz.000803,2026-10-09,2026-10-09
sz.000806,2023-07-06,2026-10-09
sz.000807,2026-10-09,2026-10-09
sz.000809,2026-10-09,2026-10-09
sz.000810,2026-10-09,2026-10-09
sz.000811,2026-10-09,2026-10-09
sz.000812,2026-10-09,2026-10-09
sz.000813,2026-10-09,2026-10-09
sz.000815,2026-10-09,2026-10-09
sz.000816,2026-10-09,2026-10-09
sz.000818,2026-10-09,2026-10-09
sz.000819,2026-10-09,2026-10-09
sz.000820,2026-10-09,2026-10-09
sz.000821,2026-10-09,2026-10-09
sz.000822,2026-10-09,2026-10-09
sz.000823,2026-10-09,2026-10-09
sz.000825,2026-10-09,2026-10-09
sz.000826,2026-10-09,2026-10-09
sz.000828,2026-10-09,2026-10-09
sz.000829,2026-10-09,2026-10-09
sz.000830,2026-10-09,2026-10-09
sz.000831,2026-10-09,2026-10-09
sz.000833,2026-10-09,2026-10-09
sz.000835,2022-05-23,2026-10-09
sz.000836,2024-08-12,2026-10-09
sz.000837,2026-10-09,2026-10-09
sz.000838,2026-10-09,2026-10-09
sz.000839,2026-10-09,2026-10-09
sz.000848,2026-10-09,2026-10-09
sz.000850,2026-10-09,2026-10-09
sz.000851,2025-11-11,2026-10-09
sz.000852,2026-10-09,2026-10-09
sz.000856,2026-10-09,2026-10-09
sz.000858,2026-10-09,2026-10-09
sz.000859,2026-10-09,2026-10-09
sz.000860,2026-10-09,2026-10-09
sz.000861,2024-09-18,2026-10-09
sz.000862,2026-10-09,2026-10-09
sz.000863,2026-10-09,2026-10-09
sz.000868,2026-10-09,2026-10-09
sz.000869,2026-10-09,2026-10-09
sz.000875,2026-10-09,2026-10-09
sz.000876,2026-10-09,2026-10-09
sz.000877,2026-10-09,2026-10-09
sz.000878,2026-10-09,2026-10-09
sz.000880,2026-10-09,2026-10-09
sz.000881,2026-10-09,2026-10-09
sz.000882,2026-10-09,2026-10-09
sz.000883,2026-10-09,2026-10-09
sz.000885,2026-10-09,2026-10-09
sz.000886,2026-10-09,2026-10-09
sz.000887,2026-10-09,2026-10-09
sz.000888,2026-10-09,2026-10-09
sz.000889,2026-10-09,2026-10-09
sz.000890,2026-10-09,2026-10-09
sz.000892,2026-10-09,2026-10-09
sz.000893,2026-10-09,2026-10-09
sz.000895,2026-10-09,2026-10-09
sz.000897,2026-10-09,2026-10-09
sz.000898,2026-10-09,2026-10-09
sz.000899,2026-10-09,2026-10-09
sz.000900,2026-10-09,2026-10-09
sz.000901,2026-10-09,2026-10-09
sz.000902,2026-10-09,2026-10-09
sz.000903,2026-10-09,2026-10-09
sz.000905,2026-10-09,2026-10-09
sz.000906,2026-10-09,2026-10-09
sz.000908,2026-10-09,2026-10-09
sz.000909,2026-10-09,2026-10-09
sz.000910,2026-10-09,2026-10-09
sz.000911,2026-10-09,2026-10-09
sz.000912,2026-10-09,2026-10-09
sz.000913,2026-10-09,2026-10-09
sz.000915,2026-10-09,2026-10-09
sz.000916,2017-12-25,2026-10-09
sz.000917,2026-10-09,2026-10-09
sz.000918,2023-07-28,2026-10-09
sz.000919,2026-10-09,2026-10-09
sz.000920,2026-10-09,2026-10-09
sz.000921,2026-10-09,2026-10-09
sz.000922,2026-10-09,2026-10-09
sz.000923,2026-10-09,2026-10-09
sz.000925,2026-10-09,2026-10-09
sz.000926,2026-10-09,2026-10-09
sz.000927,2026-10-09,2026-10-09
sz.000928,2026-10-09,2026-10-09
sz.000929,2026-10-09,2026-10-09
sz.000930,2026-10-09,2026-10-09
sz.000931,2026-10-09,2026-10-09
sz.000932,2026-10-09,2026-10-09
sz.000933,2026-10-09,2026-10-09
sz.000935,2026-10-09,2026-10-09
sz.000936,2026-10-09,2026-10-09
sz.000937,2026-10-09,2026-10-09
sz.000938,2026-10-09,2026-10-09
sz.000939,2020-12-17,2026-10-09
sz.000948,2026-10-09,2026-10-09
sz.000949,2026-10-09,2026-10-09
sz.000950,2026-10-09,2026-10-09
sz.000951,2026-10-09,2026-10-09
sz.000952,2026-10-09,2026-10-09
sz.000953,2026-10-09,2026-10-09
sz.000955,2026-10-09,2026-10-09
sz.000957,2026-10-09,2026-10-09
sz.000958,2026-10-09,2026-10-09
sz.000959,2026-10-09,2026-10-09
sz.000960,2026-10-09,2026-10-09
sz.000961,2024-07-11,2026-10-09
sz.000962,2026-10-09,2026-10-09
sz.000963,2026-10-09,2026-10-09
sz.000965,2026-10-09,2026-10-09
sz.000966,2026-10-09,2026-10-09
sz.000967,2026-10-09,2026-10-09
sz.000968,2026-10-09,2026-10-09
sz.000969,2026-10-09,2026-10-09
sz.000970,2026-10-09,2026-10-09
sz.000971,2024-07-24,2026-10-09
sz.000972,2026-10-09,2026-10-09
sz.000973,2026-10-09,2026-10-09
sz.000975,2026-10-09,2026-10-09
sz.000976,2024-08-27,2026-10-09
sz.000977,2026-10-09,2026-10-09
sz.000978,2026-10-09,2026-10-09
sz.000979,2018-12-28,2026-10-09
sz.000980,2026-10-09,2026-10-09
sz.000981,2026-10-09,2026-10-09
sz.000982,2024-08-12,2026-10-09
sz.000983,2026-10-09,2026-10-09
sz.000985,2026-10-09,2026-10-09
sz.000987,2026-10-09,2026-10-09
sz.000988,2026-10-09,2026-10-09
sz.000989,2026-10-09,2026-10-09
sz.000990,2026-10-09,2026-10-09
sz.000993,2026-10-09,2026-10-09
sz.000995,2026-10-09,2026-10-09
sz.000996,2024-06-28,2026-10-09
sz.000997,2026-10-09,2026-10-09
sz.000998,2026-10-09,2026-10-09
sz.000999,2026-10-09,2026-10-09
sz.001201,2026-10-09,2026-10-09
sz.001202,2026-10-09,2026-10-09
sz.001203,2026-10-09,2026-10-09
sz.001205,2026-10-09,2026-10-09
sz.001206,2026-10-09,2026-10-09
sz.001207,2026-10-09,2026-10-09
sz.001208,2026-10-09,2026-10-09
sz.001209,2026-10-09,2026-10-09
sz.001210,2026-10-09,2026-10-09
sz.001211,2026-10-09,2026-10-09
sz.001212,2026-10-09,2026-10-09
sz.001213,2026-10-09,2026-10-09
sz.001215,2026-10-09,2026-10-09
sz.001216,2026-10-09,2026-10-09
sz.001217,2026-10-09,2026-10-09
sz.001218,2026-10-09,2026-10-09
sz.001219,2026-10-09,2026-10-09
sz.001220,2026-10-09,2026-10-09
sz.001221,2026-10-09,2026-10-09
sz.001222,2026-10-09,2026-10-09
sz.001223,2026-10-09,2026-10-09
sz.001225,2026-10-09,2026-10-09
sz.001226,2026-10-09,2026-10-09
sz.001227,2026-10-09,2026-10-09
sz.001228,2026-10-09,2026-10-09
sz.001229,2026-10-09,2026-10-09
sz.001230,2026-10-09,2026-10-09
sz.001231,2026-10-09,2026-10-09
sz.001232,2026-10-09,2026-10-09
sz.001233,2026-10-09,2026-10-09
sz.001234,2026-10-09,2026-10-09
sz.001236,2026-10-09,2026-10-09
sz.001237,2026-10-09,2026-10-09
sz.001238,2026-10-09,2026-10-09
sz.001239,2026-10-09,2026-10-09
sz.001246,2026-10-09,2026-10-09
sz.001248,2026-10-09,2026-10-09
sz.001255,2026-10-09,2026-10-09
sz.001256,2026-10-09,2026-10-09
sz.001257,2026-10-09,2026-10-09
sz.001258,2026-10-09,2026-10-09
sz.001259,2026-10-09,2026-10-09
sz.001260,2026-10-09,2026-10-09
sz.001266,2026-10-09,2026-10-09
sz.001267,2026-10-09,2026-10-09
sz.001268,2026-10-09,2026-10-09
sz.001269,2026-10-09,2026-10-09
sz.001270,2026-10-09,2026-10-09
sz.001277,2026-10-09,2026-10-09
sz.001278,2026-10-09,2026-10-09
sz.001279,2026-10-09,2026-10-09
sz.001280,2026-10-09,2026-10-09
sz.001282,2026-10-09,2026-10-09
sz.001283,2026-10-09,2026-10-09
sz.001285,2026-10-09,2026-10-09
sz.001286,2026-10-09,2026-10-09
sz.001287,2026-10-09,2026-10-09
sz.001288,2026-10-09,2026-10-09
sz.001289,2026-10-09,2026-10-09
sz.001296,2026-10-09,2026-10-09
sz.001298,2026-10-09,2026-10-09
sz.001299,2026-10-09,2026-10-09
sz.001300,2026-10-09,2026-10-09
sz.001301,2026-10-09,2026-10-09
sz.001306,2026-10-09,2026-10-09
sz.001308,2026-10-09,2026-10-09
sz.001309,2026-10-09,2026-10-09
sz.001311,2026-10-09,2026-10-09
sz.001312,2026-10-09,2026-10-09
sz.001313,2026-10-09,2026-10-09
sz.001314,2026-10-09,2026-10-09
sz.001316,2026-10-09,2026-10-09
sz.001317,2026-10-09,2026-10-09
sz.001318,2026-10-09,2026-10-09
sz.001319,2026-10-09,2026-10-09
sz.001322,2026-10-09,2026-10-09
sz.001323,2026-10-09,2026-10-09
sz.001324,2026-10-09,2026-10-09
sz.001325,2026-10-09,2026-10-09
sz.001326,2026-10-09,2026-10-09
sz.001328,2026-10-09,2026-10-09
sz.001330,2026-10-09,2026-10-09
sz.001331,2026-10-09,2026-10-09
sz.001332,2026-10-09,2026-10-09
sz.001333,2026-10-09,2026-10-09
sz.001335,2026-10-09,2026-10-09
sz.001336,2026-10-09,2026-10-09
sz.001337,2026-10-09,2026-10-09
sz.001338,2026-10-09,2026-10-09
sz.001339,2026-10-09,2026-10-09
sz.001356,2026-10-09,2026-10-09
sz.001358,2026-10-09,2026-10-09
sz.001359,2026-10-09,2026-10-09
sz.001360,2026-10-09,2026-10-09
sz.001365,2026-10-09,2026-10-09
sz.001366,2026-10-09,2026-10-09
sz.001367,2026-10-09,2026-10-09
sz.001368,2026-10-09,2026-10-09
sz.001369,2026-10-09,2026-10-09
sz.001373,2026-10-09,2026-10-09
sz.001376,2026-10-09,2026-10-09
sz.001378,2026-10-09,2026-10-09
sz.001379,2026-10-09,2026-10-09
sz.001380,2026-10-09,2026-10-09
sz.001382,2026-10-09,2026-10-09
sz.001386,2026-10-09,2026-10-09
sz.001387,2026-10-09,2026-10-09
sz.001388,2026-10-09,2026-10-09
sz.001389,2026-10-09,2026-10-09
sz.001390,2026-10-09,2026-10-09
sz.001391,2026-10-09,2026-10-09
sz.001393,2026-10-09,2026-10-09
sz.001395,2026-10-09,2026-10-09
sz.001396,2026-10-09,2026-10-09
sz.001399,2026-10-09,2026-10-09
sz.001400,2026-10-09,2026-10-09
sz.001696,2026-10-09,2026-10-09
sz.001872,2026-10-09,2026-10-09
sz.001896,2026-10-09,2026-10-09
sz.001914,2026-10-09,2026-10-09
sz.001965,2026-10-09,2026-10-09
sz.001979,2026-10-09,2026-10-09
sz.002001,2026-10-09,2026-10-09
sz.002002,2024-03-18,2026-10-09
sz.002003,2026-10-09,2026-10-09
sz.002004,2026-10-09,2026-10-09
sz.002005,2026-10-09,2026-10-09
sz.002006,2026-10-09,2026-10-09
sz.002007,2026-10-09,2026-10-09
sz.002008,2026-10-09,2026-10-09
sz.002009,2026-10-09,2026-10-09
sz.002010,2026-10-09,2026-10-09
sz.002011,2026-10-09,2026-10-09
sz.002012,2026-10-09,2026-10-09
sz.002013,2023-03-17,2026-10-09
sz.002014,2026-10-09,2026-10-09
sz.002015,2026-10-09,2026-10-09
sz.002016,2026-10-09,2026-10-09
sz.002017,2026-10-09,2026-10-09
sz.002018,2019-11-01,2026-10-09
sz.002019,2026-10-09,2026-10-09
sz.002020,2026-10-09,2026-10-09
sz.002021,2026-10-09,2026-10-09
sz.002022,2026-10-09,2026-10-09
sz.002023,2026-10-09,2026-10-09
sz.002024,2026-10-09,2026-10-09
sz.002025,2026-10-09,2026-10-09
sz.002026,2026-10-09,2026-10-09
sz.002027,2026-10-09,2026-10-09
sz.002028,2026-10-09,2026-10-09
sz.002029,2026-10-09,2026-10-09
sz.002030,2026-10-09,2026-10-09
sz.002031,2026-10-09,2026-10-09
sz.002032,2026-10-09,2026-10-09
sz.002033,2026-10-09,2026-10-09
sz.002034,2026-10-09,2026-10-09
sz.002035,2026-10-09,2026-10-09
sz.002036,2026-10-09,2026-10-09
sz.002037,2026-10-09,2026-10-09
sz.002038,2026-10-09,2026-10-09
sz.002039,2026-10-09,2026-10-09
sz.002040,2026-10-09,2026-10-09
sz.002041,2026-10-09,2026-10-09
sz.002042,2026-10-09,2026-10-09
sz.002043,2026-10-09,2026-10-09
sz.002044,2026-10-09,2026-10-09
sz.002045,2026-10-09,2026-10-09
sz.002046,2026-10-09,2026-10-09
sz.002047,2026-10-09,2026-10-09
sz.002048,2026-10-09,2026-10-09
sz.002049,2026-10-09,2026-10-09
sz.002050,2026-10-09,2026-10-09
sz.002051,2026-10-09,2026-10-09
sz.002052,2026-10-09,2026-10-09
sz.002053,2026-10-09,2026-10-09
sz.002054,2026-10-09,2026-10-09
sz.002055,2026-10-09,2026-10-09
sz.002056,2026-10-09,2026-10-09
sz.002057,2026-10-09,2026-10-09
sz.002058,2026-10-09,2026-10-09
sz.002059,2026-10-09,2026-10-09
sz.002060,2026-10-09,2026-10-09
sz.002061,2026-10-09,2026-10-09
sz.002062,2026-10-09,2026-10-09
sz.002063,2026-10-09,2026-10-09
sz.002064,2026-10-09,2026-10-09
sz.002065,2026-10-09,2026-10-09
sz.002066,2026-10-09,2026-10-09
sz.002067,2026-10-09,2026-10-09
sz.002068,2026-10-09,2026-10-09
sz.002069,2026-10-09,2026-10-09
sz.002070,2019-07-09,2026-10-09
sz.002071,2021-05-07,2026-10-09
sz.002072,2026-10-09,2026-10-09
sz.002073,2026-10-09,2026-10-09
sz.002074,2026-10-09,2026-10-09
sz.002075,2026-10-09,2026-10-09
sz.002076,2026-10-09,2026-10-09
sz.002077,2026-10-09,2026-10-09
sz.002078,2026-10-09,2026-10-09
sz.002079,2026-10-09,2026-10-09
sz.002080,2026-10-09,2026-10-09
sz.002081,2026-10-09,2026-10-09
sz.002082,2026-10-09,2026-10-09
sz.002083,2026-10-09,2026-10-09
sz.002084,2026-10-09,2026-10-09
sz.002085,2026-10-09,2026-10-09
sz.002086,2026-10-09,2026-10-09
sz.002087,2024-06-28,2026-10-09
sz.002088,2026-10-09,2026-10-09
sz.002089,2024-04-18,2026-10-09
sz.002090,2026-10-09,2026-10-09
sz.002091,2026-10-09,2026-10-09
sz.002092,2026-10-09,2026-10-09
sz.002093,2026-10-09,2026-10-09
sz.002094,2026-10-09,2026-10-09
sz.002095,2026-10-09,2026-10-09
sz.002096,2026-10-09,2026-10-09
sz.002097,2026-10-09,2026-10-09
sz.002098,2026-10-09,2026-10-09
sz.002099,2026-10-09,2026-10-09
sz.002100,2026-10-09,2026-10-09
sz.002101,2026-10-09,2026-10-09
sz.002102,2026-10-09,2026-10-09
sz.002103,2026-10-09,2026-10-09
sz.002104,2026-10-09,2026-10-09
sz.002105,2026-10-09,2026-10-09
sz.002106,2026-10-09,2026-10-09
sz.002107,2026-10-09,2026-10-09
sz.002108,2026-10-09,2026-10-09
sz.002109,2026-10-09,2026-10-09
sz.002110,2026-10-09,2026-10-09
sz.002111,2026-10-09,2026-10-09
sz.002112,2026-10-09,2026-10-09
sz.002113,2023-08-11,2026-10-09
sz.002114,2026-10-09,2026-10-09
sz.002115,2026-10-09,2026-10-09
sz.002116,2026-10-09,2026-10-09
sz.002117,2026-10-09,2026-10-09
sz.002118,2023-08-04,2026-10-09
sz.002119,2026-10-09,2026-10-09
sz.002120,2026-10-09,2026-10-09
sz.002121,2026-10-09,2026-10-09
sz.002122,2026-10-09,2026-10-09
sz.002123,2026-10-09,2026-10-09
sz.002124,2026-10-09,2026-10-09
sz.002125,2026-10-09,2026-10-09
sz.002126,2026-10-09,2026-10-09
sz.002127,2026-10-09,2026-10-09
sz.002128,2026-10-09,2026-10-09
sz.002129,2026-10-09,2026-10-09
sz.002130,2026-10-09,2026-10-09
sz.002131,2026-10-09,2026-10-09
sz.002132,2026-10-09,2026-10-09
sz.002133,2026-10-09,2026-10-09
sz.002134,2026-10-09,2026-10-09
sz.002135,2026-10-09,2026-10-09
sz.002136,2026-10-09,2026-10-09
sz.002137,2026-10-09,2026-10-09
sz.002138,2026-10-09,2026-10-09
sz.002139,2026-10-09,2026-10-09
sz.002140,2026-10-09,2026-10-09
sz.002141,2026-10-09,2026-10-09
sz.002142,2026-10-09,2026-10-09
sz.002143,2019-11-29,2026-10-09
sz.002144,2026-10-09,2026-10-09
sz.002145,2026-10-09,2026-10-09
sz.002146,2026-10-09,2026-10-09
sz.002147,2022-06-23,2026-10-09
sz.002148,2026-10-09,2026-10-09
sz.002149,2026-10-09,2026-10-09
sz.002150,2026-10-09,2026-10-09
sz.002151,2026-10-09,2026-10-09
sz.002152,2026-10-09,2026-10-09
sz.002153,2026-10-09,2026-10-09
sz.002154,2026-10-09,2026-10-09
sz.002155,2026-10-09,2026-10-09
sz.002156,2026-10-09,2026-10-09
sz.002157,2026-10-09,2026-10-09
sz.002158,2026-10-09,2026-10-09
sz.002159,2026-10-09,2026-10-09
sz.002160,2026-10-09,2026-10-09
sz.002161,2026-10-09,2026-10-09
sz.002162,2026-10-09,2026-10-09
sz.002163,2026-10-09,2026-10-09
sz.002164,2026-10-09,2026-10-09
sz.002165,2026-10-09,2026-10-09
sz.002166,2026-10-09,2026-10-09
sz.002167,2026-10-09,2026-10-09
sz.002168,2026-10-09,2026-10-09
sz.002169,2026-10-09,2026-10-09
sz.002170,2026-10-09,2026-10-09
sz.002171,2026-10-09,2026-10-09
sz.002172,2026-10-09,2026-10-09
sz.002173,2026-10-09,2026-10-09
sz.002174,2026-10-09,2026-10-09
sz.002175,2026-10-09,2026-10-09
sz.002176,2026-10-09,2026-10-09
sz.002177,2026-10-09,2026-10-09
sz.002178,2026-10-09,2026-10-09
sz.002179,2026-10-09,2026-10-09
sz.002180,2026-10-09,2026-10-09
sz.002181,2026-10-09,2026-10-09
sz.002182,2026-10-09,2026-10-09
sz.002183,2026-10-09,2026-10-09
sz.002184,2026-10-09,2026-10-09
sz.002185,2026-10-09,2026-10-09
sz.002186,2026-10-09,2026-10-09
sz.002187,2026-10-09,2026-10-09
sz.002188,2026-10-09,2026-10-09
sz.002189,2026-10-09,2026-10-09
sz.002190,2026-10-09,2026-10-09
sz.002191,2026-10-09,2026-10-09
sz.002192,2026-10-09,2026-10-09
sz.002193,2026-10-09,2026-10-09
sz.002194,2026-10-09,2026-10-09
sz.002195,2026-10-09,2026-10-09
sz.002196,2026-10-09,2026-10-09
sz.002197,2026-10-09,2026-10-09
sz.002198,2026-10-09,2026-10-09
sz.002199,2026-10-09,2026-10-09
sz.002200,2026-10-09,2026-10-09
sz.002201,2026-10-09,2026-10-09
sz.002202,2026-10-09,2026-10-09
sz.002203,2026-10-09,2026-10-09
sz.002204,2026-10-09,2026-10-09
sz.002205,2026-10-09,2026-10-09
sz.002206,2026-10-09,2026-10-09
sz.002207,2026-10-09,2026-10-09
sz.002208,2026-10-09,2026-10-09
sz.002209,2026-10-09,2026-10-09
sz.002210,2026-10-09,2026-10-09
sz.002211,2026-10-09,2026-10-09
sz.002212,2026-10-09,2026-10-09
sz.002213,2026-10-09,2026-10-09
sz.002214,2026-10-09,2026-10-09
sz.002215,2026-10-09,2026-10-09
sz.002216,2026-10-09,2026-10-09
sz.002217,2026-10-09,2026-10-09
sz.002218,2026-10-09,2026-10-09
sz.002219,2026-10-09,2026-10-09
sz.002220,2020-08-11,2026-10-09
sz.002221,2026-10-09,2026-10-09
sz.002222,2026-10-09,2026-10-09
sz.002223,2026-10-09,2026-10-09
sz.002224,2026-10-09,2026-10-09
sz.002225,2026-10-09,2026-10-09
sz.002226,2026-10-09,2026-10-09
sz.002227,2026-10-09,2026-10-09
sz.002228,2026-10-09,2026-10-09
sz.002229,2026-10-09,2026-10-09
sz.002230,2026-10-09,2026-10-09
sz.002231,2026-03-27,2026-10-09
sz.002232,2026-10-09,2026-10-09
sz.002233,2026-10-09,2026-10-09
sz.002234,2026-10-09,2026-10-09
sz.002235,2026-10-09,2026-10-09
sz.002236,2026-10-09,2026-10-09
sz.002237,2026-10-09,2026-10-09
sz.002238,2026-10-09,2026-10-09
sz.002239,2026-10-09,2026-10-09
sz.002240,2026-10-09,2026-10-09
sz.002241,2026-10-09,2026-10-09
sz.002242,2026-10-09,2026-10-09
sz.002243,2026-10-09,2026-10-09
sz.002244,2026-10-09,2026-10-09
sz.002245,2026-10-09,2026-10-09
sz.002246,2026-10-09,2026-10-09
sz.002247,2026-10-09,2026-10-09
sz.002248,2026-10-09,2026-10-09
sz.002249,2026-10-09,2026-10-09
sz.002250,2026-10-09,2026-10-09
sz.002251,2026-10-09,2026-10-09
sz.002252,2026-10-09,2026-10-09
sz.002253,2026-10-09,2026-10-09
sz.002254,2026-10-09,2026-10-09
sz.002255,2026-10-09,2026-10-09
sz.002256,2026-10-09,2026-10-09
sz.002258,2026-10-09,2026-10-09
sz.002259,2026-10-09,2026-10-09
sz.002260,2022-06-17,2026-10-09
sz.002261,2026-10-09,2026-10-09
sz.002262,2026-10-09,2026-10-09
sz.002263,2026-10-09,2026-10-09
sz.002264,2026-10-09,2026-10-09
sz.002265,2026-10-09,2026-10-09
sz.002266,2026-10-09,2026-10-09
sz.002267,2026-10-09,2026-10-09
sz.002268,2026-10-09,2026-10-09
sz.002269,2026-10-09,2026-10-09
sz.002270,2026-10-09,2026-10-09
sz.002271,2026-10-09,2026-10-09
sz.002272,2026-10-09,2026-10-09
sz.002273,2026-10-09,2026-10-09
sz.002274,2026-10-09,2026-10-09
sz.002275,2026-10-09,2026-10-09
sz.002276,2026-10-09,2026-10-09
sz.002277,2026-10-09,2026-10-09
sz.002278,2026-10-09,2026-10-09
sz.002279,2026-10-09,2026-10-09
sz.002280,2024-08-16,2026-10-09
sz.002281,2026-10-09,2026-10-09
sz.002282,2026-10-09,2026-10-09
sz.002283,2026-10-09,2026-10-09
sz.002284,2026-10-09,2026-10-09
sz.002285,2026-10-09,2026-10-09
sz.002286,2026-10-09,2026-10-09
sz.002287,2026-10-09,2026-10-09
sz.002288,2024-08-19,2026-10-09
sz.002289,2026-10-09,2026-10-09
sz.002290,2026-10-09,2026-10-09
sz.002291,2026-10-09,2026-10-09
sz.002292,2026-10-09,2026-10-09
sz.002293,2026-10-09,2026-10-09
sz.002294,2026-10-09,2026-10-09
sz.002295,2026-10-09,2026-10-09
sz.002296,2026-10-09,2026-10-09
sz.002297,2026-10-09,2026-10-09
sz.002298,2026-10-09,2026-10-09
sz.002299,2026-10-09,2026-10-09
sz.002300,2026-10-09,2026-10-09
sz.002301,2026-10-09,2026-10-09
sz.002302,2026-10-09,2026-10-09
sz.002303,2026-10-09,2026-10-09
sz.002304,2026-10-09,2026-10-09
sz.002305,2026-10-09,2026-10-09
sz.002306,2026-10-09,2026-10-09
sz.002307,2026-10-09,2026-10-09
sz.002308,2024-09-27,2026-10-09
sz.002309,2026-10-09,2026-10-09
sz.002310,2026-10-09,2026-10-09
sz.002311,2026-10-09,2026-10-09
sz.002312,2026-10-09,2026-10-09
sz.002313,2026-10-09,2026-10-09
sz.002314,2026-10-09,2026-10-09
sz.002315,2026-10-09,2026-10-09
sz.002316,2026-10-09,2026-10-09
sz.002317,2026-10-09,2026-10-09
sz.002318,2026-10-09,2026-10-09
sz.002319,2026-10-09,2026-10-09
sz.002320,2026-10-09,2026-10-09
sz.002321,2026-10-09,2026-10-09
sz.002322,2026-10-09,2026-10-09
sz.002323,2026-10-09,2026-10-09
sz.002324,2026-10-09,2026-10-09
sz.002325,2024-08-15,2026-10-09
sz.002326,2026-10-09,2026-10-09
sz.002327,2026-10-09,2026-10-09
sz.002328,2026-10-09,2026-10-09
sz.002329,2026-10-09,2026-10-09
sz.002330,2026-10-09,2026-10-09
sz.002331,2026-10-09,2026-10-09
sz.002332,2026-10-09,2026-10-09
sz.002333,2026-10-09,2026-10-09
sz.002334,2026-10-09,2026-10-09
sz.002335,2026-10-09,2026-10-09
sz.002336,2025-07-04,2026-10-09
sz.002337,2026-10-09,2026-10-09
sz.002338,2026-10-09,2026-10-09
sz.002339,2026-10-09,2026-10-09
sz.002340,2026-10-09,2026-10-09
sz.002341,2024-08-23,2026-10-09
sz.002342,2026-10-09,2026-10-09
sz.002343,2026-10-09,2026-10-09
sz.002344,2026-10-09,2026-10-09
sz.002345,2026-10-09,2026-10-09
sz.002346,2026-10-09,2026-10-09
sz.002347,2026-10-09,2026-10-09
sz.002348,2026-10-09,2026-10-09
sz.002349,2026-10-09,2026-10-09
sz.002350,2026-10-09,2026-10-09
sz.002351,2026-10-09,2026-10-09
sz.002352,2026-10-09,2026-10-09
sz.002353,2026-10-09,2026-10-09
sz.002354,2026-10-09,2026-10-09
sz.002355,2026-10-09,2026-10-09
sz.002356,2026-10-09,2026-10-09
sz.002357,2026-10-09,2026-10-09
sz.002358,2026-10-09,2026-10-09
sz.002359,2021-07-23,2026-10-09
sz.002360,2026-10-09,2026-10-09
sz.002361,2026-10-09,2026-10-09
sz.002362,2026-10-09,2026-10-09
sz.002363,2026-10-09,2026-10-09
sz.002364,2026-10-09,2026-10-09
sz.002365,2026-10-09,2026-10-09
sz.002366,2026-10-09,2026-10-09
sz.002367,2026-10-09,2026-10-09
sz.002368,2026-10-09,2026-10-09
sz.002369,2026-10-09,2026-10-09
sz.002370,2026-10-09,2026-10-09
sz.002371,2026-10-09,2026-10-09
sz.002372,2026-10-09,2026-10-09
sz.002373,2026-10-09,2026-10-09
sz.002374,2026-10-09,2026-10-09
sz.002375,2026-10-09,2026-10-09
sz.002376,2026-10-09,2026-10-09
sz.002377,2026-10-09,2026-10-09
sz.002378,2026-10-09,2026-10-09
sz.002379,2026-10-09,2026-10-09
sz.002380,2026-10-09,2026-10-09
sz.002381,2026-10-09,2026-10-09
sz.002382,2026-10-09,2026-10-09
sz.002383,2026-10-09,2026-10-09
sz.002384,2026-10-09,2026-10-09
sz.002385,2026-10-09,2026-10-09
sz.002386,2026-10-09,2026-10-09
sz.002387,2026-10-09,2026-10-09
sz.002388,2026-10-09,2026-10-09
sz.002389,2026-10-09,2026-10-09
sz.002390,2026-10-09,2026-10-09
sz.002391,2026-10-09,2026-10-09
sz.002392,2026-10-09,2026-10-09
sz.002393,2026-10-09,2026-10-09
sz.002394,2026-10-09,2026-10-09
sz.002395,2026-10-09,2026-10-09
sz.002396,2026-10-09,2026-10-09
sz.002397,2026-10-09,2026-10-09
sz.002398,2026-10-09,2026-10-09
sz.002399,2026-10-09,2026-10-09
sz.002400,2026-10-09,2026-10-09
sz.002401,2026-10-09,2026-10-09
sz.002402,2026-10-09,2026-10-09
sz.002403,2026-10-09,2026-10-09
sz.002404,2026-10-09,2026-10-09
sz.002405,2026-10-09,2026-10-09
sz.002406,2026-10-09,2026-10-09
sz.002407,2026-10-09,2026-10-09
sz.002408,2026-10-09,2026-10-09
sz.002409,2026-10-09,2026-10-09
sz.002410,2026-10-09,2026-10-09
sz.002411,2023-07-12,2026-10-09
sz.002412,2026-10-09,2026-10-09
sz.002413,2026-10-09,2026-10-09
sz.002414,2026-10-09,2026-10-09
sz.002415,2026-10-09,2026-10-09
sz.002416,2026-10-09,2026-10-09
sz.002417,2023-07-10,2026-10-09
sz.002418,2026-10-09,2026-10-09
sz.002419,2026-10-09,2026-10-09
sz.002420,2026-10-09,2026-10-09
sz.002421,2026-10-09,2026-10-09
sz.002422,2026-10-09,2026-10-09
sz.002423,2026-10-09,2026-10-09
sz.002424,2026-10-09,2026-10-09
sz.002425,2026-10-09,2026-10-09
sz.002426,2026-10-09,2026-10-09
sz.002427,2026-10-09,2026-10-09
sz.002428,2026-10-09,2026-10-09
sz.002429,2026-10-09,2026-10-09
sz.002430,2026-10-09,2026-10-09
sz.002431,2026-10-09,2026-10-09
sz.002432,2026-10-09,2026-10-09
sz.002433,2024-07-05,2026-10-09
sz.002434,2026-10-09,2026-10-09
sz.002435,2024-08-15,2026-10-09
sz.002436,2026-10-09,2026-10-09
sz.002437,2026-10-09,2026-10-09
sz.002438,2026-10-09,2026-10-09
sz.002439,2026-10-09,2026-10-09
sz.002440,2026-10-09,2026-10-09
sz.002441,2026-10-09,2026-10-09
sz.002442,2026-10-09,2026-10-09
sz.002443,2026-10-09,2026-10-09
sz.002444,2026-10-09,2026-10-09
sz.002445,2026-10-09,2026-10-09
sz.002446,2026-10-09,2026-10-09
sz.002447,2022-06-27,2026-10-09
sz.002448,2026-10-09,2026-10-09
sz.002449,2026-10-09,2026-10-09
sz.002450,2021-05-31,2026-10-09
sz.002451,2026-10-09,2026-10-09
sz.002452,2026-10-09,2026-10-09
sz.002453,2026-10-09,2026-10-09
sz.002454,2026-10-09,2026-10-09
sz.002455,2026-10-09,2026-10-09
sz.002456,2026-10-09,2026-10-09
sz.002457,2026-10-09,2026-10-09
sz.002458,2026-10-09,2026-10-09
sz.002459,2026-10-09,2026-10-09
sz.002460,2026-10-09,2026-10-09
sz.002461,2026-10-09,2026-10-09
sz.002462,2026-10-09,2026-10-09
sz.002463,2026-10-09,2026-10-09
sz.002464,2022-06-28,2026-10-09
sz.002465,2026-10-09,2026-10-09
sz.002466,2026-10-09,2026-10-09
sz.002467,2026-10-09,2026-10-09
sz.002468,2026-10-09,2026-10-09
sz.002469,2026-10-09,2026-10-09
sz.002470,2026-10-09,2026-10-09
sz.002471,2026-10-09,2026-10-09
sz.002472,2026-10-09,2026-10-09
sz.002473,2022-06-22,2026-10-09
sz.002474,2026-10-09,2026-10-09
sz.002475,2026-10-09,2026-10-09
sz.002476,2026-10-09,2026-10-09
sz.002477,2019-10-16,2026-10-09
sz.002478,2026-10-09,2026-10-09
sz.002479,2026-10-09,2026-10-09
sz.002480,2026-10-09,2026-10-09
sz.002481,2026-10-09,2026-10-09
sz.002482,2026-10-09,2026-10-09
sz.002483,2026-10-09,2026-10-09
sz.002484,2026-10-09,2026-10-09
sz.002485,2026-10-09,2026-10-09
sz.002486,2026-10-09,2026-10-09
sz.002487,2026-10-09,2026-10-09
sz.002488,2026-10-09,2026-10-09
sz.002489,2026-10-09,2026-10-09
sz.002490,2026-10-09,2026-10-09
sz.002491,2026-10-09,2026-10-09
sz.002492,2026-10-09,2026-10-09
sz.002493,2026-10-09,2026-10-09
sz.002494,2026-10-09,2026-10-09
sz.002495,2026-10-09,2026-10-09
sz.002496,2026-10-09,2026-10-09
sz.002497,2026-10-09,2026-10-09
sz.002498,2026-10-09,2026-10-09
sz.002499,2023-04-18,2026-10-09
sz.002500,2026-10-09,2026-10-09
sz.002501,2026-10-09,2026-10-09
sz.002502,2024-09-05,2026-10-09
sz.002503,2023-08-11,2026-10-09
sz.002504,2023-08-21,2026-10-09
sz.002505,2024-08-30,2026-10-09
sz.002506,2026-10-09,2026-10-09
sz.002507,2026-10-09,2026-10-09
sz.002508,2026-10-09,2026-10-09
sz.002509,2020-07-20,2026-10-09
sz.002510,2026-10-09,2026-10-09
sz.002511,2026-10-09,2026-10-09
sz.002512,2026-10-09,2026-10-09
sz.002513,2026-10-09,2026-10-09
sz.002514,2026-10-09,2026-10-09
sz.002515,2026-10-09,2026-10-09
sz.002516,2026-10-09,2026-10-09
sz.002517,2026-10-09,2026-10-09
sz.002518,2026-10-09,2026-10-09
sz.002519,2026-10-09,2026-10-09
sz.002520,2026-10-09,2026-10-09
sz.002521,2026-10-09,2026-10-09
sz.002522,2026-10-09,2026-10-09
sz.002523,2026-10-09,2026-10-09
sz.002524,2026-10-09,2026-10-09
sz.002526,2026-10-09,2026-10-09
sz.002527,2026-10-09,2026-10-09
sz.002528,2026-10-09,2026-10-09
sz.002529,2026-10-09,2026-10-09
sz.002530,2026-10-09,2026-10-09
sz.002531,2026-10-09,2026-10-09
sz.002532,2026-10-09,2026-10-09
sz.002533,2026-10-09,2026-10-09
sz.002534,2026-10-09,2026-10-09
sz.002535,2026-10-09,2026-10-09
sz.002536,2026-10-09,2026-10-09
sz.002537,2026-10-09,2026-10-09
sz.002538,2026-10-09,2026-10-09
sz.002539,2026-10-09,2026-10-09
sz.002540,2026-10-09,2026-10-09
sz.002541,2026-10-09,2026-10-09
sz.002542,2026-10-09,2026-10-09
sz.002543,2026-10-09,2026-10-09
sz.002544,2026-10-09,2026-10-09
sz.002545,2026-10-09,2026-10-09
sz.002546,2026-10-09,2026-10-09
sz.002547,2026-10-09,2026-10-09
sz.002548,2026-10-09,2026-10-09
sz.002549,2026-10-09,2026-10-09
sz.002550,2026-10-09,2026-10-09
sz.002551,2026-10-09,2026-10-09
sz.002552,2026-10-09,2026-10-09
sz.002553,2026-10-09,2026-10-09
sz.002554,2026-10-09,2026-10-09
sz.002555,2026-10-09,2026-10-09
sz.002556,2026-10-09,2026-10-09
sz.002557,2026-10-09,2026-10-09
sz.002558,2026-10-09,2026-10-09
sz.002559,2026-10-09,2026-10-09
sz.002560,2026-10-09,2026-10-09
sz.002561,2026-10-09,2026-10-09
sz.002562,2026-10-09,2026-10-09
sz.002563,2026-10-09,2026-10-09
sz.002564,2026-10-09,2026-10-09
sz.002565,2026-10-09,2026-10-09
sz.002566,2026-10-09,2026-10-09
sz.002567,2026-10-09,2026-10-09
sz.002568,2026-10-09,2026-10-09
sz.002569,2026-10-09,2026-10-09
sz.002570,2026-10-09,2026-10-09
sz.002571,2026-10-09,2026-10-09
sz.002572,2026-10-09,2026-10-09
sz.002573,2026-10-09,2026-10-09
sz.002574,2026-10-09,2026-10-09
sz.002575,2026-10-09,2026-10-09
sz.002576,2026-10-09,2026-10-09
sz.002577,2026-10-09,2026-10-09
sz.002578,2026-10-09,2026-10-09
sz.002579,2026-10-09,2026-10-09
sz.002580,2026-10-09,2026-10-09
sz.002581,2026-10-09,2026-10-09
sz.002582,2026-10-09,2026-10-09
sz.002583,2026-10-09,2026-10-09
sz.002584,2026-10-09,2026-10-09
sz.002585,2026-10-09,2026-10-09
sz.002586,2026-10-09,2026-10-09
sz.002587,2026-10-09,2026-10-09
sz.002588,2026-10-09,2026-10-09
sz.002589,2026-10-09,2026-10-09
sz.002590,2026-10-09,2026-10-09
sz.002591,2026-10-09,2026-10-09
sz.002592,2026-10-09,2026-10-09
sz.002593,2026-10-09,2026-10-09
sz.002594,2026-10-09,2026-10-09
sz.002595,2026-10-09,2026-10-09
sz.002596,2026-10-09,2026-10-09
sz.002597,2026-10-09,2026-10-09
sz.002598,2026-10-09,2026-10-09
sz.002599,2026-10-09,2026-10-09
sz.002600,2026-10-09,2026-10-09
sz.002601,2026-10-09,2026-10-09
sz.002602,2026-10-09,2026-10-09
sz.002603,2026-10-09,2026-10-09
sz.002604,2020-07-15,2026-10-09
sz.002605,2026-10-09,2026-10-09
sz.002606,2026-10-09,2026-10-09
sz.002607,2026-10-09,2026-10-09
sz.002608,2026-10-09,2026-10-09
sz.002609,2026-10-09,2026-10-09
sz.002610,2024-08-12,2026-10-09
sz.002611,2026-10-09,2026-10-09
sz.002612,2026-10-09,2026-10-09
sz.002613,2026-10-09,2026-10-09
sz.002614,2026-10-09,2026-10-09
sz.002615,2026-10-09,2026-10-09
sz.002616,2026-10-09,2026-10-09
sz.002617,2026-10-09,2026-10-09
sz.002618,2022-06-22,2026-10-09
sz.002619,2022-04-28,2026-10-09
sz.002620,2026-10-09,2026-10-09
sz.002621,2024-08-05,2026-10-09
sz.002622,2026-10-09,2026-10-09
sz.002623,2026-10-09,2026-10-09
sz.002624,2026-10-09,2026-10-09
sz.002625,2026-10-09,2026-10-09
sz.002626,2026-10-09,2026-10-09
sz.002627,2026-10-09,2026-10-09
sz.002628,2026-10-09,2026-10-09
sz.002629,2026-10-09,2026-10-09
sz.002630,2026-10-09,2026-10-09
sz.002631,2026-10-09,2026-10-09
sz.002632,2026-10-09,2026-10-09
sz.002633,2026-10-09,2026-10-09
sz.002634,2026-10-09,2026-10-09
sz.002635,2026-10-09,2026-10-09
sz.002636,2026-10-09,2026-10-09
sz.002637,2026-10-09,2026-10-09
sz.002638,2026-10-09,2026-10-09
sz.002639,2026-10-09,2026-10-09
sz.002640,2026-10-09,2026-10-09
sz.002641,2026-10-09,2026-10-09
sz.002642,2026-10-09,2026-10-09
sz.002643,2026-10-09,2026-10-09
sz.002644,2026-10-09,2026-10-09
sz.002645,2026-10-09,2026-10-09
sz.002646,2026-10-09,2026-10-09
sz.002647,2026-10-09,2026-10-09
sz.002648,2026-10-09,2026-10-09
sz.002649,2026-10-09,2026-10-09
sz.002650,2026-10-09,2026-10-09
sz.002651,2026-10-09,2026-10-09
sz.002652,2026-10-09,2026-10-09
sz.002653,2026-10-09,2026-10-09
sz.002654,2026-10-09,2026-10-09
sz.002655,2026-10-09,2026-10-09
sz.002656,2026-10-09,2026-10-09
sz.002657,2026-10-09,2026-10-09
sz.002658,2026-10-09,2026-10-09
sz.002659,2026-10-09,2026-10-09
sz.002660,2026-10-09,2026-10-09
sz.002661,2026-10-09,2026-10-09
sz.002662,2026-10-09,2026-10-09
sz.002663,2026-10-09,2026-10-09
sz.002664,2026-10-09,2026-10-09
sz.002665,2024-08-26,2026-10-09
sz.002666,2026-10-09,2026-10-09
sz.002667,2026-10-09,2026-10-09
sz.002668,2026-10-09,2026-10-09
sz.002669,2026-10-09,2026-10-09
sz.002670,2026-10-09,2026-10-09
sz.002671,2026-10-09,2026-10-09
sz.002672,2026-10-09,2026-10-09
sz.002673,2026-10-09,2026-10-09
sz.002674,2026-10-09,2026-10-09
sz.002675,2026-10-09,2026-10-09
sz.002676,2026-10-09,2026-10-09
sz.002677,2026-10-09,2026-10-09
sz.002678,2026-10-09,2026-10-09
sz.002679,2026-10-09,2026-10-09
sz.002680,2019-11-27,2026-10-09
sz.002681,2026-10-09,2026-10-09
sz.002682,2026-10-09,2026-10-09
sz.002683,2026-10-09,2026-10-09
sz.002684,2022-06-27,2026-10-09
sz.002685,2026-10-09,2026-10-09
sz.002686,2026-10-09,2026-10-09
sz.002687,2026-10-09,2026-10-09
sz.002688,2026-10-09,2026-10-09
sz.002689,2026-10-09,2026-10-09
sz.002690,2026-10-09,2026-10-09
sz.002691,2026-10-09,2026-10-09
sz.002692,2026-10-09,2026-10-09
sz.002693,2026-10-09,2026-10-09
sz.002694,2026-10-09,2026-10-09
sz.002695,2026-10-09,2026-10-09
sz.002696,2026-10-09,2026-10-09
sz.002697,2026-10-09,2026-10-09
sz.002698,2026-10-09,2026-10-09
sz.002699,2024-06-05,2026-10-09
sz.002700,2026-10-09,2026-10-09
sz.002701,2026-10-09,2026-10-09
sz.002702,2026-10-09,2026-10-09
sz.002703,2026-10-09,2026-10-09
sz.002705,2026-10-09,2026-10-09
sz.002706,2026-10-09,2026-10-09
sz.002707,2026-10-09,2026-10-09
sz.002708,2026-10-09,2026-10-09
sz.002709,2026-10-09,2026-10-09
sz.002711,2021-07-15,2026-10-09
sz.002712,2026-10-09,2026-10-09
sz.002713,2026-10-09,2026-10-09
sz.002714,2026-10-09,2026-10-09
sz.002715,2026-10-09,2026-10-09
sz.002716,2026-10-09,2026-10-09
sz.002717,2026-10-09,2026-10-09
sz.002718,2026-10-09,2026-10-09
sz.002719,2026-10-09,2026-10-09
sz.002721,2026-10-09,2026-10-09
sz.002722,2026-10-09,2026-10-09
sz.002723,2026-10-09,2026-10-09
sz.002724,2026-10-09,2026-10-09
sz.002725,2026-10-09,2026-10-09
sz.002726,2026-10-09,2026-10-09
sz.002727,2026-10-09,2026-10-09
sz.002728,2026-10-09,2026-10-09
sz.002729,2026-10-09,2026-10-09
sz.002730,2026-10-09,2026-10-09
sz.002731,2026-10-09,2026-10-09
sz.002732,2026-10-09,2026-10-09
sz.002733,2026-10-09,2026-10-09
sz.002734,2026-10-09,2026-10-09
sz.002735,2026-10-09,2026-10-09
sz.002736,2026-10-09,2026-10-09
sz.002737,2026-10-09,2026-10-09
sz.002738,2026-10-09,2026-10-09
sz.002739,2026-10-09,2026-10-09
sz.002740,2024-03-04,2026-10-09
sz.002741,2026-10-09,2026-10-09
sz.002742,2026-10-09,2026-10-09
sz.002743,2026-10-09,2026-10-09
sz.002745,2026-10-09,2026-10-09
sz.002746,2026-10-09,2026-10-09
sz.002747,2026-10-09,2026-10-09
sz.002748,2026-10-09,2026-10-09
sz.002749,2026-10-09,2026-10-09
sz.002750,2025-06-27,2026-10-09
sz.002751,2023-07-13,2026-10-09
sz.002752,2026-10-09,2026-10-09
sz.002753,2026-10-09,2026-10-09
sz.002755,2026-10-09,2026-10-09
sz.002756,2026-10-09,2026-10-09
sz.002757,2026-10-09,2026-10-09
sz.002758,2026-10-09,2026-10-09
sz.002759,2026-10-09,2026-10-09
sz.002760,2026-10-09,2026-10-09
sz.002761,2026-10-09,2026-10-09
sz.002762,2026-10-09,2026-10-09
sz.002763,2026-10-09,2026-10-09
sz.002765,2026-10-09,2026-10-09
sz.002766,2026-10-09,2026-10-09
sz.002767,2026-10-09,2026-10-09
sz.002768,2026-10-09,2026-10-09
sz.002769,2026-10-09,2026-10-09
sz.002770,2022-06-23,2026-10-09
sz.002771,2026-10-09,2026-10-09
sz.002772,2026-10-09,2026-10-09
sz.002773,2026-10-09,2026-10-09
sz.002774,2026-10-09,2026-10-09
sz.002775,2026-10-09,2026-10-09
sz.002776,2024-01-25,2026-10-09
sz.002777,2026-10-09,2026-10-09
sz.002778,2026-10-09,2026-10-09
sz.002779,2026-10-09,2026-10-09
sz.002780,2026-10-09,2026-10-09
sz.002781,2023-07-05,2026-10-09
sz.002782,2026-10-09,2026-10-09
sz.002783,2026-10-09,2026-10-09
sz.002785,2026-10-09,2026-10-09
sz.002786,2026-10-09,2026-10-09
sz.002787,2026-10-09,2026-10-09
sz.002788,2026-10-09,2026-10-09
sz.002789,2026-10-09,2026-10-09
sz.002790,2026-10-09,2026-10-09
sz.002791,2026-10-09,2026-10-09
sz.002792,2026-10-09,2026-10-09
sz.002793,2026-10-09,2026-10-09
sz.002795,2026-10-09,2026-10-09
sz.002796,2026-10-09,2026-10-09
sz.002797,2026-10-09,2026-10-09
sz.002798,2026-10-09,2026-10-09
sz.002799,2026-10-09,2026-10-09
sz.002800,2026-10-09,2026-10-09
sz.002801,2026-10-09,2026-10-09
sz.002802,2026-10-09,2026-10-09
sz.002803,2026-10-09,2026-10-09
sz.002805,2026-10-09,2026-10-09
sz.002806,2026-10-09,2026-10-09
sz.002807,2026-10-09,2026-10-09
sz.002808,2026-07-14,2026-10-09
sz.002809,2026-10-09,2026-10-09
sz.002810,2026-10-09,2026-10-09
sz.002811,2026-10-09,2026-10-09
sz.002812,2026-10-09,2026-10-09
sz.002813,2026-10-09,2026-10-09
sz.002815,2026-10-09,2026-10-09
sz.002816,2026-10-09,2026-10-09
sz.002817,2026-10-09,2026-10-09
sz.002818,2026-10-09,2026-10-09
sz.002819,2026-10-09,2026-10-09
sz.002820,2026-10-09,2026-10-09
sz.002821,2026-10-09,2026-10-09
sz.002822,2026-10-09,2026-10-09
sz.002823,2026-10-09,2026-10-09
sz.002824,2026-10-09,2026-10-09
sz.002825,2026-10-09,2026-10-09
sz.002826,2026-10-09,2026-10-09
sz.002827,2026-10-09,2026-10-09
sz.002828,2026-10-09,2026-10-09
sz.002829,2026-10-09,2026-10-09
sz.002830,2026-10-09,2026-10-09
sz.002831,2026-10-09,2026-10-09
sz.002832,2026-10-09,2026-10-09
sz.002833,2026-10-09,2026-10-09
sz.002835,2026-10-09,2026-10-09
sz.002836,2026-10-09,2026-10-09
sz.002837,2026-10-09,2026-10-09
sz.002838,2026-10-09,2026-10-09
sz.002839,2026-10-09,2026-10-09
sz.002840,2026-10-09,2026-10-09
sz.002841,2026-10-09,2026-10-09
sz.002842,2026-10-09,2026-10-09
sz.002843,2026-10-09,2026-10-09
sz.002845,2026-10-09,2026-10-09
sz.002846,2026-10-09,2026-10-09
sz.002847,2026-10-09,2026-10-09
sz.002848,2026-10-09,2026-10-09
sz.002849,2026-10-09,2026-10-09
sz.002850,2026-10-09,2026-10-09
sz.002851,2026-10-09,2026-10-09
sz.002852,2026-10-09,2026-10-09
sz.002853,2026-10-09,2026-10-09
sz.002855,2026-10-09,2026-10-09
sz.002856,2026-10-09,2026-10-09
sz.002857,2026-10-09,2026-10-09
sz.002858,2026-10-09,2026-10-09
sz.002859,2026-10-09,2026-10-09
sz.002860,2026-10-09,2026-10-09
sz.002861,2026-10-09,2026-10-09
sz.002862,2026-10-09,2026-10-09
sz.002863,2026-10-09,2026-10-09
sz.002864,2026-10-09,2026-10-09
sz.002865,2026-10-09,2026-10-09
sz.002866,2026-10-09,2026-10-09
sz.002867,2026-10-09,2026-10-09
sz.002868,2026-10-09,2026-10-09
sz.002869,2026-10-09,2026-10-09
sz.002870,2026-10-09,2026-10-09
sz.002871,2026-10-09,2026-10-09
sz.002872,2026-10-09,2026-10-09
sz.002873,2026-10-09,2026-10-09
sz.002875,2026-10-09,2026-10-09
sz.002876,2026-10-09,2026-10-09
sz.002877,2026-10-09,2026-10-09
sz.002878,2026-10-09,2026-10-09
sz.002879,2026-10-09,2026-10-09
sz.002880,2026-10-09,2026-10-09
sz.002881,2026-10-09,2026-10-09
sz.002882,2026-10-09,2026-10-09
sz.002883,2026-10-09,2026-10-09
sz.002884,2026-10-09,2026-10-09
sz.002885,2026-10-09,2026-10-09
sz.002886,2026-10-09,2026-10-09
sz.002887,2026-10-09,2026-10-09
sz.002888,2026-10-09,2026-10-09
sz.002889,2026-10-09,2026-10-09
sz.002890,2026-10-09,2026-10-09
sz.002891,2026-10-09,2026-10-09
sz.002892,2026-10-09,2026-10-09
sz.002893,2026-10-09,2026-10-09
sz.002895,2026-10-09,2026-10-09
sz.002896,2026-10-09,2026-10-09
sz.002897,2026-10-09,2026-10-09
sz.002898,2026-07-17,2026-10-09
sz.002899,2026-10-09,2026-10-09
sz.002900,2026-10-09,2026-10-09
sz.002901,2026-10-09,2026-10-09
sz.002902,2026-10-09,2026-10-09
sz.002903,2026-10-09,2026-10-09
sz.002905,2026-10-09,2026-10-09
sz.002906,2026-10-09,2026-10-09
sz.002907,2026-10-09,2026-10-09
sz.002908,2026-10-09,2026-10-09
sz.002909,2026-10-09,2026-10-09
sz.002910,2026-10-09,2026-10-09
sz.002911,2026-10-09,2026-10-09
sz.002912,2026-10-09,2026-10-09
sz.002913,2026-10-09,2026-10-09
sz.002915,2026-10-09,2026-10-09
sz.002916,2026-10-09,2026-10-09
sz.002917,2026-10-09,2026-10-09
sz.002918,2026-10-09,2026-10-09
sz.002919,2026-10-09,2026-10-09
sz.002920,2026-10-09,2026-10-09
sz.002921,2026-10-09,2026-10-09
sz.002922,2026-10-09,2026-10-09
sz.002923,2026-10-09,2026-10-09
sz.002925,2026-10-09,2026-10-09
sz.002926,2026-10-09,2026-10-09
sz.002927,2026-10-09,2026-10-09
sz.002928,2026-10-09,2026-10-09
sz.002929,2026-10-09,2026-10-09
sz.002930,2026-10-09,2026-10-09
sz.002931,2026-10-09,2026-10-09
sz.002932,2026-10-09,2026-10-09
sz.002933,2026-10-09,2026-10-09
sz.002935,2026-10-09,2026-10-09
sz.002936,2026-10-09,2026-10-09
sz.002937,2026-10-09,2026-10-09
sz.002938,2026-10-09,2026-10-09
sz.002939,2026-10-09,2026-10-09
sz.002940,2026-10-09,2026-10-09
sz.002941,2026-10-09,2026-10-09
sz.002942,2026-10-09,2026-10-09
sz.002943,2026-10-09,2026-10-09
sz.002945,2026-10-09,2026-10-09
sz.002946,2026-10-09,2026-10-09
sz.002947,2026-10-09,2026-10-09
sz.002948,2026-10-09,2026-10-09
sz.002949,2026-10-09,2026-10-09
sz.002950,2026-10-09,2026-10-09
sz.002951,2026-10-09,2026-10-09
sz.002952,2026-10-09,2026-10-09
sz.002953,2026-10-09,2026-10-09
sz.002955,2026-10-09,2026-10-09
sz.002956,2026-10-09,2026-10-09
sz.002957,2026-10-09,2026-10-09
sz.002958,2026-10-09,2026-10-09
sz.002959,2026-10-09,2026-10-09
sz.002960,2026-10-09,2026-10-09
sz.002961,2026-10-09,2026-10-09
sz.002962,2026-10-09,2026-10-09
sz.002963,2026-10-09,2026-10-09
sz.002965,2026-10-09,2026-10-09
sz.002966,2026-10-09,2026-10-09
sz.002967,2026-10-09,2026-10-09
sz.002968,2026-10-09,2026-10-09
sz.002969,2026-10-09,2026-10-09
sz.002970,2026-10-09,2026-10-09
sz.002971,2026-10-09,2026-10-09
sz.002972,2026-10-09,2026-10-09
sz.002973,2026-10-09,2026-10-09
sz.002975,2026-10-09,2026-10-09
sz.002976,2026-10-09,2026-10-09
sz.002977,2026-10-09,2026-10-09
sz.002978,2026-10-09,2026-10-09
sz.002979,2026-10-09,2026-10-09
sz.002980,2026-10-09,2026-10-09
sz.002981,2026-10-09,2026-10-09
sz.002982,2026-10-09,2026-10-09
sz.002983,2026-10-09,2026-10-09
sz.002984,2026-10-09,2026-10-09
sz.002985,2026-10-09,2026-10-09
sz.002986,2026-10-09,2026-10-09
sz.002987,2026-10-09,2026-10-09
sz.002988,2026-10-09,2026-10-09
sz.002989,2026-10-09,2026-10-09
sz.002990,2026-10-09,2026-10-09
sz.002991,2026-10-09,2026-10-09
sz.002992,2026-10-09,2026-10-09
sz.002993,2026-10-09,2026-10-09
sz.002995,2026-10-09,2026-10-09
sz.002996,2026-10-09,2026-10-09
sz.002997,2026-10-09,2026-10-09
sz.002998,2026-10-09,2026-10-09
sz.002999,2026-10-09,2026-10-09
sz.003000,2026-10-09,2026-10-09
sz.003001,2026-10-09,2026-10-09
sz.003002,2026-10-09,2026-10-09
sz.003003,2026-10-09,2026-10-09
sz.003004,2026-10-09,2026-10-09
sz.003005,2026-10-09,2026-10-09
sz.003006,2026-10-09,2026-10-09
sz.003007,2026-10-09,2026-10-09
sz.003008,2026-10-09,2026-10-09
sz.003009,2026-10-09,2026-10-09
sz.003010,2026-10-09,2026-10-09
sz.003011,2026-10-09,2026-10-09
sz.003012,2026-10-09,2026-10-09
sz.003013,2026-10-09,2026-10-09
sz.003015,2026-10-09,2026-10-09
sz.003016,2026-10-09,2026-10-09
sz.003017,2026-10-09,2026-10-09
sz.003018,2026-10-09,2026-10-09
sz.003019,2026-10-09,2026-10-09
sz.003020,2026-10-09,2026-10-09
sz.003021,2026-10-09,2026-10-09
sz.003022,2026-10-09,2026-10-09
sz.003023,2026-10-09,2026-10-09
sz.003025,2026-10-09,2026-10-09
sz.003026,2026-10-09,2026-10-09
sz.003027,2026-10-09,2026-10-09
sz.003028,2026-10-09,2026-10-09
sz.003029,2026-10-09,2026-10-09
sz.003030,2026-10-09,2026-10-09
sz.003031,2026-10-09,2026-10-09
sz.003032,2026-10-09,2026-10-09
sz.003033,2026-10-09,2026-10-09
sz.003035,2026-10-09,2026-10-09
sz.003036,2026-10-09,2026-10-09
sz.003037,2026-10-09,2026-10-09
sz.003038,2026-10-09,2026-10-09
sz.003039,2026-10-09,2026-10-09
sz.003040,2026-10-09,2026-10-09
sz.003041,2026-10-09,2026-10-09
sz.003042,2026-10-09,2026-10-09
sz.003043,2026-10-09,2026-10-09
sz.003816,2026-10-09,2026-10-09
sz.300001,2026-10-09,2026-10-09
sz.300002,2026-10-09,2026-10-09
sz.300003,2026-10-09,2026-10-09
sz.300004,2026-10-09,2026-10-09
sz.300005,2026-10-09,2026-10-09
sz.300006,2026-10-09,2026-10-09
sz.300007,2026-10-09,2026-10-09
sz.300008,2026-10-09,2026-10-09
sz.300009,2026-10-09,2026-10-09
sz.300010,2026-10-09,2026-10-09
sz.300011,2026-10-09,2026-10-09
sz.300012,2026-10-09,2026-10-09
sz.300013,2026-10-09,2026-10-09
sz.300014,2026-10-09,2026-10-09
sz.300015,2026-10-09,2026-10-09
sz.300016,2026-10-09,2026-10-09
sz.300017,2026-10-09,2026-10-09
sz.300018,2026-10-09,2026-10-09
sz.300019,2026-10-09,2026-10-09
sz.300020,2026-10-09,2026-10-09
sz.300021,2026-10-09,2026-10-09
sz.300022,2026-10-09,2026-10-09
sz.300023,2022-06-29,2026-10-09
sz.300024,2026-10-09,2026-10-09
sz.300025,2026-10-09,2026-10-09
sz.300026,2026-10-09,2026-10-09
sz.300027,2026-10-09,2026-10-09
sz.300028,2020-08-03,2026-10-09
sz.300029,2026-07-10,2026-10-09
sz.300030,2026-10-09,2026-10-09
sz.300031,2026-10-09,2026-10-09
sz.300032,2026-10-09,2026-10-09
sz.300033,2026-10-09,2026-10-09
sz.300034,2026-10-09,2026-10-09
sz.300035,2026-10-09,2026-10-09
sz.300036,2026-10-09,2026-10-09
sz.300037,2026-10-09,2026-10-09
sz.300038,2022-06-30,2026-10-09
sz.300039,2026-10-09,2026-10-09
sz.300040,2026-10-09,2026-10-09
sz.300041,2026-10-09,2026-10-09
sz.300042,2026-10-09,2026-10-09
sz.300043,2026-10-09,2026-10-09
sz.300044,2026-10-09,2026-10-09
sz.300045,2026-10-09,2026-10-09
sz.300046,2026-10-09,2026-10-09
sz.300047,2026-10-09,2026-10-09
sz.300048,2026-10-09,2026-10-09
sz.300049,2026-10-09,2026-10-09
sz.300050,2026-10-09,2026-10-09
sz.300051,2026-10-09,2026-10-09
sz.300052,2026-10-09,2026-10-09
sz.300053,2026-10-09,2026-10-09
sz.300054,2026-10-09,2026-10-09
sz.300055,2026-10-09,2026-10-09
sz.300056,2026-10-09,2026-10-09
sz.300057,2026-10-09,2026-10-09
sz.300058,2026-10-09,2026-10-09
sz.300059,2026-10-09,2026-10-09
sz.300061,2026-10-09,2026-10-09
sz.300062,2026-10-09,2026-10-09
sz.300063,2026-10-09,2026-10-09
sz.300064,2022-06-27,2026-10-09
sz.300065,2026-10-09,2026-10-09
sz.300066,2026-10-09,2026-10-09
sz.300067,2026-10-09,2026-10-09
sz.300068,2026-10-09,2026-10-09
sz.300069,2026-10-09,2026-10-09
sz.300070,2026-10-09,2026-10-09
sz.300071,2026-10-09,2026-10-09
sz.300072,2026-10-09,2026-10-09
sz.300073,2026-10-09,2026-10-09
sz.300074,2026-10-09,2026-10-09
sz.300075,2026-10-09,2026-10-09
sz.300076,2026-10-09,2026-10-09
sz.300077,2026-10-09,2026-10-09
sz.300078,2026-10-09,2026-10-09
sz.300079,2026-10-09,2026-10-09
sz.300080,2026-10-09,2026-10-09
sz.300081,2026-10-09,2026-10-09
sz.300082,2026-10-09,2026-10-09
sz.300083,2026-10-09,2026-10-09
sz.300084,2026-10-09,2026-10-09
sz.300085,2026-10-09,2026-10-09
sz.300086,2026-10-09,2026-10-09
sz.300087,2026-10-09,2026-10-09
sz.300088,2026-10-09,2026-10-09
sz.300089,2023-07-13,2026-10-09
sz.300090,2020-08-25,2026-10-09
sz.300091,2026-10-09,2026-10-09
sz.300092,2026-10-09,2026-10-09
sz.300093,2026-10-09,2026-10-09
sz.300094,2026-10-09,2026-10-09
sz.300095,2026-10-09,2026-10-09
sz.300096,2026-10-09,2026-10-09
sz.300097,2026-10-09,2026-10-09
sz.300098,2026-10-09,2026-10-09
sz.300099,2026-10-09,2026-10-09
sz.300100,2026-10-09,2026-10-09
sz.300101,2026-10-09,2026-10-09
sz.300102,2026-10-09,2026-10-09
sz.300103,2026-10-09,2026-10-09
sz.300104,2020-07-21,2026-10-09
sz.300105,2026-10-09,2026-10-09
sz.300106,2026-10-09,2026-10-09
sz.300107,2026-10-09,2026-10-09
sz.300108,2025-05-29,2026-10-09
sz.300109,2026-10-09,2026-10-09
sz.300110,2026-10-09,2026-10-09
sz.300111,2026-10-09,2026-10-09
sz.300112,2026-10-09,2026-10-09
sz.300113,2026-10-09,2026-10-09
sz.300114,2025-02-17,2026-10-09
sz.300115,2026-10-09,2026-10-09
sz.300116,2024-07-25,2026-10-09
sz.300117,2025-04-30,2026-10-09
sz.300118,2026-10-09,2026-10-09
sz.300119,2026-10-09,2026-10-09
sz.300120,2026-10-09,2026-10-09
sz.300121,2026-10-09,2026-10-09
sz.300122,2026-10-09,2026-10-09
sz.300123,2026-10-09,2026-10-09
sz.300124,2026-10-09,2026-10-09
sz.300125,2026-10-09,2026-10-09
sz.300126,2026-10-09,2026-10-09
sz.300127,2026-10-09,2026-10-09
sz.300128,2026-10-09,2026-10-09
sz.300129,2026-10-09,2026-10-09
sz.300130,2026-10-09,2026-10-09
sz.300131,2026-10-09,2026-10-09
sz.300132,2026-10-09,2026-10-09
sz.300133,2026-10-09,2026-10-09
sz.300134,2026-10-09,2026-10-09
sz.300135,2026-10-09,2026-10-09
sz.300136,2026-10-09,2026-10-09
sz.300137,2026-10-09,2026-10-09
sz.300138,2026-10-09,2026-10-09
sz.300139,2026-10-09,2026-10-09
sz.300140,2026-10-09,2026-10-09
sz.300141,2026-10-09,2026-10-09
sz.300142,2026-10-09,2026-10-09
sz.300143,2026-10-09,2026-10-09
sz.300144,2026-10-09,2026-10-09
sz.300145,2026-10-09,2026-10-09
sz.300146,2026-10-09,2026-10-09
sz.300147,2026-10-09,2026-10-09
sz.300148,2026-10-09,2026-10-09
sz.300149,2026-10-09,2026-10-09
sz.300150,2026-10-09,2026-10-09
sz.300151,2026-10-09,2026-10-09
sz.300152,2026-10-09,2026-10-09
sz.300153,2026-10-09,2026-10-09
sz.300154,2026-10-09,2026-10-09
sz.300155,2026-10-09,2026-10-09
sz.300156,2020-08-25,2026-10-09
sz.300157,2026-10-09,2026-10-09
sz.300158,2026-10-09,2026-10-09
sz.300159,2026-10-09,2026-10-09
sz.300160,2026-10-09,2026-10-09
sz.300161,2026-10-09,2026-10-09
sz.300162,2026-10-09,2026-10-09
sz.300163,2026-10-09,2026-10-09
sz.300164,2026-10-09,2026-10-09
sz.300165,2026-10-09,2026-10-09
sz.300166,2026-10-09,2026-10-09
sz.300167,2026-10-09,2026-10-09
sz.300168,2026-10-09,2026-10-09
sz.300169,2026-10-09,2026-10-09
sz.300170,2026-10-09,2026-10-09
sz.300171,2026-10-09,2026-10-09
sz.300172,2026-10-09,2026-10-09
sz.300173,2026-10-09,2026-10-09
sz.300174,2026-10-09,2026-10-09
sz.300175,2026-10-09,2026-10-09
sz.300176,2026-10-09,2026-10-09
sz.300177,2026-10-09,2026-10-09
sz.300178,2022-06-22,2026-10-09
sz.300179,2026-10-09,2026-10-09
sz.300180,2026-10-09,2026-10-09
sz.300181,2026-10-09,2026-10-09
sz.300182,2026-10-09,2026-10-09
sz.300183,2026-10-09,2026-10-09
sz.300184,2026-10-09,2026-10-09
sz.300185,2026-10-09,2026-10-09
sz.300186,2015-11-02,2026-10-09
sz.300187,2026-10-09,2026-10-09
sz.300188,2026-10-09,2026-10-09
sz.300189,2026-10-09,2026-10-09
sz.300190,2026-10-09,2026-10-09
sz.300191,2026-10-09,2026-10-09
sz.300192,2026-10-09,2026-10-09
sz.300193,2026-10-09,2026-10-09
sz.300194,2026-10-09,2026-10-09
sz.300195,2026-10-09,2026-10-09
sz.300196,2026-10-09,2026-10-09
sz.300197,2026-10-09,2026-10-09
sz.300198,2026-10-09,2026-10-09
sz.300199,2026-10-09,2026-10-09
sz.300200,2026-10-09,2026-10-09
sz.300201,2026-10-09,2026-10-09
sz.300202,2022-07-04,2026-10-09
sz.300203,2026-10-09,2026-10-09
sz.300204,2026-10-09,2026-10-09
sz.300205,2026-10-09,2026-10-09
sz.300206,2026-10-09,2026-10-09
sz.300207,2026-10-09,2026-10-09
sz.300208,2025-07-21,2026-10-09
sz.300209,2026-10-09,2026-10-09
sz.300210,2026-10-09,2026-10-09
sz.300211,2026-10-09,2026-10-09
sz.300212,2026-10-09,2026-10-09
sz.300213,2026-10-09,2026-10-09
sz.300214,2026-10-09,2026-10-09
sz.300215,2026-10-09,2026-10-09
sz.300216,2020-09-16,2026-10-09
sz.300217,2026-10-09,2026-10-09
sz.300218,2026-10-09,2026-10-09
sz.300219,2026-10-09,2026-10-09
sz.300220,2026-10-09,2026-10-09
sz.300221,2026-10-09,2026-10-09
sz.300222,2026-10-09,2026-10-09
sz.300223,2026-10-09,2026-10-09
sz.300224,2026-10-09,2026-10-09
sz.300225,2026-10-09,2026-10-09
sz.300226,2026-10-09,2026-10-09
sz.300227,2026-10-09,2026-10-09
sz.300228,2026-10-09,2026-10-09
sz.300229,2026-10-09,2026-10-09
sz.300230,2026-10-09,2026-10-09
sz.300231,2026-10-09,2026-10-09
sz.300232,2026-10-09,2026-10-09
sz.300233,2026-10-09,2026-10-09
sz.300234,2026-10-09,2026-10-09
sz.300235,2026-10-09,2026-10-09
sz.300236,2026-10-09,2026-10-09
sz.300237,2026-10-09,2026-10-09
sz.300238,2026-10-09,2026-10-09
sz.300239,2026-10-09,2026-10-09
sz.300240,2026-10-09,2026-10-09
sz.300241,2026-10-09,2026-10-09
sz.300242,2026-10-09,2026-10-09
sz.300243,2026-10-09,2026-10-09
sz.300244,2026-10-09,2026-10-09
sz.300245,2026-10-09,2026-10-09
sz.300246,2026-10-09,2026-10-09
sz.300247,2026-10-09,2026-10-09
sz.300248,2026-10-09,2026-10-09
sz.300249,2026-10-09,2026-10-09
sz.300250,2026-10-09,2026-10-09
sz.300251,2026-10-09,2026-10-09
sz.300252,2026-10-09,2026-10-09
sz.300253,2026-10-09,2026-10-09
sz.300254,2026-10-09,2026-10-09
sz.300255,2026-10-09,2026-10-09
sz.300256,2026-10-09,2026-10-09
sz.300257,2026-10-09,2026-10-09
sz.300258,2026-10-09,2026-10-09
sz.300259,2026-10-09,2026-10-09
sz.300260,2026-10-09,2026-10-09
sz.300261,2026-10-09,2026-10-09
sz.300262,2024-08-19,2026-10-09
sz.300263,2026-10-09,2026-10-09
sz.300264,2026-10-09,2026-10-09
sz.300265,2026-10-09,2026-10-09
sz.300266,2026-10-09,2026-10-09
sz.300267,2026-10-09,2026-10-09
sz.300268,2026-10-09,2026-10-09
sz.300269,2026-10-09,2026-10-09
sz.300270,2026-10-09,2026-10-09
sz.300271,2026-10-09,2026-10-09
sz.300272,2026-10-09,2026-10-09
sz.300273,2023-07-06,2026-10-09
sz.300274,2026-10-09,2026-10-09
sz.300275,2026-10-09,2026-10-09
sz.300276,2026-10-09,2026-10-09
sz.300277,2026-10-09,2026-10-09
sz.300278,2026-10-09,2026-10-09
sz.300279,2026-10-09,2026-10-09
sz.300280,2025-10-14,2026-10-09
sz.300281,2026-10-09,2026-10-09
sz.300282,2024-07-18,2026-10-09
sz.300283,2026-10-09,2026-10-09
sz.300284,2026-10-09,2026-10-09
sz.300285,2026-10-09,2026-10-09
sz.300286,2026-10-09,2026-10-09
sz.300287,2026-10-09,2026-10-09
sz.300288,2026-10-09,2026-10-09
sz.300289,2026-10-09,2026-10-09
sz.300290,2026-10-09,2026-10-09
sz.300291,2026-10-09,2026-10-09
sz.300292,2026-10-09,2026-10-09
sz.300293,2026-10-09,2026-10-09
sz.300294,2026-10-09,2026-10-09
sz.300295,2026-10-09,2026-10-09
sz.300296,2026-10-09,2026-10-09
sz.300297,2023-07-31,2026-10-09
sz.300298,2026-10-09,2026-10-09
sz.300299,2026-10-09,2026-10-09
sz.300300,2026-10-09,2026-10-09
sz.300301,2026-10-09,2026-10-09
sz.300302,2026-10-09,2026-10-09
sz.300303,2026-10-09,2026-10-09
sz.300304,2026-10-09,2026-10-09
sz.300305,2026-10-09,2026-10-09
sz.300306,2026-10-09,2026-10-09
sz.300307,2026-10-09,2026-10-09
sz.300308,2026-10-09,2026-10-09
sz.300309,2023-05-30,2026-10-09
sz.300310,2026-10-09,2026-10-09
sz.300311,2026-10-09,2026-10-09
sz.300312,2022-07-04,2026-10-09
sz.300313,2026-10-09,2026-10-09
sz.300314,2026-10-09,2026-10-09
sz.300315,2026-10-09,2026-10-09
sz.300316,2026-10-09,2026-10-09
sz.300317,2026-10-09,2026-10-09
sz.300318,2026-10-09,2026-10-09
sz.300319,2026-10-09,2026-10-09
sz.300320,2026-10-09,2026-10-09
sz.300321,2026-10-09,2026-10-09
sz.300322,2026-10-09,2026-10-09
sz.300323,2026-10-09,2026-10-09
sz.300324,2026-10-09,2026-10-09
sz.300325,2022-06-28,2026-10-09
sz.300326,2026-10-09,2026-10-09
sz.300327,2026-10-09,2026-10-09
sz.300328,2026-10-09,2026-10-09
sz.300329,2026-10-09,2026-10-09
sz.300330,2023-05-24,2026-10-09
sz.300331,2026-10-09,2026-10-09
sz.300332,2026-10-09,2026-10-09
sz.300333,2026-10-09,2026-10-09
sz.300334,2026-10-09,2026-10-09
sz.300335,2026-10-09,2026-10-09
sz.300336,2023-07-05,2026-10-09
sz.300337,2026-10-09,2026-10-09
sz.300338,2026-10-09,2026-10-09
sz.300339,2026-10-09,2026-10-09
sz.300340,2026-10-09,2026-10-09
sz.300341,2026-10-09,2026-10-09
sz.300342,2026-10-09,2026-10-09
sz.300343,2026-10-09,2026-10-09
sz.300344,2026-04-22,2026-10-09
sz.300345,2026-10-09,2026-10-09
sz.300346,2026-10-09,2026-10-09
sz.300347,2026-10-09,2026-10-09
sz.300348,2026-10-09,2026-10-09
sz.300349,2026-10-09,2026-10-09
sz.300350,2026-10-09,2026-10-09
sz.300351,2026-10-09,2026-10-09
sz.300352,2026-10-09,2026-10-09
sz.300353,2026-10-09,2026-10-09
sz.300354,2026-10-09,2026-10-09
sz.300355,2026-10-09,2026-10-09
sz.300356,2023-07-13,2026-10-09
sz.300357,2026-10-09,2026-10-09
sz.300358,2026-10-09,2026-10-09
sz.300359,2026-10-09,2026-10-09
sz.300360,2026-10-09,2026-10-09
sz.300362,2021-08-30,2026-10-09
sz.300363,2026-10-09,2026-10-09
sz.300364,2026-10-09,2026-10-09
sz.300365,2026-10-09,2026-10-09
sz.300366,2026-10-09,2026-10-09
sz.300367,2022-06-30,2026-10-09
sz.300368,2026-10-09,2026-10-09
sz.300369,2026-10-09,2026-10-09
sz.300370,2026-10-09,2026-10-09
sz.300371,2026-10-09,2026-10-09
sz.300372,2017-08-28,2026-10-09
sz.300373,2026-10-09,2026-10-09
sz.300374,2026-10-09,2026-10-09
sz.300375,2026-10-09,2026-10-09
sz.300376,2026-10-09,2026-10-09
sz.300377,2026-10-09,2026-10-09
sz.300378,2026-10-09,2026-10-09
sz.300379,2026-01-22,2026-10-09
sz.300380,2026-10-09,2026-10-09
sz.300381,2026-10-09,2026-10-09
sz.300382,2026-10-09,2026-10-09
sz.300383,2026-10-09,2026-10-09
sz.300384,2026-10-09,2026-10-09
sz.300385,2026-10-09,2026-10-09
sz.300386,2026-10-09,2026-10-09
sz.300387,2026-10-09,2026-10-09
sz.300388,2026-10-09,2026-10-09
sz.300389,2026-10-09,2026-10-09
sz.300390,2026-10-09,2026-10-09
sz.300391,2026-04-13,2026-10-09
sz.300392,2023-07-10,2026-10-09
sz.300393,2026-10-09,2026-10-09
sz.300394,2026-10-09,2026-10-09
sz.300395,2026-10-09,2026-10-09
sz.300396,2026-10-09,2026-10-09
sz.300397,2026-10-09,2026-10-09
sz.300398,2026-10-09,2026-10-09
sz.300399,2026-10-09,2026-10-09
sz.300400,2026-10-09,2026-10-09
sz.300401,2026-10-09,2026-10-09
sz.300402,2026-10-09,2026-10-09
sz.300403,2026-10-09,2026-10-09
sz.300404,2026-10-09,2026-10-09
sz.300405,2026-10-09,2026-10-09
sz.300406,2026-10-09,2026-10-09
sz.300407,2026-10-09,2026-10-09
sz.300408,2026-10-09,2026-10-09
sz.300409,2026-10-09,2026-10-09
sz.300410,2026-10-09,2026-10-09
sz.300411,2026-10-09,2026-10-09
sz.300412,2026-10-09,2026-10-09
sz.300413,2026-10-09,2026-10-09
sz.300414,2026-10-09,2026-10-09
sz.300415,2026-10-09,2026-10-09
sz.300416,2026-10-09,2026-10-09
sz.300417,2026-10-09,2026-10-09
sz.300418,2026-10-09,2026-10-09
sz.300419,2026-10-09,2026-10-09
sz.300420,2026-10-09,2026-10-09
sz.300421,2026-10-09,2026-10-09
sz.300422,2026-10-09,2026-10-09
sz.300423,2026-10-09,2026-10-09
sz.300424,2026-10-09,2026-10-09
sz.300425,2026-10-09,2026-10-09
sz.300426,2026-10-09,2026-10-09
sz.300427,2026-10-09,2026-10-09
sz.300428,2026-10-09,2026-10-09
sz.300429,2026-10-09,2026-10-09
sz.300430,2026-10-09,2026-10-09
sz.300431,2020-11-10,2026-10-09
sz.300432,2026-10-09,2026-10-09
sz.300433,2026-10-09,2026-10-09
sz.300434,2026-10-09,2026-10-09
sz.300435,2026-10-09,2026-10-09
sz.300436,2026-10-09,2026-10-09
sz.300437,2026-10-09,2026-10-09
sz.300438,2026-10-09,2026-10-09
sz.300439,2026-10-09,2026-10-09
sz.300440,2026-10-09,2026-10-09
sz.300441,2026-10-09,2026-10-09
sz.300442,2026-10-09,2026-10-09
sz.300443,2026-10-09,2026-10-09
sz.300444,2026-10-09,2026-10-09
sz.300445,2026-10-09,2026-10-09
sz.300446,2026-10-09,2026-10-09
sz.300447,2026-10-09,2026-10-09
sz.300448,2026-10-09,2026-10-09
sz.300449,2026-10-09,2026-10-09
sz.300450,2026-10-09,2026-10-09
sz.300451,2026-10-09,2026-10-09
sz.300452,2026-10-09,2026-10-09
sz.300453,2026-10-09,2026-10-09
sz.300454,2026-10-09,2026-10-09
sz.300455,2026-10-09,2026-10-09
sz.300456,2026-10-09,2026-10-09
sz.300457,2026-10-09,2026-10-09
sz.300458,2026-10-09,2026-10-09
sz.300459,2026-10-09,2026-10-09
sz.300460,2026-10-09,2026-10-09
sz.300461,2026-10-09,2026-10-09
sz.300462,2026-10-09,2026-10-09
sz.300463,2026-10-09,2026-10-09
sz.300464,2026-10-09,2026-10-09
sz.300465,2026-10-09,2026-10-09
sz.300466,2026-10-09,2026-10-09
sz.300467,2026-10-09,2026-10-09
sz.300468,2026-10-09,2026-10-09
sz.300469,2026-10-09,2026-10-09
sz.300470,2026-10-09,2026-10-09
sz.300471,2026-10-09,2026-10-09
sz.300472,2026-10-09,2026-10-09
sz.300473,2026-10-09,2026-10-09
sz.300474,2026-10-09,2026-10-09
sz.300475,2026-10-09,2026-10-09
sz.300476,2026-10-09,2026-10-09
sz.300477,2026-10-09,2026-10-09
sz.300478,2026-10-09,2026-10-09
sz.300479,2026-10-09,2026-10-09
sz.300480,2026-10-09,2026-10-09
sz.300481,2026-10-09,2026-10-09
sz.300482,2026-10-09,2026-10-09
sz.300483,2026-10-09,2026-10-09
sz.300484,2026-10-09,2026-10-09
sz.300485,2026-10-09,2026-10-09
sz.300486,2026-10-09,2026-10-09
sz.300487,2026-10-09,2026-10-09
sz.300488,2026-10-09,2026-10-09
sz.300489,2026-10-09,2026-10-09
sz.300490,2026-10-09,2026-10-09
sz.300491,2026-10-09,2026-10-09
sz.300492,2026-10-09,2026-10-09
sz.300493,2026-10-09,2026-10-09
sz.300494,2026-10-09,2026-10-09
sz.300495,2024-09-20,2026-10-09
sz.300496,2026-10-09,2026-10-09
sz.300497,2026-10-09,2026-10-09
sz.300498,2026-10-09,2026-10-09
sz.300499,2026-10-09,2026-10-09
sz.300500,2026-10-09,2026-10-09
sz.300501,2026-10-09,2026-10-09
sz.300502,2026-10-09,2026-10-09
sz.300503,2026-10-09,2026-10-09
sz.300504,2026-10-09,2026-10-09
sz.300505,2026-10-09,2026-10-09
sz.300506,2026-10-09,2026-10-09
sz.300507,2026-10-09,2026-10-09
sz.300508,2026-10-09,2026-10-09
sz.300509,2026-10-09,2026-10-09
sz.300510,2026-10-09,2026-10-09
sz.300511,2026-10-09,2026-10-09
sz.300512,2026-10-09,2026-10-09
sz.300513,2026-10-09,2026-10-09
sz.300514,2026-10-09,2026-10-09
sz.300515,2026-10-09,2026-10-09
sz.300516,2026-10-09,2026-10-09
sz.300517,2026-10-09,2026-10-09
sz.300518,2026-10-09,2026-10-09
sz.300519,2026-10-09,2026-10-09
sz.300520,2026-10-09,2026-10-09
sz.300521,2026-10-09,2026-10-09
sz.300522,2026-10-09,2026-10-09
sz.300523,2026-10-09,2026-10-09
sz.300525,2026-10-09,2026-10-09
sz.300526,2023-07-12,2026-10-09
sz.300527,2026-10-09,2026-10-09
sz.300528,2026-10-09,2026-10-09
sz.300529,2026-10-09,2026-10-09
sz.300530,2026-10-09,2026-10-09
sz.300531,2026-10-09,2026-10-09
sz.300532,2026-10-09,2026-10-09
sz.300533,2026-10-09,2026-10-09
sz.300534,2026-10-09,2026-10-09
sz.300535,2026-10-09,2026-10-09
sz.300536,2026-10-09,2026-10-09
sz.300537,2026-10-09,2026-10-09
sz.300538,2026-10-09,2026-10-09
sz.300539,2026-10-09,2026-10-09
sz.300540,2026-10-09,2026-10-09
sz.300541,2026-10-09,2026-10-09
sz.300542,2026-10-09,2026-10-09
sz.300543,2026-10-09,2026-10-09
sz.300545,2026-10-09,2026-10-09
sz.300546,2026-10-09,2026-10-09
sz.300547,2026-10-09,2026-10-09
sz.300548,2026-10-09,2026-10-09
sz.300549,2026-10-09,2026-10-09
sz.300550,2026-10-09,2026-10-09
sz.300551,2026-10-09,2026-10-09
sz.300552,2026-10-09,2026-10-09
sz.300553,2026-10-09,2026-10-09
sz.300554,2026-10-09,2026-10-09
sz.300555,2026-10-09,2026-10-09
sz.300556,2026-10-09,2026-10-09
sz.300557,2026-10-09,2026-10-09
sz.300558,2026-10-09,2026-10-09
sz.300559,2026-10-09,2026-10-09
sz.300560,2026-10-09,2026-10-09
sz.300561,2026-10-09,2026-10-09
sz.300562,2026-10-09,2026-10-09
sz.300563,2026-10-09,2026-10-09
sz.300564,2026-10-09,2026-10-09
sz.300565,2026-10-09,2026-10-09
sz.300566,2026-10-09,2026-10-09
sz.300567,2026-10-09,2026-10-09
sz.300568,2026-10-09,2026-10-09
sz.300569,2026-10-09,2026-10-09
sz.300570,2026-10-09,2026-10-09
sz.300571,2026-10-09,2026-10-09
sz.300572,2026-10-09,2026-10-09
sz.300573,2026-10-09,2026-10-09
sz.300575,2026-10-09,2026-10-09
sz.300576,2026-10-09,2026-10-09
sz.300577,2026-10-09,2026-10-09
sz.300578,2026-10-09,2026-10-09
sz.300579,2026-10-09,2026-10-09
sz.300580,2026-10-09,2026-10-09
sz.300581,2026-10-09,2026-10-09
sz.300582,2026-10-09,2026-10-09
sz.300583,2026-10-09,2026-10-09
sz.300584,2026-10-09,2026-10-09
sz.300585,2026-10-09,2026-10-09
sz.300586,2026-10-09,2026-10-09
sz.300587,2026-10-09,2026-10-09
sz.300588,2026-10-09,2026-10-09
sz.300589,2026-10-09,2026-10-09
sz.300590,2026-10-09,2026-10-09
sz.300591,2026-10-09,2026-10-09
sz.300592,2026-10-09,2026-10-09
sz.300593,2026-10-09,2026-10-09
sz.300594,2026-10-09,2026-10-09
sz.300595,2026-10-09,2026-10-09
sz.300596,2026-10-09,2026-10-09
sz.300597,2026-10-09,2026-10-09
sz.300598,2026-10-09,2026-10-09
sz.300599,2026-10-09,2026-10-09
sz.300600,2026-10-09,2026-10-09
sz.300601,2026-10-09,2026-10-09
sz.300602,2026-10-09,2026-10-09
sz.300603,2026-10-09,2026-10-09
sz.300604,2026-10-09,2026-10-09
sz.300605,2026-10-09,2026-10-09
sz.300606,2026-10-09,2026-10-09
sz.300607,2026-10-09,2026-10-09
sz.300608,2026-10-09,2026-10-09
sz.300609,2026-10-09,2026-10-09
sz.300610,2026-10-09,2026-10-09
sz.300611,2026-10-09,2026-10-09
sz.300612,2026-10-09,2026-10-09
sz.300613,2026-10-09,2026-10-09
sz.300614,2026-10-09,2026-10-09
sz.300615,2026-10-09,2026-10-09
sz.300616,2026-10-09,2026-10-09
sz.300617,2026-10-09,2026-10-09
sz.300618,2026-10-09,2026-10-09
sz.300619,2026-10-09,2026-10-09
sz.300620,2026-10-09,2026-10-09
sz.300621,2026-10-09,2026-10-09
sz.300622,2026-10-09,2026-10-09
sz.300623,2026-10-09,2026-10-09
sz.300624,2026-10-09,2026-10-09
sz.300625,2026-10-09,2026-10-09
sz.300626,2026-10-09,2026-10-09
sz.300627,2026-10-09,2026-10-09
sz.300628,2026-10-09,2026-10-09
sz.300629,2026-10-09,2026-10-09
sz.300630,2025-05-22,2026-10-09
sz.300631,2026-10-09,2026-10-09
sz.300632,2026-10-09,2026-10-09
sz.300633,2026-10-09,2026-10-09
sz.300634,2026-10-09,2026-10-09
sz.300635,2026-10-09,2026-10-09
sz.300636,2026-10-09,2026-10-09
sz.300637,2026-10-09,2026-10-09
sz.300638,2026-10-09,2026-10-09
sz.300639,2026-10-09,2026-10-09
sz.300640,2026-10-09,2026-10-09
sz.300641,2026-10-09,2026-10-09
sz.300642,2026-10-09,2026-10-09
sz.300643,2026-10-09,2026-10-09
sz.300644,2026-10-09,2026-10-09
sz.300645,2026-10-09,2026-10-09
sz.300647,2026-10-09,2026-10-09
sz.300648,2026-10-09,2026-10-09
sz.300649,2026-10-09,2026-10-09
sz.300650,2026-10-09,2026-10-09
sz.300651,2026-10-09,2026-10-09
sz.300652,2026-10-09,2026-10-09
sz.300653,2026-10-09,2026-10-09
sz.300654,2026-10-09,2026-10-09
sz.300655,2026-10-09,2026-10-09
sz.300656,2026-10-09,2026-10-09
sz.300657,2026-10-09,2026-10-09
sz.300658,2026-10-09,2026-10-09
sz.300659,2026-10-09,2026-10-09
sz.300660,2026-10-09,2026-10-09
sz.300661,2026-10-09,2026-10-09
sz.300662,2026-10-09,2026-10-09
sz.300663,2026-10-09,2026-10-09
sz.300664,2026-10-09,2026-10-09
sz.300665,2026-10-09,2026-10-09
sz.300666,2026-10-09,2026-10-09
sz.300667,2026-10-09,2026-10-09
sz.300668,2026-10-09,2026-10-09
sz.300669,2026-10-09,2026-10-09
sz.300670,2026-10-09,2026-10-09
sz.300671,2026-10-09,2026-10-09
sz.300672,2026-10-09,2026-10-09
sz.300673,2026-10-09,2026-10-09
sz.300674,2026-10-09,2026-10-09
sz.300675,2026-10-09,2026-10-09
sz.300676,2026-10-09,2026-10-09
sz.300677,2026-10-09,2026-10-09
sz.300678,2026-10-09,2026-10-09
sz.300679,2026-10-09,2026-10-09
sz.300680,2026-10-09,2026-10-09
sz.300681,2026-10-09,2026-10-09
sz.300682,2026-10-09,2026-10-09
sz.300683,2026-10-09,2026-10-09
sz.300684,2026-10-09,2026-10-09
sz.300685,2026-10-09,2026-10-09
sz.300686,2026-10-09,2026-10-09
sz.300687,2026-10-09,2026-10-09
sz.300688,2026-10-09,2026-10-09
sz.300689,2026-10-09,2026-10-09
sz.300690,2026-10-09,2026-10-09
sz.300691,2026-10-09,2026-10-09
sz.300692,2026-10-09,2026-10-09
sz.300693,2026-10-09,2026-10-09
sz.300694,2026-10-09,2026-10-09
sz.300695,2026-10-09,2026-10-09
sz.300696,2026-10-09,2026-10-09
sz.300697,2026-10-09,2026-10-09
sz.300698,2026-10-09,2026-10-09
sz.300699,2026-10-09,2026-10-09
sz.300700,2026-10-09,2026-10-09
sz.300701,2026-10-09,2026-10-09
sz.300702,2026-10-09,2026-10-09
sz.300703,2026-10-09,2026-10-09
sz.300705,2026-10-09,2026-10-09
sz.300706,2026-10-09,2026-10-09
sz.300707,2026-10-09,2026-10-09
sz.300708,2026-10-09,2026-10-09
sz.300709,2026-10-09,2026-10-09
sz.300710,2026-10-09,2026-10-09
sz.300711,2026-10-09,2026-10-09
sz.300712,2026-10-09,2026-10-09
sz.300713,2026-10-09,2026-10-09
sz.300715,2026-10-09,2026-10-09
sz.300716,2026-10-09,2026-10-09
sz.300717,2026-10-09,2026-10-09
sz.300718,2026-10-09,2026-10-09
sz.300719,2026-10-09,2026-10-09
sz.300720,2026-10-09,2026-10-09
sz.300721,2026-10-09,2026-10-09
sz.300722,2026-10-09,2026-10-09
sz.300723,2026-10-09,2026-10-09
sz.300724,2026-10-09,2026-10-09
sz.300725,2026-10-09,2026-10-09
sz.300726,2026-10-09,2026-10-09
sz.300727,2026-10-09,2026-10-09
sz.300729,2026-10-09,2026-10-09
sz.300730,2026-10-09,2026-10-09
sz.300731,2026-10-09,2026-10-09
sz.300732,2026-10-09,2026-10-09
sz.300733,2026-10-09,2026-10-09
sz.300735,2026-10-09,2026-10-09
sz.300736,2026-10-09,2026-10-09
sz.300737,2026-10-09,2026-10-09
sz.300738,2026-10-09,2026-10-09
sz.300739,2026-10-09,2026-10-09
sz.300740,2026-10-09,2026-10-09
sz.300741,2026-10-09,2026-10-09
sz.300742,2024-07-22,2026-10-09
sz.300743,2026-10-09,2026-10-09
sz.300745,2026-10-09,2026-10-09
sz.300746,2026-10-09,2026-10-09
sz.300747,2026-10-09,2026-10-09
sz.300748,2026-10-09,2026-10-09
sz.300749,2026-10-09,2026-10-09
sz.300750,2026-10-09,2026-10-09
sz.300751,2026-10-09,2026-10-09
sz.300752,2026-10-09,2026-10-09
sz.300753,2026-10-09,2026-10-09
sz.300755,2026-10-09,2026-10-09
sz.300756,2026-10-09,2026-10-09
sz.300757,2026-10-09,2026-10-09
sz.300758,2026-10-09,2026-10-09
sz.300759,2026-10-09,2026-10-09
sz.300760,2026-10-09,2026-10-09
sz.300761,2026-10-09,2026-10-09
sz.300762,2026-10-09,2026-10-09
sz.300763,2026-10-09,2026-10-09
sz.300765,2026-10-09,2026-10-09
sz.300766,2026-10-09,2026-10-09
sz.300767,2026-10-09,2026-10-09
sz.300768,2026-10-09,2026-10-09
sz.300769,2026-10-09,2026-10-09
sz.300770,2026-10-09,2026-10-09
sz.300771,2026-10-09,2026-10-09
sz.300772,2026-10-09,2026-10-09
sz.300773,2026-10-09,2026-10-09
sz.300774,2026-10-09,2026-10-09
sz.300775,2026-10-09,2026-10-09
sz.300776,2026-10-09,2026-10-09
sz.300777,2026-10-09,2026-10-09
sz.300778,2026-10-09,2026-10-09
sz.300779,2026-10-09,2026-10-09
sz.300780,2026-10-09,2026-10-09
sz.300781,2026-10-09,2026-10-09
sz.300782,2026-10-09,2026-10-09
sz.300783,2026-10-09,2026-10-09
sz.300784,2026-10-09,2026-10-09
sz.300785,2026-10-09,2026-10-09
sz.300786,2026-10-09,2026-10-09
sz.300787,2026-10-09,2026-10-09
sz.300788,2026-10-09,2026-10-09
sz.300789,2026-10-09,2026-10-09
sz.300790,2026-10-09,2026-10-09
sz.300791,2026-10-09,2026-10-09
sz.300792,2026-10-09,2026-10-09
sz.300793,2026-10-09,2026-10-09
sz.300795,2026-10-09,2026-10-09
sz.300796,2026-10-09,2026-10-09
sz.300797,2026-10-09,2026-10-09
sz.300798,2026-10-09,2026-10-09
sz.300799,2024-07-29,2026-10-09
sz.300800,2026-10-09,2026-10-09
sz.300801,2026-10-09,2026-10-09
sz.300802,2026-10-09,2026-10-09
sz.300803,2026-10-09,2026-10-09
sz.300804,2026-10-09,2026-10-09
sz.300805,2026-10-09,2026-10-09
sz.300806,2026-10-09,2026-10-09
sz.300807,2026-10-09,2026-10-09
sz.300808,2026-10-09,2026-10-09
sz.300809,2026-10-09,2026-10-09
sz.300810,2026-10-09,2026-10-09
sz.300811,2026-10-09,2026-10-09
sz.300812,2026-10-09,2026-10-09
sz.300813,2026-10-09,2026-10-09
sz.300814,2026-10-09,2026-10-09
sz.300815,2026-10-09,2026-10-09
sz.300816,2026-10-09,2026-10-09
sz.300817,2026-10-09,2026-10-09
sz.300818,2026-10-09,2026-10-09
sz.300819,2026-10-09,2026-10-09
sz.300820,2026-10-09,2026-10-09
sz.300821,2026-10-09,2026-10-09
sz.300822,2026-10-09,2026-10-09
sz.300823,2026-10-09,2026-10-09
sz.300824,2026-10-09,2026-10-09
sz.300825,2026-10-09,2026-10-09
sz.300826,2026-10-09,2026-10-09
sz.300827,2026-10-09,2026-10-09
sz.300828,2026-10-09,2026-10-09
sz.300829,2026-10-09,2026-10-09
sz.300830,2026-10-09,2026-10-09
sz.300831,2026-10-09,2026-10-09
sz.300832,2026-10-09,2026-10-09
sz.300833,2026-10-09,2026-10-09
sz.300834,2026-10-09,2026-10-09
sz.300835,2026-10-09,2026-10-09
sz.300836,2026-10-09,2026-10-09
sz.300837,2026-10-09,2026-10-09
sz.300838,2026-10-09,2026-10-09
sz.300839,2026-10-09,2026-10-09
sz.300840,2026-10-09,2026-10-09
sz.300841,2026-10-09,2026-10-09
sz.300842,2026-10-09,2026-10-09
sz.300843,2026-10-09,2026-10-09
sz.300844,2026-10-09,2026-10-09
sz.300845,2026-10-09,2026-10-09
sz.300846,2026-10-09,2026-10-09
sz.300847,2026-10-09,2026-10-09
sz.300848,2026-10-09,2026-10-09
sz.300849,2026-10-09,2026-10-09
sz.300850,2026-10-09,2026-10-09
sz.300851,2026-10-09,2026-10-09
sz.300852,2026-10-09,2026-10-09
sz.300853,2026-10-09,2026-10-09
sz.300854,2026-10-09,2026-10-09
sz.300855,2026-10-09,2026-10-09
sz.300856,2026-10-09,2026-10-09
sz.300857,2026-10-09,2026-10-09
sz.300858,2026-10-09,2026-10-09
sz.300859,2026-10-09,2026-10-09
sz.300860,2026-10-09,2026-10-09
sz.300861,2026-10-09,2026-10-09
sz.300862,2026-10-09,2026-10-09
sz.300863,2026-10-09,2026-10-09
sz.300864,2026-10-09,2026-10-09
sz.300865,2026-10-09,2026-10-09
sz.300866,2026-10-09,2026-10-09
sz.300867,2026-10-09,2026-10-09
sz.300868,2026-10-09,2026-10-09
sz.300869,2026-10-09,2026-10-09
sz.300870,2026-10-09,2026-10-09
sz.300871,2026-10-09,2026-10-09
sz.300872,2026-10-09,2026-10-09
sz.300873,2026-10-09,2026-10-09
sz.300875,2026-10-09,2026-10-09
sz.300876,2026-10-09,2026-10-09
sz.300877,2026-10-09,2026-10-09
sz.300878,2026-10-09,2026-10-09
sz.300879,2026-10-09,2026-10-09
sz.300880,2026-10-09,2026-10-09
sz.300881,2026-10-09,2026-10-09
sz.300882,2026-10-09,2026-10-09
sz.300883,2026-10-09,2026-10-09
sz.300884,2026-10-09,2026-10-09
sz.300885,2026-10-09,2026-10-09
sz.300886,2026-10-09,2026-10-09
sz.300887,2026-10-09,2026-10-09
sz.300888,2026-10-09,2026-10-09
sz.300889,2026-10-09,2026-10-09
sz.300890,2026-10-09,2026-10-09
sz.300891,2026-10-09,2026-10-09
sz.300892,2026-10-09,2026-10-09
sz.300893,2026-10-09,2026-10-09
sz.300894,2026-10-09,2026-10-09
sz.300895,2026-10-09,2026-10-09
sz.300896,2026-10-09,2026-10-09
sz.300897,2026-10-09,2026-10-09
sz.300898,2026-10-09,2026-10-09
sz.300899,2026-10-09,2026-10-09
sz.300900,2026-10-09,2026-10-09
sz.300901,2026-10-09,2026-10-09
sz.300902,2026-10-09,2026-10-09
sz.300903,2026-10-09,2026-10-09
sz.300904,2026-10-09,2026-10-09
sz.300905,2026-10-09,2026-10-09
sz.300906,2026-10-09,2026-10-09
sz.300907,2026-10-09,2026-10-09
sz.300908,2026-10-09,2026-10-09
sz.300909,2026-10-09,2026-10-09
sz.300910,2026-10-09,2026-10-09
sz.300911,2026-10-09,2026-10-09
sz.300912,2026-10-09,2026-10-09
sz.300913,2026-10-09,2026-10-09
sz.300915,2026-10-09,2026-10-09
sz.300916,2026-10-09,2026-10-09
sz.300917,2026-10-09,2026-10-09
sz.300918,2026-10-09,2026-10-09
sz.300919,2026-10-09,2026-10-09
sz.300920,2026-10-09,2026-10-09
sz.300921,2026-10-09,2026-10-09
sz.300922,2026-10-09,2026-10-09
sz.300923,2026-10-09,2026-10-09
sz.300925,2026-10-09,2026-10-09
sz.300926,2026-10-09,2026-10-09
sz.300927,2026-10-09,2026-10-09
sz.300928,2026-10-09,2026-10-09
sz.300929,2026-10-09,2026-10-09
sz.300930,2026-10-09,2026-10-09
sz.300931,2026-10-09,2026-10-09
sz.300932,2026-10-09,2026-10-09
sz.300933,2026-10-09,2026-10-09
sz.300935,2026-10-09,2026-10-09
sz.300936,2026-10-09,2026-10-09
sz.300937,2026-10-09,2026-10-09
sz.300938,2026-10-09,2026-10-09
sz.300939,2026-10-09,2026-10-09
sz.300940,2026-10-09,2026-10-09
sz.300941,2026-10-09,2026-10-09
sz.300942,2026-10-09,2026-10-09
sz.300943,2026-10-09,2026-10-09
sz.300945,2026-10-09,2026-10-09
sz.300946,2026-10-09,2026-10-09
sz.300947,2026-10-09,2026-10-09
sz.300948,2026-10-09,2026-10-09
sz.300949,2026-10-09,2026-10-09
sz.300950,2026-10-09,2026-10-09
sz.300951,2026-10-09,2026-10-09
sz.300952,2026-10-09,2026-10-09
sz.300953,2026-10-09,2026-10-09
sz.300955,2026-10-09,2026-10-09
sz.300956,2026-10-09,2026-10-09
sz.300957,2026-10-09,2026-10-09
sz.300958,2026-10-09,2026-10-09
sz.300959,2026-10-09,2026-10-09
sz.300960,2026-10-09,2026-10-09
sz.300961,2026-10-09,2026-10-09
sz.300962,2026-10-09,2026-10-09
sz.300963,2026-10-09,2026-10-09
sz.300964,2026-10-09,2026-10-09
sz.300965,2026-10-09,2026-10-09
sz.300966,2026-10-09,2026-10-09
sz.300967,2026-10-09,2026-10-09
sz.300968,2026-10-09,2026-10-09
sz.300969,2026-10-09,2026-10-09
sz.300970,2026-10-09,2026-10-09
sz.300971,2026-10-09,2026-10-09
sz.300972,2026-10-09,2026-10-09
sz.300973,2026-10-09,2026-10-09
sz.300975,2026-10-09,2026-10-09
sz.300976,2026-10-09,2026-10-09
sz.300977,2026-10-09,2026-10-09
sz.300978,2026-10-09,2026-10-09
sz.300979,2026-10-09,2026-10-09
sz.300980,2026-10-09,2026-10-09
sz.300981,2026-10-09,2026-10-09
sz.300982,2026-10-09,2026-10-09
sz.300983,2026-10-09,2026-10-09
sz.300984,2026-10-09,2026-10-09
sz.300985,2026-10-09,2026-10-09
sz.300986,2026-10-09,2026-10-09
sz.300987,2026-10-09,2026-10-09
sz.300988,2026-10-09,2026-10-09
sz.300989,2026-10-09,2026-10-09
sz.300990,2026-10-09,2026-10-09
sz.300991,2026-10-09,2026-10-09
sz.300992,2026-10-09,2026-10-09
sz.300993,2026-10-09,2026-10-09
sz.300994,2026-10-09,2026-10-09
sz.300995,2026-10-09,2026-10-09
sz.300996,2026-10-09,2026-10-09
sz.300997,2026-10-09,2026-10-09
sz.300998,2026-10-09,2026-10-09
sz.300999,2026-10-09,2026-10-09
sz.301000,2026-10-09,2026-10-09
sz.301001,2026-10-09,2026-10-09
sz.301002,2026-10-09,2026-10-09
sz.301003,2026-10-09,2026-10-09
sz.301004,2026-10-09,2026-10-09
sz.301005,2026-10-09,2026-10-09
sz.301006,2026-10-09,2026-10-09
sz.301007,2026-10-09,2026-10-09
sz.301008,2026-10-09,2026-10-09
sz.301009,2026-10-09,2026-10-09
sz.301010,2026-10-09,2026-10-09
sz.301011,2026-10-09,2026-10-09
sz.301012,2026-10-09,2026-10-09
sz.301013,2026-10-09,2026-10-09
sz.301015,2026-10-09,2026-10-09
sz.301016,2026-10-09,2026-10-09
sz.301017,2026-10-09,2026-10-09
sz.301018,2026-10-09,2026-10-09
sz.301019,2026-10-09,2026-10-09
sz.301020,2026-10-09,2026-10-09
sz.301021,2026-10-09,2026-10-09
sz.301022,2026-10-09,2026-10-09
sz.301023,2026-10-09,2026-10-09
sz.301024,2026-10-09,2026-10-09
sz.301025,2026-10-09,2026-10-09
sz.301026,2026-10-09,2026-10-09
sz.301027,2026-10-09,2026-10-09
sz.301028,2026-10-09,2026-10-09
sz.301029,2026-10-09,2026-10-09
sz.301030,2026-10-09,2026-10-09
sz.301031,2026-10-09,2026-10-09
sz.301032,2026-10-09,2026-10-09
sz.301033,2026-10-09,2026-10-09
sz.301035,2026-10-09,2026-10-09
sz.301036,2026-10-09,2026-10-09
sz.301037,2026-10-09,2026-10-09
sz.301038,2026-10-09,2026-10-09
sz.301039,2026-10-09,2026-10-09
sz.301040,2026-10-09,2026-10-09
sz.301041,2026-10-09,2026-10-09
sz.301042,2026-10-09,2026-10-09
sz.301043,2026-10-09,2026-10-09
sz.301045,2026-10-09,2026-10-09
sz.301046,2026-10-09,2026-10-09
sz.301047,2026-10-09,2026-10-09
sz.301048,2026-10-09,2026-10-09
sz.301049,2026-10-09,2026-10-09
sz.301050,2026-10-09,2026-10-09
sz.301051,2026-10-09,2026-10-09
sz.301052,2026-10-09,2026-10-09
sz.301053,2026-10-09,2026-10-09
sz.301055,2026-10-09,2026-10-09
sz.301056,2026-10-09,2026-10-09
sz.301057,2026-10-09,2026-10-09
sz.301058,2026-10-09,2026-10-09
sz.301059,2026-10-09,2026-10-09
sz.301060,2026-10-09,2026-10-09
sz.301061,2026-10-09,2026-10-09
sz.301062,2026-10-09,2026-10-09
sz.301063,2026-10-09,2026-10-09
sz.301065,2026-10-09,2026-10-09
sz.301066,2026-10-09,2026-10-09
sz.301067,2026-10-09,2026-10-09
sz.301068,2026-10-09,2026-10-09
sz.301069,2026-10-09,2026-10-09
sz.301070,2026-10-09,2026-10-09
sz.301071,2026-10-09,2026-10-09
sz.301072,2026-10-09,2026-10-09
sz.301073,2026-10-09,2026-10-09
sz.301075,2026-10-09,2026-10-09
sz.301076,2026-10-09,2026-10-09
sz.301077,2026-10-09,2026-10-09
sz.301078,2026-10-09,2026-10-09
sz.301079,2026-10-09,2026-10-09
sz.301080,2026-10-09,2026-10-09
sz.301081,2026-10-09,2026-10-09
sz.301082,2026-10-09,2026-10-09
sz.301083,2026-10-09,2026-10-09
sz.301085,2026-10-09,2026-10-09
sz.301086,2026-10-09,2026-10-09
sz.301087,2026-10-09,2026-10-09
sz.301088,2026-10-09,2026-10-09
sz.301089,2026-10-09,2026-10-09
sz.301090,2026-10-09,2026-10-09
sz.301091,2026-10-09,2026-10-09
sz.301092,2026-10-09,2026-10-09
sz.301093,2026-10-09,2026-10-09
sz.301095,2026-10-09,2026-10-09
sz.301096,2026-10-09,2026-10-09
sz.301097,2026-10-09,2026-10-09
sz.301098,2026-10-09,2026-10-09
sz.301099,2026-10-09,2026-10-09
sz.301100,2026-10-09,2026-10-09
sz.301101,2026-10-09,2026-10-09
sz.301102,2026-10-09,2026-10-09
sz.301103,2026-10-09,2026-10-09
sz.301105,2026-10-09,2026-10-09
sz.301106,2026-10-09,2026-10-09
sz.301107,2026-10-09,2026-10-09
sz.301108,2026-10-09,2026-10-09
sz.301109,2026-10-09,2026-10-09
sz.301110,2026-10-09,2026-10-09
sz.301111,2026-10-09,2026-10-09
sz.301112,2026-10-09,2026-10-09
sz.301113,2026-10-09,2026-10-09
sz.301115,2026-10-09,2026-10-09
sz.301116,2026-10-09,2026-10-09
sz.301117,2026-10-09,2026-10-09
sz.301118,2026-10-09,2026-10-09
sz.301119,2026-10-09,2026-10-09
sz.301120,2026-10-09,2026-10-09
sz.301121,2026-10-09,2026-10-09
sz.301122,2026-10-09,2026-10-09
sz.301123,2026-10-09,2026-10-09
sz.301125,2026-10-09,2026-10-09
sz.301126,2026-10-09,2026-10-09
sz.301127,2026-10-09,2026-10-09
sz.301128,2026-10-09,2026-10-09
sz.301129,2026-10-09,2026-10-09
sz.301130,2026-10-09,2026-10-09
sz.301131,2026-10-09,2026-10-09
sz.301132,2026-10-09,2026-10-09
sz.301133,2026-10-09,2026-10-09
sz.301135,2026-10-09,2026-10-09
sz.301136,2026-10-09,2026-10-09
sz.301137,2026-10-09,2026-10-09
sz.301138,2026-10-09,2026-10-09
sz.301139,2026-10-09,2026-10-09
sz.301141,2026-10-09,2026-10-09
sz.301148,2026-10-09,2026-10-09
sz.301149,2026-10-09,2026-10-09
sz.301150,2026-10-09,2026-10-09
sz.301151,2026-10-09,2026-10-09
sz.301152,2026-10-09,2026-10-09
sz.301153,2026-10-09,2026-10-09
sz.301155,2026-10-09,2026-10-09
sz.301156,2026-10-09,2026-10-09
sz.301157,2026-10-09,2026-10-09
sz.301158,2026-10-09,2026-10-09
sz.301159,2026-10-09,2026-10-09
sz.301160,2026-10-09,2026-10-09
sz.301161,2026-10-09,2026-10-09
sz.301162,2026-10-09,2026-10-09
sz.301163,2026-10-09,2026-10-09
sz.301165,2026-10-09,2026-10-09
sz.301166,2026-10-09,2026-10-09
sz.301167,2026-10-09,2026-10-09
sz.301168,2026-10-09,2026-10-09
sz.301169,2026-10-09,2026-10-09
sz.301170,2026-10-09,2026-10-09
sz.301171,2026-10-09,2026-10-09
sz.301172,2026-10-09,2026-10-09
sz.301173,2026-10-09,2026-10-09
sz.301175,2026-10-09,2026-10-09
sz.301176,2026-10-09,2026-10-09
sz.301177,2026-10-09,2026-10-09
sz.301178,2026-10-09,2026-10-09
sz.301179,2026-10-09,2026-10-09
sz.301180,2026-10-09,2026-10-09
sz.301181,2026-10-09,2026-10-09
sz.301182,2026-10-09,2026-10-09
sz.301183,2026-10-09,2026-10-09
sz.301185,2026-10-09,2026-10-09
sz.301186,2026-10-09,2026-10-09
sz.301187,2026-10-09,2026-10-09
sz.301188,2026-10-09,2026-10-09
sz.301189,2026-10-09,2026-10-09
sz.301190,2026-10-09,2026-10-09
sz.301191,2026-10-09,2026-10-09
sz.301192,2026-10-09,2026-10-09
sz.301193,2026-10-09,2026-10-09
sz.301195,2026-10-09,2026-10-09
sz.301196,2026-10-09,2026-10-09
sz.301197,2026-10-09,2026-10-09
sz.301198,2026-10-09,2026-10-09
sz.301199,2026-10-09,2026-10-09
sz.301200,2026-10-09,2026-10-09
sz.301201,2026-10-09,2026-10-09
sz.301202,2026-10-09,2026-10-09
sz.301203,2026-10-09,2026-10-09
sz.301205,2026-10-09,2026-10-09
sz.301206,2026-10-09,2026-10-09
sz.301207,2026-10-09,2026-10-09
sz.301208,2026-10-09,2026-10-09
sz.301209,2026-10-09,2026-10-09
sz.301210,2026-10-09,2026-10-09
sz.301211,2026-10-09,2026-10-09
sz.301212,2026-10-09,2026-10-09
sz.301213,2026-10-09,2026-10-09
sz.301215,2026-10-09,2026-10-09
sz.301216,2026-10-09,2026-10-09
sz.301217,2026-10-09,2026-10-09
sz.301218,2026-10-09,2026-10-09
sz.301219,2026-10-09,2026-10-09
sz.301220,2026-10-09,2026-10-09
sz.301221,2026-10-09,2026-10-09
sz.301222,2026-10-09,2026-10-09
sz.301223,2026-10-09,2026-10-09
sz.301225,2026-10-09,2026-10-09
sz.301226,2026-10-09,2026-10-09
sz.301227,2026-10-09,2026-10-09
sz.301228,2026-10-09,2026-10-09
sz.301229,2026-10-09,2026-10-09
sz.301230,2026-10-09,2026-10-09
sz.301231,2026-10-09,2026-10-09
sz.301232,2026-10-09,2026-10-09
sz.301233,2026-10-09,2026-10-09
sz.301234,2026-10-09,2026-10-09
sz.301235,2026-10-09,2026-10-09
sz.301236,2026-10-09,2026-10-09
sz.301237,2026-10-09,2026-10-09
sz.301238,2026-10-09,2026-10-09
sz.301239,2026-10-09,2026-10-09
sz.301246,2026-10-09,2026-10-09
sz.301248,2026-10-09,2026-10-09
sz.301251,2026-10-09,2026-10-09
sz.301252,2026-10-09,2026-10-09
sz.301255,2026-10-09,2026-10-09
sz.301256,2026-10-09,2026-10-09
sz.301257,2026-10-09,2026-10-09
sz.301258,2026-10-09,2026-10-09
sz.301259,2026-10-09,2026-10-09
sz.301260,2026-10-09,2026-10-09
sz.301261,2026-10-09,2026-10-09
sz.301262,2026-10-09,2026-10-09
sz.301263,2026-10-09,2026-10-09
sz.301265,2026-10-09,2026-10-09
sz.301266,2026-10-09,2026-10-09
sz.301267,2026-10-09,2026-10-09
sz.301268,2026-10-09,2026-10-09
sz.301269,2026-10-09,2026-10-09
sz.301270,2026-10-09,2026-10-09
sz.301272,2026-10-09,2026-10-09
sz.301273,2026-10-09,2026-10-09
sz.301275,2026-10-09,2026-10-09
sz.301276,2026-10-09,2026-10-09
sz.301277,2026-10-09,2026-10-09
sz.301278,2026-10-09,2026-10-09
sz.301279,2026-10-09,2026-10-09
sz.301280,2026-10-09,2026-10-09
sz.301281,2026-10-09,2026-10-09
sz.301282,2026-10-09,2026-10-09
sz.301283,2026-10-09,2026-10-09
sz.301285,2026-10-09,2026-10-09
sz.301286,2026-10-09,2026-10-09
sz.301287,2026-10-09,2026-10-09
sz.301288,2026-10-09,2026-10-09
sz.301289,2026-10-09,2026-10-09
sz.301290,2026-10-09,2026-10-09
sz.301291,2026-10-09,2026-10-09
sz.301292,2026-10-09,2026-10-09
sz.301293,2026-10-09,2026-10-09
sz.301295,2026-10-09,2026-10-09
sz.301296,2026-10-09,2026-10-09
sz.301297,2026-10-09,2026-10-09
sz.301298,2026-10-09,2026-10-09
sz.301299,2026-10-09,2026-10-09
sz.301300,2026-10-09,2026-10-09
sz.301301,2026-10-09,2026-10-09
sz.301302,2026-10-09,2026-10-09
sz.301303,2026-10-09,2026-10-09
sz.301305,2026-10-09,2026-10-09
sz.301306,2026-10-09,2026-10-09
sz.301307,2026-10-09,2026-10-09
sz.301308,2026-10-09,2026-10-09
sz.301309,2026-10-09,2026-10-09
sz.301310,2026-10-09,2026-10-09
sz.301311,2026-10-09,2026-10-09
sz.301312,2026-10-09,2026-10-09
sz.301313,2026-10-09,2026-10-09
sz.301314,2026-10-09,2026-10-09
sz.301315,2026-10-09,2026-10-09
sz.301316,2026-10-09,2026-10-09
sz.301317,2026-10-09,2026-10-09
sz.301318,2026-10-09,2026-10-09
sz.301319,2026-10-09,2026-10-09
sz.301320,2026-10-09,2026-10-09
sz.301321,2026-10-09,2026-10-09
sz.301322,2026-10-09,2026-10-09
sz.301323,2026-10-09,2026-10-09
sz.301325,2026-10-09,2026-10-09
sz.301326,2026-10-09,2026-10-09
sz.301327,2026-10-09,2026-10-09
sz.301328,2026-10-09,2026-10-09
sz.301329,2026-10-09,2026-10-09
sz.301330,2026-10-09,2026-10-09
sz.301331,2026-10-09,2026-10-09
sz.301332,2026-10-09,2026-10-09
sz.301333,2026-10-09,2026-10-09
sz.301335,2026-10-09,2026-10-09
sz.301336,2026-10-09,2026-10-09
sz.301337,2026-10-09,2026-10-09
sz.301338,2026-10-09,2026-10-09
sz.301339,2026-10-09,2026-10-09
sz.301345,2026-10-09,2026-10-09
sz.301348,2026-10-09,2026-10-09
sz.301349,2026-10-09,2026-10-09
sz.301353,2026-10-09,2026-10-09
sz.301355,2026-10-09,2026-10-09
sz.301356,2026-10-09,2026-10-09
sz.301357,2026-10-09,2026-10-09
sz.301358,2026-10-09,2026-10-09
sz.301359,2026-10-09,2026-10-09
sz.301360,2026-10-09,2026-10-09
sz.301361,2026-10-09,2026-10-09
sz.301362,2026-10-09,2026-10-09
sz.301363,2026-10-09,2026-10-09
sz.301365,2026-10-09,2026-10-09
sz.301366,2026-10-09,2026-10-09
sz.301367,2026-10-09,2026-10-09
sz.301368,2026-10-09,2026-10-09
sz.301369,2026-10-09,2026-10-09
sz.301370,2026-10-09,2026-10-09
sz.301371,2026-10-09,2026-10-09
sz.301372,2026-10-09,2026-10-09
sz.301373,2026-10-09,2026-10-09
sz.301376,2026-10-09,2026-10-09
sz.301377,2026-10-09,2026-10-09
sz.301378,2026-10-09,2026-10-09
sz.301379,2026-10-09,2026-10-09
sz.301380,2026-10-09,2026-10-09
sz.301381,2026-10-09,2026-10-09
sz.301382,2026-10-09,2026-10-09
sz.301383,2026-10-09,2026-10-09
sz.301386,2026-10-09,2026-10-09
sz.301387,2026-10-09,2026-10-09
sz.301388,2026-10-09,2026-10-09
sz.301389,2026-10-09,2026-10-09
sz.301390,2026-10-09,2026-10-09
sz.301391,2026-10-09,2026-10-09
sz.301392,2026-10-09,2026-10-09
sz.301393,2026-10-09,2026-10-09
sz.301395,2026-10-09,2026-10-09
sz.301396,2026-10-09,2026-10-09
sz.301397,2026-10-09,2026-10-09
sz.301398,2026-10-09,2026-10-09
sz.301399,2026-10-09,2026-10-09
sz.301408,2026-10-09,2026-10-09
sz.301413,2026-10-09,2026-10-09
sz.301418,2026-10-09,2026-10-09
sz.301419,2026-10-09,2026-10-09
sz.301421,2026-10-09,2026-10-09
sz.301428,2026-10-09,2026-10-09
sz.301429,2026-10-09,2026-10-09
sz.301439,2026-10-09,2026-10-09
sz.301446,2026-10-09,2026-10-09
sz.301448,2026-10-09,2026-10-09
sz.301449,2026-10-09,2026-10-09
sz.301456,2026-10-09,2026-10-09
sz.301458,2026-10-09,2026-10-09
sz.301459,2026-10-09,2026-10-09
sz.301468,2026-10-09,2026-10-09
sz.301469,2026-10-09,2026-10-09
sz.301479,2026-10-09,2026-10-09
sz.301486,2026-10-09,2026-10-09
sz.301487,2026-10-09,2026-10-09
sz.301488,2026-10-09,2026-10-09
sz.301489,2026-10-09,2026-10-09
sz.301491,2026-10-09,2026-10-09
sz.301498,2026-10-09,2026-10-09
sz.301499,2026-10-09,2026-10-09
sz.301500,2026-10-09,2026-10-09
sz.301501,2026-10-09,2026-10-09
sz.301502,2026-10-09,2026-10-09
sz.301503,2026-10-09,2026-10-09
sz.301505,2026-10-09,2026-10-09
sz.301507,2026-10-09,2026-10-09
sz.301508,2026-10-09,2026-10-09
sz.301509,2026-10-09,2026-10-09
sz.301510,2026-10-09,2026-10-09
sz.301511,2026-10-09,2026-10-09
sz.301512,2026-10-09,2026-10-09
sz.301513,2026-10-09,2026-10-09
sz.301515,2026-10-09,2026-10-09
sz.301516,2026-10-09,2026-10-09
sz.301517,2026-10-09,2026-10-09
sz.301518,2026-10-09,2026-10-09
sz.301519,2026-10-09,2026-10-09
sz.301520,2026-10-09,2026-10-09
sz.301522,2026-10-09,2026-10-09
sz.301525,2026-10-09,2026-10-09
sz.301526,2026-10-09,2026-10-09
sz.301528,2026-10-09,2026-10-09
sz.301529,2026-10-09,2026-10-09
sz.301531,2026-10-09,2026-10-09
sz.301533,2026-10-09,2026-10-09
sz.301535,2026-10-09,2026-10-09
sz.301536,2026-10-09,2026-10-09
sz.301538,2026-10-09,2026-10-09
sz.301539,2026-10-09,2026-10-09
sz.301548,2026-10-09,2026-10-09
sz.301550,2026-10-09,2026-10-09
sz.301551,2026-10-09,2026-10-09
sz.301552,2026-10-09,2026-10-09
sz.301555,2026-10-09,2026-10-09
sz.301556,2026-10-09,2026-10-09
sz.301557,2026-10-09,2026-10-09
sz.301558,2026-10-09,2026-10-09
sz.301559,2026-10-09,2026-10-09
sz.301560,2026-10-09,2026-10-09
sz.301563,2026-10-09,2026-10-09
sz.301565,2026-10-09,2026-10-09
sz.301566,2026-10-09,2026-10-09
sz.301567,2026-10-09,2026-10-09
sz.301568,2026-10-09,2026-10-09
sz.301571,2026-10-09,2026-10-09
sz.301575,2026-10-09,2026-10-09
sz.301577,2026-10-09,2026-10-09
sz.301578,2026-10-09,2026-10-09
sz.301580,2026-10-09,2026-10-09
sz.301581,2026-10-09,2026-10-09
sz.301583,2026-10-09,2026-10-09
sz.301584,2026-10-09,2026-10-09
sz.301585,2026-10-09,2026-10-09
sz.301586,2026-10-09,2026-10-09
sz.301587,2026-10-09,2026-10-09
sz.301588,2026-10-09,2026-10-09
sz.301589,2026-10-09,2026-10-09
sz.301590,2026-10-09,2026-10-09
sz.301591,2026-10-09,2026-10-09
sz.301592,2026-10-09,2026-10-09
sz.301595,2026-10-09,2026-10-09
sz.301596,2026-10-09,2026-10-09
sz.301598,2026-10-09,2026-10-09
sz.301599,2026-10-09,2026-10-09
sz.301600,2026-10-09,2026-10-09
sz.301601,2026-10-09,2026-10-09
sz.301602,2026-10-09,2026-10-09
sz.301603,2026-10-09,2026-10-09
sz.301606,2026-10-09,2026-10-09
sz.301607,2026-10-09,2026-10-09
sz.301608,2026-10-09,2026-10-09
sz.301609,2026-10-09,2026-10-09
sz.301611,2026-10-09,2026-10-09
sz.301613,2026-10-09,2026-10-09
sz.301616,2026-10-09,2026-10-09
sz.301617,2026-10-09,2026-10-09
sz.301618,2026-10-09,2026-10-09
sz.301622,2026-10-09,2026-10-09
sz.301626,2026-10-09,2026-10-09
sz.301628,2026-10-09,2026-10-09
sz.301629,2026-10-09,2026-10-09
sz.301630,2026-10-09,2026-10-09
sz.301631,2026-10-09,2026-10-09
sz.301632,2026-10-09,2026-10-09
sz.301633,2026-10-09,2026-10-09
sz.301636,2026-10-09,2026-10-09
sz.301638,2026-10-09,2026-10-09
sz.301655,2026-10-09,2026-10-09
sz.301656,2026-10-09,2026-10-09
sz.301658,2026-10-09,2026-10-09
sz.301662,2026-10-09,2026-10-09
sz.301665,2026-10-09,2026-10-09
sz.301666,2026-10-09,2026-10-09
sz.301667,2026-10-09,2026-10-09
sz.301668,2026-10-09,2026-10-09
sz.301669,2026-10-09,2026-10-09
sz.301677,2026-10-09,2026-10-09
sz.301678,2026-10-09,2026-10-09
sz.301680,2026-10-09,2026-10-09
sz.301682,2026-10-09,2026-10-09
sz.301683,2026-10-09,2026-10-09
sz.301686,2026-10-09,2026-10-09
sz.301687,2026-10-09,2026-10-09
sz.301688,2026-10-09,2026-10-09
sz.301689,2026-10-09,2026-10-09
sz.301696,2026-10-09,2026-10-09
sz.301697,2026-10-09,2026-10-09
sz.301699,2026-10-09,2026-10-09
sz.301707,2026-10-09,2026-10-09
sz.301716,2026-10-09,2026-10-09
sz.301717,2026-10-09,2026-10-09
sz.302132,2026-10-09,2026-10-09
