signal,h,category,event,direction,stat_mean,stat_t,stat_p,ic_mean,ic_t,disc_stat_t,disc_ic_mean,q,rc_p,same_sign,sig,plateau,ann_gross,ann_net,ann_stress,ci_lo,ci_hi,turnover,blocked,delayed,n_hold,avoid_only,bt_ok,fm_t,fm_coef,fm_ok,base_factor,pre_grade,test_ic,test_t,test_ann_net,test_ci_lo,test_ann_gross,test_turnover,test_ok,test_ic_ok,final_grade
bias_5,1,trend,False,-1.0,-0.0333064381064049,-8.866150677811177,7.571799623061165e-19,-0.0333064381064049,-8.866150677811177,-11.360354869651196,-0.0435115230636248,5.252935988498683e-18,0.0009990009990009,True,True,1.0,-0.0409942477382846,-0.4086764462490502,-0.6537979119228938,-0.4851164290560254,-0.3463813369407866,0.4863521144322295,0.0006154468709177,0.0050218389269735,355.0445177246496,False,False,-10.570032640940353,-0.0282294789188751,True,False,B,-0.021373122877673532,-4.07219717662869,-0.5193391477518391,-0.6344800140360625,-0.15502901678869796,0.4818917076232025,False,True,B
bias_5,5,trend,False,-1.0,-0.0250296268993613,-4.62056344826588,3.826992821181804e-06,-0.0250296268993613,-4.62056344826588,-10.644257335991036,-0.0577334001599643,6.485438216048553e-06,0.0069930069930069,True,True,1.0,-0.0599293288975342,-0.1904676447679233,-0.277493188681516,-0.2350263410933814,-0.1422974422416685,0.8633486499364362,0.0006174830888529,0.0052103753907666,354.8089330024814,False,False,-6.137101234832714,-0.0247218161363816,True,False,B,-0.023117134633722808,-3.120716984685836,-0.19410360163457427,-0.27901416051194056,-0.06324894839720287,0.8654408282894934,False,True,B
bias_5,20,trend,False,-1.0,-0.0178683173632346,-3.4903581565903417,0.0004823736034311,-0.0178683173632346,-3.4903581565903417,-3.785911175702132,-0.0244191604881654,0.0005949274442316,0.1208791208791208,True,True,1.0,-0.0638122470998167,-0.0967835578499309,-0.1187644316833405,-0.1252127743734429,-0.0678207998500506,0.8722568981511709,0.0006213221822629,0.0071753576353825,353.90536013400333,False,False,-7.833959985716731,-0.0279768492164079,True,False,B,-0.027419788644606518,-3.643522934064684,-0.06956288324226827,-0.11020890800541339,-0.03659007091088617,0.8722966225233358,False,True,B
bias_10,1,trend,False,-1.0,-0.0373244916504694,-9.579778651007947,9.725313905957233e-22,-0.0373244916504694,-9.579778651007947,-13.519169165409084,-0.055029306148144,7.444895472836227e-21,0.0009990009990009,True,True,1.0,-0.0120498999716852,-0.2622718626498523,-0.429086504435297,-0.3257878812069763,-0.2013903421507268,0.3309814321139777,0.0006463033604371,0.0046922126967269,354.0131904369332,False,False,-10.548847292216662,-0.0295831298232247,True,False,B,-0.0285905525209871,-5.297429218827335,-0.3249559670164768,-0.44363279057903887,-0.0741983880561687,0.33168991925966673,False,True,B
bias_10,5,trend,False,-1.0,-0.0305302330430587,-4.790136502852445,1.6666789262070626e-06,-0.0305302330430587,-4.790136502852445,-9.018024030414551,-0.0602799492142858,2.9134072568343927e-06,0.0049950049950049,True,True,1.0,-0.0605501782400968,-0.1735340744625781,-0.2488566719442324,-0.2177700590801242,-0.1255851391582949,0.747247990889427,0.0006484416676677,0.0049477966492294,353.7750206782465,False,False,-6.010562867823263,-0.027541017224445,True,False,B,-0.03488736237769877,-3.8993642348042727,-0.1411478645827327,-0.2511211596518157,-0.026948705040983473,0.7552854467046909,False,True,B
bias_10,20,trend,False,-1.0,-0.0298035070120518,-3.9289434607777225,8.531989476091671e-05,-0.0298035070120518,-3.9289434607777225,-3.761027443674325,-0.0360888149991379,0.0001134192612989,0.0429570429570429,True,True,1.0,-0.0439166793712154,-0.0771289148542484,-0.0992704051762704,-0.1090915937296555,-0.0450390853397458,0.8786305683342057,0.0006507219859029,0.00749418069277,352.8601340033501,False,False,-7.087457699547222,-0.0335307155602385,True,False,B,-0.04484479625064997,-4.515447521978903,-0.04471448859186127,-0.08548772312527123,-0.011340059520292798,0.882921404009748,False,True,B
bias_20,1,trend,False,-1.0,-0.0377851660097686,-9.301443853508005,1.3855122403023498e-20,-0.0377851660097686,-9.301443853508005,-11.741804629643187,-0.0509027634914983,1.0252790578237388e-19,0.0009990009990009,True,True,1.0,-0.036143301771868,-0.2097604051376147,-0.3255051407147792,-0.2769528025297098,-0.1513484575093599,0.2296522531292945,0.0007047515914538,0.0042455053776164,354.00412201154165,False,False,-10.970045962256274,-0.0372832541569251,True,False,B,-0.03812669003395189,-6.350677959587312,-0.18416350054546354,-0.3032306335171351,-0.005745144193143505,0.2360031168681482,False,True,B
bias_20,5,trend,False,-1.0,-0.0412697564457988,-5.825955107630023,5.678688070018289e-09,-0.0412697564457988,-5.825955107630023,-7.96295790610152,-0.0613796251231724,1.3131966161917292e-08,0.0029970029970029,True,True,1.0,-0.0463052079926291,-0.1275809876679424,-0.181764840784818,-0.1853870189244302,-0.0701372584535746,0.5375382253658288,0.0007070832757927,0.0046108239682774,353.76509511993385,False,False,-7.292783619769565,-0.040152029044426,True,False,B,-0.05130728603719487,-5.313090725157411,-0.06072594147648693,-0.16825395368777968,0.02336529261502941,0.5561589556317218,False,True,B
bias_20,20,trend,False,-1.0,-0.0479835675041598,-4.516723983464327,6.280368185090829e-06,-0.0479835675041598,-4.516723983464327,-4.09100035757577,-0.0562234456544312,1.0327716571038252e-05,0.0099900099900099,True,True,1.0,-0.0191865380070974,-0.0526729747235534,-0.0749972658678573,-0.0965573658053412,-0.0132999233251923,0.8858845692184103,0.0007140048242515,0.0073530674715864,352.8500837520938,False,False,-7.088250031199255,-0.0479865280879882,True,False,B,-0.0642521344579895,-4.6573430288224875,-0.01943298809114457,-0.08088104726546033,0.014499446056209597,0.8976834430516977,False,True,B
bias_60,1,trend,False,-1.0,-0.0383334515641202,-8.324316428477438,8.481675917471054e-17,-0.0383334515641202,-8.324316428477438,-9.76177515467193,-0.0468244926220534,4.3789117527408695e-16,0.0009990009990009,True,True,1.0,0.0616623602538209,-0.0405478915197277,-0.1086880593687601,-0.1276733550016557,0.0327207536466633,0.1351987457322072,0.0008490548003848,0.0038449097666981,353.6199505358615,False,False,-2.3176524949760555,-0.0093656401389214,True,False,B,-0.042851018735872666,-6.826667371454836,-0.03689636009413102,-0.1476085093350252,0.07126045974188217,0.143064576502663,False,True,B
bias_60,5,trend,False,-1.0,-0.0557866224869389,-6.568646407686725,5.077469415764991e-11,-0.0557866224869389,-6.568646407686725,-7.732062861732133,-0.0704054495119344,1.4268331775947186e-10,0.0009990009990009,True,True,1.0,0.0436578734538602,-0.0034677280502431,-0.0348847957196454,-0.0773626674975559,0.0711007614505462,0.3116772586250226,0.0008499313683562,0.0045458151725089,353.3771712158809,False,False,-1.983586975896603,-0.0148499392025576,False,False,B,-0.06641607278807825,-6.184381861559195,0.036203243218435724,-0.07298606496917101,0.0861218421907314,0.3301494641024847,True,True,B
bias_60,20,trend,False,-1.0,-0.0675513521027626,-4.291975462182031,1.7709052249874857e-05,-0.0675513521027626,-4.291975462182031,-4.543592209687152,-0.08051551798356,2.6209397329814784e-05,0.0189810189810189,True,True,1.0,0.0226485747971291,-0.0013550358516172,-0.0173574429507815,-0.0647866371529144,0.0586871631431366,0.6350161547287425,0.0008586520735498,0.0072303006434859,352.4530988274707,False,False,-0.8956206879370366,-0.0110574018302858,False,False,B,-0.08793554917280352,-4.653343886505172,0.020153445459552798,-0.0696988531168692,0.04514580433437,0.6611735152068041,True,True,B
bias_120,1,trend,False,-1.0,-0.0334981988847423,-7.210414229723339,5.578192391933677e-13,-0.0334981988847423,-7.210414229723339,-8.932689963784911,-0.0413091585343543,1.9051672477065784e-12,0.0009990009990009,True,True,1.0,0.0836039920839161,0.0091433328532615,-0.0404971066338415,-0.0823052487623687,0.0935364898828624,0.0984929354902839,0.0010397212855481,0.0036466584106337,351.59356966199505,False,False,-1.183269797832213,-0.0042624308231011,False,False,B,-0.03920471552829837,-6.31780651146308,-0.0002640155932932121,-0.11029332634289023,0.07967033173157868,0.10573326365723794,False,True,B
bias_120,5,trend,False,-1.0,-0.0517803932983247,-5.889780132694289,3.867097668417437e-09,-0.0517803932983247,-5.889780132694289,-7.329291912492652,-0.0665182522828495,9.331474808572513e-09,0.0029970029970029,True,True,1.0,0.0696172529750134,0.0355638458328333,0.0128615744047133,-0.0434036386637244,0.1181907771974845,0.2252209467075401,0.0010412286772917,0.0047948885563841,351.3440860215054,False,False,-1.1712583274955488,-0.0082067458380832,False,False,B,-0.06418419994877576,-5.707167382164355,0.049222342822115434,-0.06069339529399041,0.08606751815048656,0.24368502201303657,True,True,B
bias_120,20,trend,False,-1.0,-0.0658126168955193,-3.966050500382399,7.307338642497117e-05,-0.0658126168955193,-3.966050500382399,-4.395333965633418,-0.0810736173423779,9.831691991723397e-05,0.0419580419580419,True,True,1.0,0.0403635550585534,0.0230457053408111,0.0115004721956497,-0.0437578152584102,0.0860298277494049,0.4581441724270432,0.0010523526150096,0.0076393459520304,350.39447236180905,False,False,-0.4844769490384576,-0.0057858392546595,False,False,B,-0.082425420737048,-3.904594002074847,0.012202230059411453,-0.074371108546232,0.0309207706686509,0.4951994870169168,True,True,B
bias_250,1,trend,False,-1.0,-0.0255288912265963,-5.507540044243984,3.6388265468984113e-08,-0.0255288912265963,-5.507540044243984,-6.836862741619588,-0.0301571644713826,7.148845074437589e-08,0.0039960039960039,True,True,1.0,0.0676116475572359,0.0153983304027553,-0.0194105477002316,-0.0749863328907725,0.1023722379887835,0.0690652343313235,0.0013248187196897,0.0035432093789814,343.66199505358617,False,False,-1.4793813093712256,-0.0056522036975922,False,False,B,-0.03436687460236087,-5.673307305066049,-0.009115124336893246,-0.1230467498047984,0.04705155363997981,0.0742945475884564,False,True,B
bias_250,5,trend,False,-1.0,-0.0396762026503826,-4.403748152862447,1.063964521203302e-05,-0.0396762026503826,-4.403748152862447,-5.301923409232451,-0.0465747942166584,1.6871437407652363e-05,0.0129870129870129,True,True,1.0,0.0598060320103239,0.0359206951828316,0.0199971372978367,-0.0418756613396084,0.1193486087174691,0.1579718044146316,0.0013272693618358,0.0048839149338395,343.38626964433416,False,False,-1.2297213128143183,-0.0091805188704292,False,False,B,-0.0576423572854484,-5.087804249494438,0.020476778563933574,-0.09486764074935126,0.046505475327488735,0.17214746536742834,True,True,B
bias_250,20,trend,False,-1.0,-0.0507384658780594,-2.870466365985057,0.004098667978505,-0.0507384658780594,-2.870466365985057,-2.906254539432182,-0.0539997840186703,0.0046661758524519,0.3736263736263736,True,False,1.0,0.0196308849274997,0.0075534188844261,-0.0004982251442896,-0.06287878108486,0.0774418923085661,0.3195096836791965,0.0013439436000498,0.0071805849951384,342.33668341708545,False,False,,,False,False,C,-0.07653516616321324,-3.5465212377572994,-0.017792373162571273,-0.11739163885653585,-0.004535604624190545,0.3507081623910243,False,True,C
ma_align,1,trend,False,-1.0,-0.0202594067056174,-6.249171504068587,4.1263562196964366e-10,-0.0202594067056174,-6.249171504068587,-6.690074173944565,-0.0205676873004369,1.0777071538501282e-09,0.0009990009990009,True,True,,-0.0885386608224852,-0.2170754341159586,-0.3027666163116075,-0.2835791362337226,-0.159794004091169,0.1700221868961287,0.0008365651750487,0.0028017216594505,807.0643033800494,False,False,-1.8323156005829968,-0.0039298382183549,False,False,B,-0.028282025842657262,-6.53256414604126,-0.07202939031328867,-0.16578643925717704,0.05535512266200465,0.16849803303610225,False,True,B
ma_align,5,trend,False,-1.0,-0.0260409149695754,-4.514158619298658,6.356862765379593e-06,-0.0260409149695754,-4.514158619298658,-3.381005756946036,-0.0195536952739026,1.037664363172257e-05,0.0099900099900099,True,True,,-0.1066411314512305,-0.1827185774476224,-0.2334368747785503,-0.2308515670536476,-0.1386216647263617,0.5031577116163483,0.0008376346237328,0.0039030702986289,804.8238213399504,False,False,-0.0366273034194452,-0.0001281573449923,False,False,B,-0.042956382813916914,-5.527271567447549,-0.06754172648101006,-0.14618544270948325,0.008992379184721991,0.5061779475246828,False,True,B
ma_align,20,trend,False,-1.0,-0.0385757226832131,-3.6317501937621848,0.0002815055544088,-0.0385757226832131,-3.6317501937621848,-2.488027568799533,-0.0249717727467844,0.0003550808697656,0.0849150849150849,True,True,,-0.0367400620761963,-0.0643364206764402,-0.0827339930766027,-0.1079146107644534,-0.0182349599827314,0.7300623968318479,0.0008456287073409,0.0068936991350348,807.8266331658291,False,False,0.2242149661593656,0.0012186782671065,False,False,B,-0.05103145560264665,-3.565442900207778,-0.04168258460145878,-0.10011848803542081,-0.013835331548102606,0.7366998162263537,False,True,B
macross_5_20,1,trend,False,-1.0,-0.0282460110733767,-7.368731901744592,1.7225867978331344e-13,-0.0282460110733767,-7.368731901744592,-9.5717543693759,-0.039828246440335,6.593349467568203e-13,0.0009990009990009,True,True,1.0,-0.0404786284461319,-0.1384288213104559,-0.2037289498866719,-0.2039967220170244,-0.0788631856962053,0.1295637471750317,0.0011778307120067,0.0034375745486022,353.6710634789777,False,False,-6.995409377584921,-0.0212199337830461,True,False,B,-0.03264863182721757,-5.491851599886029,-0.07484922249170017,-0.1897568250734653,0.027452908670463797,0.13532027931503168,False,True,B
macross_5_20,5,trend,False,-1.0,-0.0357742562942386,-5.107350286081004,3.2670776647970614e-07,-0.0357742562942386,-5.107350286081004,-5.669048894568329,-0.0444958203032793,5.849122916007642e-07,0.0039960039960039,True,True,1.0,-0.0464998232553562,-0.124863391533934,-0.177105770386319,-0.1818004872729983,-0.0672789104834797,0.5182775679800115,0.0011817275878115,0.0043676591549928,353.4317617866005,False,False,-5.107147749751369,-0.0245910061781029,True,False,B,-0.04873924124996916,-4.925092356452334,-0.045703890924308765,-0.15449183033124483,0.03550312914470665,0.5370834660649167,False,True,B
macross_5_20,20,trend,False,-1.0,-0.0479161839807061,-4.297256099496147,1.7292536650627778e-05,-0.0479161839807061,-4.297256099496147,-3.644362619949209,-0.0514929931136751,2.6209397329814784e-05,0.0179820179820179,True,True,1.0,-0.0104999320030556,-0.0441457315707671,-0.066576264615908,-0.0891628543232393,-0.0043231981959039,0.8901005176643231,0.0011946120045118,0.007318598541183,352.5150753768844,False,False,-5.243445663048341,-0.0318029365423161,True,False,B,-0.06209089706139277,-4.179665833990816,-0.01721460188090248,-0.08309196058312383,0.016847953470634704,0.9011258029507191,False,True,B
macross_10_60,1,trend,False,-1.0,-0.0260940721149927,-6.003118387244536,1.935633742490581e-09,-0.0260940721149927,-6.003118387244536,-6.158411642557615,-0.0274955165922729,4.828210009358527e-09,0.0019980019980019,True,True,1.0,0.0776777472569378,0.0370984620727968,0.0100456052833694,-0.0425618699141125,0.1059877595418823,0.0536763031536257,0.0016129745755141,0.002965691616883,352.2159934047816,False,False,2.5235037439549464,0.0082089008612495,False,False,B,-0.03419875320547533,-5.557498216665936,0.06274464915147512,-0.044697802299637074,0.10598825112492051,0.05720053171090658,True,True,B
macross_10_60,5,trend,False,-1.0,-0.0468903855731956,-5.685051522732665,1.3077322811275615e-08,-0.0468903855731956,-5.685051522732665,-5.609915669269181,-0.0495832989157054,2.9031656641031872e-08,0.0029970029970029,True,True,1.0,0.0572172676188057,0.0214787019497874,-0.0023470084962248,-0.0540042960370161,0.0959232493445512,0.2363661750596451,0.00161637406106,0.0042999296990663,351.9718775847808,False,False,0.7614762200467884,0.0047429224403161,False,False,B,-0.05815991337552902,-5.258557235856153,0.0566475402935249,-0.05369346268094015,0.09471529326647467,0.25177085299569946,True,True,B
macross_10_60,20,trend,False,-1.0,-0.0607025706902786,-3.754215184677509,0.0001738854371295,-0.0607025706902786,-3.754215184677509,-3.943952016914785,-0.0684021474164864,0.0002231362256806,0.0689310689310689,True,True,1.0,0.0290671873675371,0.0046810812965262,-0.0115763227508143,-0.0579994824320199,0.0669781263619625,0.6451350812436748,0.00163471886059,0.0069017504052129,351.03433835845897,False,False,1.069587142402543,0.012025625929412,False,False,B,-0.07758521090580302,-3.9643627415748734,0.014988837966762519,-0.07838128156763534,0.04018275498457437,0.6665057412119536,True,True,B
macross_20_120,1,trend,False,-1.0,-0.0171884765903414,-3.95885975072992,7.530844115900137e-05,-0.0171884765903414,-3.95885975072992,-4.296482039163259,-0.018166257307412,0.0001007136984174,0.0429570429570429,True,True,1.0,0.0753385016412876,0.0530232200557837,0.0381463656654478,-0.0316155392422609,0.1340789229516262,0.0295175682347934,0.0020826360664153,0.0031338190145081,350.4558944765045,False,False,2.7243304343753723,0.0083365260594473,False,False,B,-0.023579685353067075,-3.9425496900811234,0.03165739457911129,-0.07525117579896308,0.05558135320298984,0.03164544791518325,True,True,B
macross_20_120,5,trend,False,-1.0,-0.0340189187655807,-4.034041610843469,5.482560275864988e-05,-0.0340189187655807,-4.034041610843469,-4.409054038451673,-0.0375592634675505,7.654895479509604e-05,0.0369630369630369,True,True,1.0,0.0592653442565179,0.0394989049212072,0.0263212786976667,-0.0352950860804049,0.1202806236662486,0.1307304188843302,0.0020875939619831,0.0047507220455518,350.20512820512823,False,False,1.2466594884045927,0.0075032784217188,False,False,B,-0.04310615770105964,-3.756742007733828,0.024077544557222615,-0.07727225612838524,0.045438909135867664,0.14127886626088,True,True,B
macross_20_120,20,trend,False,-1.0,-0.0479149520445784,-2.93835685871218,0.0032995698518196,-0.0479149520445784,-2.93835685871218,-3.151140540541122,-0.0539735949879427,0.0037757964283709,0.3286713286713286,True,False,1.0,0.0269946196993063,0.0110073868526856,0.0003492316216051,-0.0533490841551767,0.0739098116952775,0.4229426679000183,0.0021118631922223,0.0073184840193164,349.24539363484087,False,False,,,False,False,C,-0.05757921292555874,-2.829638766630894,-0.02370589166101721,-0.10185300699239086,-0.006512552982108802,0.4548502296007514,False,True,C
ret_1,1,momentum,False,-1.0,-0.0253921522974129,-7.304963276112046,2.773424805998319e-13,-0.0253921522974129,-7.304963276112046,-4.630099686942367,-0.0165721040525818,1.0261671782193781e-12,0.0009990009990009,True,True,1.0,-0.1670719653038751,-0.7922893968723259,-1.20910101791796,-0.8748243289851068,-0.7236541874598004,0.827007184614353,0.0007742750281828,0.0056316323740744,355.6603462489695,False,False,-10.120059863557008,-0.0264481115157311,True,True,B,-0.015016673285495946,-2.909403180920935,-0.8391667698359713,-0.969054607087506,-0.21504922107966165,0.8255523131697218,False,True,B
ret_1,5,momentum,False,-1.0,-0.0152746920426606,-4.537696089493132,5.687214004531535e-06,-0.0152746920426606,-4.537696089493132,-6.653627489192956,-0.024322588174747,9.422100813477618e-06,0.0089910089910089,True,True,1.0,-0.1087711635101473,-0.2381165855371577,-0.3243468668884981,-0.2753949940108419,-0.199585909481246,0.8554591403902809,0.0007768367321636,0.0056338819443664,355.424317617866,False,False,-8.935424200394241,-0.0193627105364899,True,True,B,-0.00972547271218126,-1.9193060221935514,-0.24854364785487496,-0.3243895784434159,-0.11985488692675168,0.8511161437045192,False,False,B
ret_1,20,momentum,False,-1.0,-0.0069769722846055,-2.500331748705367,0.0124077054912297,-0.0069769722846055,-2.500331748705367,-1.070230123302165,-0.0037571773640493,0.0139116697931969,0.6233766233766234,True,False,1.0,-0.0906207438078954,-0.1234191126295068,-0.1452846918439144,-0.1520712662064094,-0.0937713359778578,0.8676817148574433,0.0007768072820872,0.0070611453894759,354.52596314907873,False,False,,,False,True,C,-0.009954072736596802,-2.060464929317423,-0.1013929911395984,-0.1422357742584768,-0.0684252191173118,0.8721632810128731,False,True,C
ret_5,1,momentum,False,-1.0,-0.0361266860893561,-9.6106322405757,7.210486660292964e-22,-0.0361266860893561,-9.6106322405757,-15.261138371647665,-0.0584750965855154,5.9286223651297686e-21,0.0009990009990009,True,True,1.0,-0.0497274370803345,-0.3681964065493048,-0.5805090528619515,-0.4322587776690886,-0.3000315606007059,0.4212552506203309,0.0007093631816369,0.0046223798505301,355.1434460016488,False,False,-11.07083259659294,-0.0271229528190719,True,False,B,-0.025677791249303812,-4.933138537705098,-0.407758900195844,-0.5125519718345581,-0.09056732689174139,0.41956557315357484,False,True,B
ret_5,5,momentum,False,-1.0,-0.028439737342088,-4.751947717842083,2.014664726250643e-06,-0.028439737342088,-4.751947717842083,-9.920733930953386,-0.0600566444558323,3.494184134590959e-06,0.0049950049950049,True,True,1.0,-0.0762542135845605,-0.2080435617928436,-0.2959031272650324,-0.2528671496354721,-0.1605312437258108,0.8716226733352055,0.0007117101235116,0.0048853911631228,354.90736145574857,False,False,-5.598830084170372,-0.022111500423474,True,False,B,-0.030084383106715802,-3.6388732830425696,-0.1573434724892139,-0.2574217749680314,-0.025050378742200903,0.8749543237236311,False,True,B
ret_5,20,momentum,False,-1.0,-0.0258967365809022,-4.041367670009006,5.31403652526782e-05,-0.0258967365809022,-4.041367670009006,-4.273972617901562,-0.033979381314599,7.466557649426937e-05,0.0369630369630369,True,True,1.0,-0.0541497565972856,-0.0872541393799809,-0.1093237279017778,-0.1171799348323455,-0.0582520869873468,0.875777322293526,0.0007147761490788,0.0074910406687045,354.0041876046901,False,False,-7.22023447822325,-0.0263943151566458,True,False,B,-0.03925527268471449,-4.621494992165596,-0.053625587778192076,-0.09272006882454487,-0.02041585762333762,0.8785642898109642,False,True,B
ret_20,1,momentum,False,-1.0,-0.0340742099370183,-8.494437732434887,1.988933859495432e-17,-0.0340742099370183,-8.494437732434887,-9.94334205290502,-0.0417582576688283,1.1619560968631207e-16,0.0009990009990009,True,True,1.0,-0.0162339773318681,-0.1901172405721178,-0.3060394160656177,-0.2616836431909115,-0.128016375666305,0.2300043164553567,0.0009328092587382,0.0037804992252581,354.2052761747733,False,False,-6.645004670951774,-0.0221928712157256,True,True,B,-0.039576710799537874,-6.566598660131852,-0.13179332650319467,-0.2402979147687869,0.049618850229730095,0.23996319673667296,False,True,B
ret_20,5,momentum,False,-1.0,-0.0474777351119123,-6.429906253248679,1.2768266735030152e-10,-0.0474777351119123,-6.429906253248679,-7.647481292154853,-0.0597382899660127,3.4994508829341903e-10,0.0009990009990009,True,True,1.0,-0.0164419105449287,-0.09297513684877,-0.1439972877179975,-0.1565142194699201,-0.0251849758966205,0.5061721316391619,0.000933962929963,0.004662180261654,353.96443341604635,False,False,-5.046258046105422,-0.0309915431441286,True,True,B,-0.05883916556406466,-6.034352047777759,-0.02126675093761137,-0.1222262103369817,0.05836400173554832,0.5266584171505271,False,True,B
ret_20,20,momentum,False,-1.0,-0.0616405136811119,-4.961117790350629,7.008867136604311e-07,-0.0616405136811119,-4.961117790350629,-4.390530661251821,-0.0674781075728396,1.2348956383540929e-06,0.0039960039960039,True,True,1.0,0.0081678559434504,-0.0257209172564803,-0.0483134327231009,-0.0765385395486458,0.0169393267618332,0.8965283915325625,0.0009437347253335,0.0074044712263407,353.0536013400335,False,False,-3.149498843104402,-0.0309654160544741,True,True,B,-0.07054162762865858,-4.077474342287125,-0.01029608760307463,-0.0888632923140866,0.024098701024356135,0.9099150430537238,False,True,B
ret_60,1,momentum,False,-1.0,-0.0294649203404427,-6.578813312170822,4.742177304641713e-11,-0.0294649203404427,-6.578813312170822,-7.773805826460479,-0.0337632281976506,1.349696617474949e-10,0.0009990009990009,True,True,1.0,0.0744183301557638,-0.0368715342069964,-0.1110647771155033,-0.1263382898581674,0.0434773210162915,0.1472088152946565,0.0011108134827528,0.0035313838666346,352.66941467436106,False,False,-0.5330006804905949,-0.0015938590161219,False,False,B,-0.03400382660765095,-5.521181895378262,-0.04155462063408554,-0.14264078774802416,0.07666430974442133,0.15637424653241647,False,True,B
ret_60,5,momentum,False,-1.0,-0.0468246377566669,-5.555302758086062,2.7713099275160082e-08,-0.0468246377566669,-5.555302758086062,-6.629091276587244,-0.0565587658760199,5.5930073082595796e-08,0.0029970029970029,True,True,1.0,0.0464716608302014,-0.0029271672771094,-0.03585971934865,-0.079905118119606,0.0730509198281807,0.3267118261065534,0.0011086909917342,0.0047291690938951,352.4234904880066,False,False,-0.8545407376452973,-0.0048885901652382,False,False,B,-0.06044713234020212,-5.4941342634130255,0.037700632166017045,-0.06836498608847102,0.0903499030044301,0.3482094632170177,True,True,B
ret_60,20,momentum,False,-1.0,-0.0581039057703204,-3.7186968504465994,0.0002002532041982,-0.0581039057703204,-3.7186968504465994,-4.39762941528404,-0.0751073233043781,0.0002554954674253,0.0729270729270729,True,True,1.0,0.0106405193215844,-0.0121024056166803,-0.0272643555755235,-0.0686395045462961,0.0499521404133214,0.6016646809064763,0.0011226192705248,0.0076020020752493,351.4899497487437,False,False,-0.1595767804172311,-0.0015813491906285,False,False,B,-0.07811735496692292,-3.959284491292546,0.0017279796317862597,-0.07817762308055237,0.025551000729284328,0.6302386533729648,True,True,B
ret_120,1,momentum,False,-1.0,-0.0229368569987132,-5.424609269090907,5.808145100974657e-08,-0.0229368569987132,-5.424609269090907,-7.020093576863291,-0.0281915600425533,1.0835363129549361e-07,0.0039960039960039,True,True,1.0,0.0724713279541257,-0.0109185296435418,-0.0665117680419868,-0.0945756435649999,0.0713255639185159,0.1103040444413591,0.0013949536814017,0.0035536504421238,350.94146743610884,False,False,-0.2007059228256755,-0.00053136733231,False,False,B,-0.027901500717460857,-4.772512402003447,-0.041575405718874636,-0.13921846443641067,0.04716163654608677,0.11737704003301773,False,True,B
ret_120,5,momentum,False,-1.0,-0.0376102023751639,-4.4973605174590885,6.880226856451155e-06,-0.0376102023751639,-4.4973605174590885,-5.686630303256519,-0.0464664755308607,1.1148980745490192e-05,0.0099900099900099,True,True,1.0,0.0645269894088419,0.0270352402714829,0.0020407408465769,-0.0466527621055382,0.1062120059647056,0.2479613038185118,0.0013956947683921,0.0048961922298343,350.6923076923077,False,False,-0.5713578748185774,-0.002998331011351,False,False,B,-0.04824193363058008,-4.350020466455572,0.01276838561903553,-0.08635265485214919,0.052592100346747925,0.2633843566647645,True,True,B
ret_120,20,momentum,False,-1.0,-0.050757251393149,-3.0258812104788406,0.0024790967823986,-0.050757251393149,-3.0258812104788406,-3.2468479418874634,-0.0533838177841961,0.002881463275877,0.2987012987012987,True,True,1.0,0.0330202443067084,0.0154028956239478,0.0036579965021074,-0.0531320387451672,0.0802933762934601,0.4660674254698569,0.0014112672149991,0.0074968217906013,349.74455611390283,False,False,0.0576952112711018,0.0005854755407541,False,False,B,-0.06536488973956518,-3.1974784841490034,-0.009600117994756338,-0.08916171932499656,0.008929683627868789,0.4902063921329399,False,True,B
ret_250,1,momentum,False,-1.0,-0.0143292048101436,-3.2727434402725804,0.0010650910819693,-0.0143292048101436,-3.2727434402725804,-4.835361139894202,-0.019326846515881,0.0012920777059955,0.1828171828171828,True,True,1.0,0.0158190859690173,-0.0428409085017781,-0.0819475714823084,-0.1328855697949438,0.0457949455718676,0.07759258527883,0.0017647789503307,0.0036246093289092,340.53338829348723,False,False,-9.250320655362184,-0.0477216298643409,True,False,B,-0.02391115305224917,-4.367975705191513,-0.06942728287154012,-0.17754321355487673,-0.008589705915472836,0.08047298539162341,False,True,B
ret_250,5,momentum,False,-1.0,-0.0207683330118324,-2.386757129916791,0.0169977162459647,-0.0207683330118324,-2.386757129916791,-3.491558012875749,-0.0283741175591119,0.0188674650330209,0.7012987012987013,True,False,1.0,0.0116254724871761,-0.0154102269937437,-0.0334340266476903,-0.0939356633505519,0.0647437065789664,0.1788075362494703,0.0017706177557908,0.0051030494375547,340.26220016542595,False,False,,,False,False,C,-0.04240388692489148,-4.025454557154606,-0.039190406400235876,-0.1479476803694477,-0.011441345656089476,0.18352553402213226,False,True,C
ret_250,20,momentum,False,-1.0,-0.0262136202280857,-1.5427120048615826,0.1229006678304528,-0.0262136202280857,-1.5427120048615826,-1.9983486175837613,-0.0351436741992406,0.1324463507687404,0.996003996003996,True,False,1.0,-0.0142652083537906,-0.0272855583203718,-0.0359657916314259,-0.0950131291051919,0.0420579293680555,0.3444537028196069,0.001790881742508,0.0075819817848637,339.23701842546063,False,False,,,False,False,C,-0.06161844502730057,-3.0536484532798793,-0.040381533747012956,-0.13872940209396373,-0.026864242464589495,0.3576002984768112,False,True,C
mom_12_1,1,momentum,False,-1.0,-0.0010666387895141,-0.2554315195262665,0.7983898289354943,-0.0010666387895141,-0.2554315195262665,-0.7182120923545751,-0.0027365999943627,0.8130391835948612,1.0,True,False,,-0.0464240589521614,-0.1094636518593503,-0.1514900471308097,-0.1901634885001883,-0.0289085141429483,0.083385704903689,0.0030676008515775,0.0036306840178356,339.03050288540805,False,False,,,False,True,C,-0.007267497845337525,-1.3415519463874515,-0.1450864356886222,-0.24371718547884905,-0.07974665151356343,0.08642828594584491,False,False,C
mom_12_1,5,momentum,False,-1.0,-0.0007761214982481,-0.0922716284542405,0.9264822293976652,-0.0007761214982481,-0.0922716284542405,-0.3575808934163796,-0.0027908724575301,0.9306744566800076,1.0,True,False,,-0.0428549191005857,-0.0712510483672334,-0.0901818012116653,-0.1444378217882641,0.0012753228374441,0.1878050877423795,0.0030777500686216,0.0051360711159925,338.7551695616212,False,False,,,False,True,C,-0.01653942166870322,-1.5822575836772568,-0.09844247887103817,-0.1916178520910375,-0.06925645418260086,0.193029263812416,False,False,C
mom_12_1,20,momentum,False,-1.0,-0.0024038820259221,-0.153267637751254,0.8781872204402658,-0.0024038820259221,-0.153267637751254,-0.2670600984144572,-0.0043111775386727,0.8861707406260864,1.0,True,False,,-0.0504772753291657,-0.0638534042770428,-0.0727708235756275,-0.1265233957305132,-0.0002546308137071,0.353865845181934,0.0031124459767957,0.0071160870546106,337.7185929648241,False,False,,,False,True,C,-0.03009427734158559,-1.5130801810042147,-0.07166831797185075,-0.16099700930279992,-0.057933102577712406,0.36336548661741663,False,False,C
macd_dif_12_26,1,oscillator,False,-1.0,-0.0306426931490217,-7.033056126705259,2.0205803681060563e-12,-0.0306426931490217,-7.033056126705259,-8.4519039979251,-0.0378793272476426,6.408126310279207e-12,0.0009990009990009,True,True,1.0,0.0024987447877232,-0.0556316354140636,-0.0943852222152548,-0.1390670636329705,0.0156306407784039,0.0768920373039509,0.0011695607921211,0.0040221298543424,355.8722176422094,False,False,0.518118403881502,0.0021584420639679,False,False,B,-0.03825241618587774,-6.259668239240257,0.009908735304210322,-0.09783346104561641,0.07281757946509577,0.08321275682656805,True,True,B
macd_dif_12_26,5,oscillator,False,-1.0,-0.0482471485918043,-5.902570509297167,3.5788108219217493e-09,-0.0482471485918043,-5.902570509297167,-6.629191227383641,-0.0573437711706899,8.73072530183108e-09,0.0029970029970029,True,True,1.0,0.0075151831409574,-0.0378947830741123,-0.0681680938841588,-0.1104910915219297,0.0376366342532525,0.3003304643853821,0.001171497760396,0.0048768294931253,355.6368899917287,False,False,-0.5090968745641655,-0.0040053191318777,False,False,B,-0.06116689632404283,-5.7910894279236675,0.028472655168767392,-0.07925993819030865,0.0774096496584012,0.3236573709631866,True,True,B
macd_dif_12_26,20,oscillator,False,-1.0,-0.0634860368498653,-4.207015524965453,2.587653709607773e-05,-0.0634860368498653,-4.207015524965453,-4.215610497603756,-0.0712356387176715,3.754634794332848e-05,0.0219780219780219,True,True,1.0,0.0167597512889004,-0.0104185247074263,-0.0285373753716441,-0.0745717073324541,0.0490315265904485,0.719002010484836,0.0011862150689437,0.0080192337603147,354.7403685092127,False,False,-0.1115330672340058,-0.0015377790376842,False,False,B,-0.07955089683765965,-4.163017603372719,0.00990153758201057,-0.08116080836060693,0.03807446397498694,0.745315513041703,True,True,B
macd_dea_12_26_9,1,oscillator,False,-1.0,-0.0249227773726735,-5.823631050570571,5.75826220308937e-09,-0.0249227773726735,-5.823631050570571,-6.306075133352619,-0.0273782360602956,1.3178703186451961e-08,0.0029970029970029,True,True,,0.0332363563334648,-0.0085666258263048,-0.0364352805994846,-0.0925329856901984,0.0645986522832276,0.0552949499467853,0.0015964310455787,0.0034904252123149,355.8722176422094,False,False,3.555064675020408,0.0120392298474348,False,False,B,-0.0329904286842749,-5.35137556582423,0.03290762992743408,-0.07806915772952927,0.07772132361879606,0.0592773726076217,True,True,B
macd_dea_12_26_9,5,oscillator,False,-1.0,-0.0451202478151811,-5.577993783068925,2.4330834863916383e-08,-0.0451202478151811,-5.577993783068925,-5.811107699237647,-0.0494406285451348,5.0439794301423054e-08,0.0029970029970029,True,True,,0.0320223323752076,-0.0048723750785165,-0.0294688467143326,-0.0793528455983825,0.0721862794255272,0.2440126154346837,0.0015997803223845,0.0048409162930423,355.6368899917287,False,False,1.2691091991864647,0.0083079631980379,False,False,B,-0.05605525692259474,-5.088985521465773,0.04525554348913912,-0.0703512809869112,0.08479144591754784,0.26148083616672424,True,True,B
macd_dea_12_26_9,20,oscillator,False,-1.0,-0.0605390257888685,-3.832160497791925,0.0001270228236401,-0.0605390257888685,-3.832160497791925,-3.913640045274583,-0.0656038554853639,0.0001658768638124,0.0539460539460539,True,True,,0.0257862645578564,-2.7143702393134548e-05,-0.0172360825425595,-0.0645224023121716,0.0614450460620362,0.6828943984193019,0.0016159644160088,0.0076827268963258,354.7403685092127,False,False,1.1968363781090834,0.014461663984733,False,False,B,-0.07414624548066354,-3.7753787029948955,0.011461382352642673,-0.0845412884866618,0.03830741839039155,0.7102125935912401,True,True,B
macd_hist_12_26_9,1,oscillator,False,-1.0,-0.0237601324657838,-7.1993861913126524,6.048421612979648e-13,-0.0237601324657838,-7.1993861913126524,-9.899056818755067,-0.0351384236724138,2.0344690880022454e-12,0.0009990009990009,True,True,1.0,-0.1429531487896457,-0.2531390468387023,-0.32659631220474,-0.3201845292729187,-0.188784657803447,0.1457485423929319,0.0008568149833553,0.0046997306626965,355.8722176422094,False,False,-9.261615516071489,-0.0228238965795462,True,False,B,-0.02422446001244539,-4.208564424762204,-0.1498402680590481,-0.28888357623422434,-0.03737929561141237,0.1487579000630102,False,True,B
macd_hist_12_26_9,5,oscillator,False,-1.0,-0.0209628578947285,-3.5334317683081933,0.0004102019567568,-0.0209628578947285,-3.5334317683081933,-4.466561013611109,-0.0295172953995338,0.0005087420916202,0.1138861138861138,True,True,1.0,-0.101059756754956,-0.1821323723713308,-0.2361807827822474,-0.2379736272443973,-0.1278380700770057,0.5361945477273466,0.0008596497723821,0.0044329637546797,355.6368899917287,False,False,-5.374472042922181,-0.0232523577829949,True,False,B,-0.030191206740262,-3.039889541481202,-0.09769493239926559,-0.21872669143861145,-0.01547531829349057,0.5437805165725861,False,True,B
macd_hist_12_26_9,20,oscillator,False,-1.0,-0.0265633789694733,-3.067342745354672,0.0021597106349386,-0.0265633789694733,-3.067342745354672,-2.0054697613851067,-0.0213054971064469,0.0025368029680232,0.2657342657342657,True,True,0.0,-0.0462560422329133,-0.0810467487103361,-0.104240553028618,-0.1187240487170566,-0.0437673444677815,0.9203890602492808,0.0008665448660342,0.0074974549963518,354.7403685092127,False,False,-4.048884425018573,-0.0311041332370887,True,False,B,-0.03392467233438262,-3.1085647315496328,-0.042966952623557195,-0.0901972627103374,-0.008244546918317806,0.9185821615142693,False,True,B
macd_dif_6_13,1,oscillator,False,-1.0,-0.0334408743241876,-8.187676735629806,2.6631698407589107e-16,-0.0334408743241876,-8.187676735629806,-10.981454338694428,-0.0471428435810614,1.257922775847826e-15,0.0009990009990009,True,True,1.0,-0.0818996995550591,-0.1896262214696152,-0.2614439027459859,-0.2607510706172509,-0.1276147007089688,0.1424953993578784,0.0008676625346351,0.004680135598873,355.8722176422094,False,False,-8.661515004351134,-0.0319569262118497,True,False,B,-0.037397306943080744,-6.230690747952947,-0.09829651881854497,-0.21051098704173435,0.015415458960925102,0.1504126690204631,False,True,B
macd_dif_6_13,5,oscillator,False,-1.0,-0.0406371143858281,-5.510067313094564,3.586965009219764e-08,-0.0406371143858281,-5.510067313094564,-7.14599892144408,-0.0567806507230756,7.10987707184632e-08,0.0039960039960039,True,True,1.0,-0.0605398991562617,-0.1347406421833856,-0.1842078042014682,-0.1936915720081924,-0.0714952254734429,0.4907456549412953,0.0008705332129962,0.0049662186459517,355.6368899917287,False,False,-5.668118801552908,-0.034192580080194,True,False,B,-0.05376075675453381,-5.481177078182279,-0.040059562991959445,-0.14426177418286557,0.03820437261791521,0.5176186217584303,False,True,B
macd_dif_6_13,20,oscillator,False,-1.0,-0.0511175988677819,-4.35354400129681,1.3395419369358316e-05,-0.0511175988677819,-4.35354400129681,-4.037344101502104,-0.0582315659287089,2.0651271527760734e-05,0.0149850149850149,True,True,1.0,-0.0193078499965639,-0.0514757748726332,-0.0729210581233461,-0.1006647102242952,-0.0065090869677915,0.851003303599717,0.0008795127353336,0.0078875190713731,354.7403685092127,False,False,-5.981205980298122,-0.0415485450471043,True,False,B,-0.06835148181304683,-4.502930838192634,-0.011225111304264842,-0.08175807244163488,0.021601688398958055,0.8684338545826165,False,True,B
macd_dea_6_13_5,1,oscillator,False,-1.0,-0.0285168590749771,-7.08562072839552,1.3842243412766365e-12,-0.0285168590749771,-7.08562072839552,-8.858593232450557,-0.0378287410869813,4.453591358890048e-12,0.0009990009990009,True,True,,-0.0660606982504248,-0.1427510991245579,-0.1938780330406467,-0.2174992706697816,-0.0804622804175692,0.1014423291985888,0.0011612264746961,0.0040789675474265,355.8722176422094,False,False,-3.796432386173785,-0.0143040248136676,True,False,B,-0.03510947189654303,-5.898099487591965,-0.03815444501338305,-0.14676233023670832,0.044011197586979446,0.1086847124343419,False,True,B
macd_dea_6_13_5,5,oscillator,False,-1.0,-0.0403573886454876,-5.390477937781224,7.027054279131373e-08,-0.0403573886454876,-5.390477937781224,-6.019117696553005,-0.0487007783105216,1.3000050416393036e-07,0.0039960039960039,True,True,,-0.0472114463696415,-0.1112126682581742,-0.153880149517196,-0.1765333279919938,-0.0434749531392147,0.4232885045537877,0.0011631358687198,0.0047112269118286,355.6368899917287,False,False,-3.263207740567483,-0.0200812735085926,True,False,B,-0.05422826666051921,-5.469213287526093,-0.009917070933359619,-0.11272638088705897,0.05810177619113226,0.4498601000297083,False,True,B
macd_dea_6_13_5,20,oscillator,False,-1.0,-0.0543093700567453,-4.292209201304013,1.769041539054821e-05,-0.0543093700567453,-4.292209201304013,-3.896788003980185,-0.0591447343803735,2.6209397329814784e-05,0.0189810189810189,True,True,,-0.005763086322763,-0.0376100381583019,-0.0588413393819944,-0.0923957539942703,0.0104564162225136,0.8425119533211343,0.0011777481283771,0.0078074775906856,354.7403685092127,False,False,-3.0450166694701624,-0.0239234399616471,True,False,B,-0.06871731201682979,-4.057340720504015,-0.006912292753655819,-0.0868283549714923,0.025705483846038775,0.8629041428490632,False,True,B
macd_hist_6_13_5,1,oscillator,False,-1.0,-0.0239928298060004,-7.126241208796419,1.0314689538003889e-12,-0.0239928298060004,-7.126241208796419,-10.848926390206836,-0.0387459150685302,3.417703100652035e-12,0.0009990009990009,True,True,1.0,-0.1276235619825996,-0.3286576219046148,-0.4626803285192914,-0.407371505947285,-0.2521700059977215,0.2659180686799141,0.0007449776741928,0.0054262951269794,355.8722176422094,False,False,-10.425080985329798,-0.0233466450410254,True,False,B,-0.01423403385729794,-2.628567109392341,-0.3343418554908229,-0.4652243794279137,-0.13453367354707438,0.26429653696263034,False,True,B
macd_hist_6_13_5,5,oscillator,False,-1.0,-0.0142976669253069,-2.510743014774635,0.0120477366510579,-0.0142976669253069,-2.510743014774635,-6.245110921561484,-0.0376437818506781,0.0135766372412937,0.6183816183816184,True,False,1.0,-0.1084030340897293,-0.2251065545383573,-0.3029089015041092,-0.2765139878206496,-0.1700714495759926,0.771848680215793,0.0007474424473084,0.0051205497409538,355.6368899917287,False,False,,,False,False,C,-0.012496546326412769,-1.4584099495382103,-0.1861539865216076,-0.29809141489314744,-0.07017475199285436,0.7670584294229713,False,False,C
macd_hist_6_13_5,20,oscillator,False,-1.0,-0.0078716938012184,-1.3589435424260614,0.1741644796726601,-0.0078716938012184,-1.3589435424260614,-1.2359295359435312,-0.0091046481895601,0.1832441444897182,1.0,True,False,1.0,-0.071294618740305,-0.1052721498738298,-0.1279238372961795,-0.1401529847619568,-0.0666786257997986,0.898876485013882,0.0007490096693714,0.0072465689715943,354.7403685092127,False,False,,,False,False,C,-0.0179069794318757,-1.8691425456234334,-0.07584510544160776,-0.12955232701901628,-0.04204655778660012,0.8941414723546994,False,False,C
rsi_6,1,oscillator,False,-1.0,-0.0318375899467262,-8.405944610882017,4.244314325946561e-17,-0.0318375899467262,-8.405944610882017,-11.234306116615056,-0.0455787305485935,2.2434232865717537e-16,0.0009990009990009,True,True,1.0,-0.1782553959366576,-0.4381840641476024,-0.6114698429548988,-0.5201684642816812,-0.3712658225369245,0.3438209896970168,0.0004934165421381,0.0050552202233551,355.8722176422094,False,False,-8.140624571627187,-0.0246923710190455,True,False,B,-0.0326747655534399,-6.171463656366241,-0.2841843484208745,-0.3663706453489318,-0.02099872189424474,0.3481291356172351,False,True,B
rsi_6,5,oscillator,False,-1.0,-0.0263822971423405,-4.017098634436044,5.891906758586924e-05,-0.0263822971423405,-4.017098634436044,-7.215062883570397,-0.0491521748027435,8.074094446952452e-05,0.0379620379620379,True,True,1.0,-0.0986400313552493,-0.2031221650124776,-0.2727769207839631,-0.2550931226538275,-0.1521098327774271,0.6910194024948959,0.0004950490203586,0.0052095832633635,355.6368899917287,False,False,-3.902578370725285,-0.0190403192142284,True,False,B,-0.03915029618578739,-4.717909221935376,-0.09388279949282699,-0.16813020978027088,0.012339617899041101,0.702529215554683,False,True,B
rsi_6,20,oscillator,False,-1.0,-0.0259301133283805,-3.041303848419398,0.0023555598909724,-0.0259301133283805,-3.041303848419398,-2.511067914709286,-0.0280440715942202,0.0027522857673467,0.2887112887112887,True,True,1.0,-0.0519114860725448,-0.0855552340671031,-0.1079843993968087,-0.1207574037670643,-0.0504719235481423,0.890046243242283,0.0004993114045975,0.0082532836239741,354.7403685092127,False,False,-3.924457711236644,-0.0214852772964655,True,False,B,-0.044479222987375534,-3.616517982097905,-0.0371969935478429,-0.09677711853735854,-0.0036334205067353694,0.8879252127277124,False,True,B
rsi_14,1,oscillator,False,-1.0,-0.0356421290465056,-8.614222077995516,7.041808083687269e-18,-0.0356421290465056,-8.614222077995516,-10.374545523770513,-0.0451757095329012,4.466518270224497e-17,0.0009990009990009,True,True,1.0,-0.1255102917658852,-0.3009807057995378,-0.4179609818219728,-0.3867585974420104,-0.2279448850571863,0.2321037222667361,0.0005437264244647,0.0048949440548876,355.8722176422094,False,False,-5.4526861834588205,-0.0220594424730497,True,False,B,-0.03950710579111975,-6.992362581739473,-0.14677820419678062,-0.2437698958407963,0.03571143983814251,0.2413884180356126,False,True,B
rsi_14,5,oscillator,False,-1.0,-0.0402294420516533,-5.4284062772800645,5.685949064475589e-08,-0.0402294420516533,-5.4284062772800645,-7.105017529377808,-0.0557001850487642,1.0697294002657465e-07,0.0039960039960039,True,True,1.0,-0.0571336005538704,-0.1327696693571346,-0.1831937152259775,-0.1916401012208569,-0.0746162564894216,0.5002385502861392,0.0005455253539087,0.0051234577502439,355.6368899917287,False,False,-2.581403272506692,-0.0172137942943043,True,False,B,-0.053052701794258895,-5.782782813544547,-0.03171411829514174,-0.12431117444841418,0.04680756976794208,0.5193233337505544,False,True,B
rsi_14,20,oscillator,False,-1.0,-0.0472566402992499,-3.97230012180782,7.118195766263236e-05,-0.0472566402992499,-3.97230012180782,-3.316195916405715,-0.0477638781014805,9.63560646408804e-05,0.0409590409590409,True,True,1.0,-0.0178179511681214,-0.0481886103740529,-0.0684357165113406,-0.0978871888580057,-0.0009178986775902,0.803456592749511,0.000550421862941,0.0083238149104309,354.7403685092127,False,False,-1.552812699304342,-0.0133237287035659,False,False,B,-0.06051833118695995,-3.6327747746883565,-0.024513756701776863,-0.10640366899058262,0.00602230204328713,0.8078322419329098,False,True,B
rsi_24,1,oscillator,False,-1.0,-0.0367011515095811,-8.489511491533031,2.0750749838158414e-17,-0.0367011515095811,-8.489511491533031,-9.798301455561017,-0.0433937618812866,1.181196529249017e-16,0.0009990009990009,True,True,1.0,-0.0757405525895898,-0.2108673686510803,-0.3009519126920739,-0.3034155514340416,-0.1298321157419231,0.1787391746845111,0.0006029859332249,0.0047724879934526,355.8722176422094,False,False,-3.066898197058224,-0.0127212984643757,True,False,B,-0.04164327919995798,-7.271964735258008,-0.0997749141801224,-0.19991592184633863,0.0420249479375725,0.1875659551821361,False,True,B
rsi_24,5,oscillator,False,-1.0,-0.047099422826085,-6.01220034472458,1.8302193365859302e-09,-0.047099422826085,-6.01220034472458,-7.208467872579428,-0.059035867058046,4.617144235478141e-09,0.0019980019980019,True,True,1.0,-0.0196106592748906,-0.0792301265318058,-0.1189764380364159,-0.1450082796523132,-0.0161555762466489,0.3943086458790686,0.0006030483775663,0.0051678712662722,355.6368899917287,False,False,-1.4047733700646383,-0.0103190545374395,False,False,B,-0.05982158226180035,-6.109443151748876,-0.010180112174646724,-0.1093034207781736,0.05243637064612612,0.4141301773860637,False,True,B
rsi_24,20,oscillator,False,-1.0,-0.0573612073879926,-4.139114969413815,3.486482071497104e-05,-0.0573612073879926,-4.139114969413815,-3.680947894228108,-0.0577939250031928,4.961532178668955e-05,0.0279720279720279,True,True,1.0,-0.0018936857596641,-0.0281960631828738,-0.0457309814650137,-0.0857672949418496,0.0251998231871343,0.6958300905611048,0.0006086675376495,0.0082000335068106,354.7403685092127,False,False,-0.4500411734189833,-0.005216514085014,False,False,B,-0.06957388253893967,-3.682739660506088,-0.021615096576157726,-0.11077366960940223,0.005179551884526194,0.708853133880527,False,True,B
kdj_k,1,oscillator,False,-1.0,-0.020663086799115,-5.620989506147522,1.8986680703275638e-08,-0.020663086799115,-5.620989506147522,-9.837239642899451,-0.0358811707046697,4.052926073199222e-08,0.0029970029970029,True,True,,-0.1198470700514801,-0.300918511671577,-0.421632806084975,-0.3574015112739147,-0.2537129228681467,0.2395124889154721,0.0007627392872962,0.0034262760609898,355.8722176422094,False,False,-7.209313941322363,-0.0184826877743441,True,False,B,-0.018987118054217676,-3.5275987261302184,-0.16854654631014346,-0.25214873680106914,0.01288239712087172,0.23998537490875022,False,True,B
kdj_k,5,oscillator,False,-1.0,-0.0115231668468638,-1.7494111041208826,0.0802199828162413,-0.0115231668468638,-1.7494111041208826,-3.2979565042996577,-0.0219701506113876,0.0872982165941449,0.973026973026973,True,False,,-0.1030336790317513,-0.209182253260606,-0.2799479694131758,-0.2591864308521446,-0.1615472219354463,0.7020408348469226,0.000765262825054,0.0040498054033642,355.6368899917287,False,False,,,False,False,C,-0.023402901372781074,-2.63376406157799,-0.09292380643636845,-0.1690334711189384,0.013257624768869833,0.7022581428917876,False,True,C
kdj_k,20,oscillator,False,-1.0,-0.0130201820491346,-1.498980702934018,0.1338786382520303,-0.0130201820491346,-1.498980702934018,-0.4368395880545217,-0.0047320130388654,0.1428897004420708,0.997002997002997,True,False,,-0.0561837816028471,-0.0904982203048709,-0.1133745127728868,-0.1278160329852781,-0.0533385951580823,0.9077893836514236,0.0007748766796401,0.007358856843761,354.7403685092127,False,False,,,False,False,C,-0.0317760562783309,-2.564698446865038,-0.034111590290418416,-0.0859508641739838,4.6055950524758646e-05,0.9036414349455866,False,True,C
kdj_d,1,oscillator,False,-1.0,-0.0153208439149978,-4.194252090087032,2.7377338368283627e-05,-0.0153208439149978,-4.194252090087032,-6.887227352701029,-0.0250715184250372,3.9466033232201074e-05,0.0219780219780219,True,True,,-0.1114199996994324,-0.2330662628892981,-0.3141637716825419,-0.2886959401063636,-0.1814618408753188,0.1609077555421503,0.0009790210599219,0.0031511785759247,355.8722176422094,False,False,-4.957020571046661,-0.0122470954181742,True,False,B,-0.018323550411038236,-3.354900882630521,-0.09761431016350534,-0.18485976286843786,0.02545277561840215,0.16278715050516865,False,True,B
kdj_d,5,oscillator,False,-1.0,-0.0100591877874372,-1.520365156348414,0.1284192266245553,-0.0100591877874372,-1.520365156348414,-1.616556697794563,-0.0110680539683498,0.1377249676843057,0.997002997002997,True,False,,-0.1060050107796667,-0.1991927652215125,-0.2613179348494097,-0.2494624246129534,-0.1493863238014723,0.616321127260885,0.0009803276237892,0.0040702227053576,355.6368899917287,False,False,,,False,False,C,-0.025706070653957133,-2.8248100019229025,-0.0632470633444848,-0.14370298235398488,0.030529623836524394,0.6202161850595844,False,True,C
kdj_d,20,oscillator,False,-1.0,-0.016049248594394,-1.6523530773687192,0.0984625950358714,-0.016049248594394,-1.6523530773687192,-0.3925278798105842,-0.0046646355108442,0.1066277858437241,0.983016983016983,True,False,,-0.0458480715228108,-0.0802399498488458,-0.1031678687328691,-0.1225480644610085,-0.0373387195684775,0.9098380509533076,0.0009926432974549,0.0074303858323409,354.7403685092127,False,False,,,False,False,C,-0.03297399549629388,-2.286409388544262,-0.026041147752774874,-0.08805343903306798,0.008165065532095969,0.9049262773775355,False,True,C
kdj_j,1,oscillator,False,-1.0,-0.0217953169174398,-6.301669674539324,2.944561963009111e-10,-0.0217953169174398,-6.301669674539324,-12.158765640580048,-0.0418320578115266,7.875816334795452e-10,0.0009990009990009,True,True,,-0.1091794303472946,-0.3643376946099287,-0.5344432041183513,-0.4204143365425336,-0.3084984276667987,0.3375109315643306,0.0006331667113628,0.0037213692935651,355.8722176422094,False,False,-7.647497487878281,-0.0180293993649251,True,False,B,-0.014233914110198545,-2.9037277192998445,-0.3146804554650252,-0.3977471670872772,-0.056756717828569725,0.34116896512758665,False,True,B
kdj_j,5,oscillator,False,-1.0,-0.0090138693837824,-1.4930128231685091,0.1354338303025598,-0.0090138693837824,-1.4930128231685091,-5.048159248532062,-0.0304642450838292,0.1438579441491305,0.997002997002997,True,False,,-0.0806194422677526,-0.2105164243226641,-0.2971144123592718,-0.2502761898345914,-0.1696332712576164,0.8591070241726954,0.0006352615557345,0.0040986253993587,355.6368899917287,False,False,,,False,False,C,-0.017059632265310844,-2.0805240493330843,-0.1456071391890905,-0.2238341896047587,-0.014971120423972237,0.8639948331026338,False,True,C
kdj_j,20,oscillator,False,-1.0,-0.0059997194132372,-0.9734588753200628,0.3303252898347597,-0.0059997194132372,-0.9734588753200628,-0.4174064749664004,-0.0032581805430617,0.3410800667131007,1.0,True,False,,-0.054518934939109,-0.0887963939267823,-0.1116480332518978,-0.1090270606304884,-0.0670693342851053,0.906811084329982,0.0006393377019413,0.006900695628187,354.7403685092127,False,False,,,False,False,C,-0.02438065667467391,-2.6685323274875907,-0.050130107905083196,-0.07956585759956505,-0.015922202552590834,0.9049710410712266,False,True,C
wr_14,1,oscillator,False,1.0,0.0234854615131733,6.369462012883706,1.8969239344053227e-10,0.0234854615131733,6.369462012883706,9.045497295269271,0.0354518400670933,5.135574554121727e-10,0.0009990009990009,True,True,,-0.1611609173866676,-0.5169381242397243,-0.7541229288084287,-0.5939974780829917,-0.456482889830778,0.4706047709696517,0.0004681158254786,0.0038868236357978,358.2555647155812,False,False,5.966603177824736,0.0153539485288926,True,False,B,0.02388505949246445,4.511207033680968,-0.38236587554123846,-0.47676764328837423,-0.018642855969051575,0.4811151052542154,False,True,B
wr_14,5,oscillator,False,1.0,0.0146616294524979,2.353859598142091,0.0185796273056619,0.0146616294524979,2.353859598142091,4.1300301301666,0.0278826498142834,0.0205207823972983,0.7272727272727273,True,False,,-0.0875737885263498,-0.1996561879228557,-0.2743777875205263,-0.2410567949648011,-0.1573236793670774,0.7412857102943512,0.0004696645957862,0.0040788448921366,358.0330851943756,False,False,,,False,False,C,0.028325207719553047,3.4254902757371473,-0.09774897538194813,-0.1633041096932211,0.014952477916044796,0.7453799821295828,False,True,C
wr_14,20,oscillator,False,1.0,0.0151929881091016,1.910483889051634,0.0560709388104558,0.0151929881091016,1.910483889051634,1.0539450017064251,0.0113447328224214,0.0613189577138975,0.9470529470529472,True,False,,-0.0490465773041986,-0.0834065781451513,-0.1063132453724531,-0.1132824185683969,-0.0524598724549722,0.9089947312421336,0.0004736034975112,0.006935973959808,357.178391959799,False,False,,,False,False,C,0.03558800567762798,3.0622153301081045,-0.031088578484472496,-0.07431413084768952,0.0031635855509306705,0.9061419056984964,False,True,C
cci_14,1,oscillator,False,-1.0,-0.0269313364664883,-7.479518995694213,7.459512949531186e-14,-0.0269313364664883,-7.479518995694213,-9.50857946214036,-0.0364821265214291,2.9052839908700405e-13,0.0009990009990009,True,True,,-0.0956300199881611,-0.38784479188943,-0.5826546398236092,-0.4575680401899788,-0.3316623022897926,0.3865274760598794,0.0004822293704149,0.0036357260995942,353.14509480626543,False,False,-6.795270514367565,-0.0172913048402293,True,False,B,-0.03122747313199553,-6.094467142982806,-0.28758641740853075,-0.3750179255467219,0.010328601286238854,0.39406748504599154,False,True,B
cci_14,5,oscillator,False,-1.0,-0.0251453569345817,-3.986921241875661,6.693623282210353e-05,-0.0251453569345817,-3.986921241875661,-6.324569154450988,-0.0418585440770296,9.116468519329437e-05,0.0409590409590409,True,True,,-0.054678982869654,-0.1816642127598172,-0.2663210326865926,-0.2264708613178916,-0.1366853544541758,0.8398494040354704,0.0004838248356603,0.0044970888845896,352.90570719602977,False,False,-5.324367881157592,-0.0211930756223722,True,False,B,-0.04163666674627432,-5.1005095051061256,-0.09727257357129707,-0.17300582326847075,0.031679653844037564,0.8528586469268163,False,True,B
cci_14,20,oscillator,False,-1.0,-0.0273190276438463,-3.5852543352570567,0.0003367498654701,-0.0273190276438463,-3.5852543352570567,-2.6763201892716726,-0.0256997266498618,0.0004223642380473,0.0989010989010989,True,True,,-0.0365532518222041,-0.070649801688152,-0.0933808349321173,-0.0975168263103478,-0.0371308322463193,0.9020251287287804,0.0004840279807269,0.0072849116070114,351.9865996649916,False,False,-6.396602685763655,-0.0283550007045093,True,False,B,-0.0494640460577597,-4.335582823988131,-0.03274547539090117,-0.07468775744781904,0.0012481399337898017,0.8993019927166924,False,True,B
boll_pos_20,1,channel,False,-1.0,-0.0293112530357039,-7.662683308212514,1.8208796424346363e-14,-0.0293112530357039,-7.662683308212514,-8.748052902275202,-0.0350496455526549,7.485838530009059e-14,0.0009990009990009,True,True,,-0.1718886109268229,-0.4475265321788613,-0.631285146346887,-0.5233198890028992,-0.3845900902074719,0.3646004249365587,0.0004411595422461,0.0038596602476924,354.00412201154165,False,False,-6.562541372985864,-0.020197129655547,True,False,B,-0.0350040982611952,-6.520781279511905,-0.30439740557303985,-0.39737582271457733,-0.020393355104760962,0.37566673342364926,False,True,B
boll_pos_20,5,channel,False,-1.0,-0.0286709828735764,-4.367422267416614,1.257215184262524e-05,-0.0286709828735764,-4.367422267416614,-5.699431525345795,-0.0396720349855101,1.9655054289174668e-05,0.0139860139860139,True,True,,-0.0939723058199342,-0.2062312563320417,-0.2810705566734467,-0.2553164488508798,-0.1567748779999178,0.7424533764028273,0.0004426191271667,0.0045041550325215,353.76509511993385,False,False,-4.376212529910319,-0.0205815047262945,True,False,B,-0.0464499907391536,-5.46657078448327,-0.09238879034643564,-0.17015162285883698,0.022070424371342552,0.7570053883450939,False,True,B
boll_pos_20,20,channel,False,-1.0,-0.0339415417432276,-3.8761430116852593,0.0001061253234976,-0.0339415417432276,-3.8761430116852593,-2.769528480460989,-0.0317436253040573,0.0001402370346218,0.0479520479520479,True,True,,-0.0403292965681681,-0.074370740155536,-0.0970650358804479,-0.1037467983493419,-0.0368482173097384,0.9005672906711074,0.0004442660198461,0.0071985632539188,352.8500837520938,False,False,-5.014609248611451,-0.0297104222904955,True,False,B,-0.052366735504365436,-4.045807035902632,-0.03246217300339165,-0.08283073265667895,0.0015381523327524923,0.8994795062471996,False,True,B
boll_width_20,1,channel,False,-1.0,-0.0311955596849778,-7.64819448499046,2.038207908196879e-14,-0.0311955596849778,-7.64819448499046,-4.815323603872887,-0.02056483394991,8.226948283994676e-14,0.0009990009990009,True,True,,0.02913932167178,-0.0602954215919379,-0.11991858376775,-0.132398122771412,0.0105655226547771,0.1182999249520079,0.0004873496631155,0.0018166838976211,354.00412201154165,False,False,-0.8445968328308191,-0.0020963484127271,False,False,B,-0.03895946110249155,-5.500195128373957,-0.07628222757709689,-0.19805441109430977,0.011850839680086793,0.11657813129257102,False,True,B
boll_width_20,5,channel,False,-1.0,-0.0466102745068075,-5.778247508593369,7.548271278693271e-09,-0.0466102745068075,-5.778247508593369,-4.186162313365882,-0.0340815024775626,1.6926426503736422e-08,0.0029970029970029,True,True,,-0.0270780344518498,-0.0892037132348986,-0.1306208324235978,-0.1583161632062396,-0.0217991217814606,0.4108841189355077,0.0004889620689488,0.0037940118405613,353.76509511993385,False,False,0.2623688122897143,0.0011191839909598,False,False,B,-0.05320702357097249,-4.197828978209462,-0.07787914462228199,-0.19033021252398588,-0.01639782385935664,0.40662249181828936,False,True,B
boll_width_20,20,channel,False,-1.0,-0.0533204333006054,-3.335642697332306,0.0008510246527041,-0.0533204333006054,-3.335642697332306,-2.430230191009655,-0.0385109430926788,0.0010380630379138,0.1588411588411588,True,True,,-0.0346336338320701,-0.0611587941847088,-0.0788422344198012,-0.1218571409585002,-0.0080018280908532,0.7017238188528735,0.0004931479839489,0.0068920969095711,352.8500837520938,False,False,1.9030679772273729,0.0119769890748772,False,False,B,-0.06130841629645426,-2.756188294846292,-0.05715480638790036,-0.13660012648860892,-0.030825374960171036,0.6965458049663841,False,True,B
dist_high_20,1,channel,False,-1.0,-0.0051191990881345,-1.2229441304323132,0.2213507989351816,-0.0051191990881345,-1.2229441304323132,-6.407202216872418,-0.0275455406113896,0.2307036495944146,1.0,True,False,1.0,-0.0549144113555899,-0.184014153989537,-0.270080649078835,-0.2566929033875468,-0.1149876564114238,0.1707668553359088,0.0010372698543131,0.0042319679719158,354.00412201154165,False,False,,,False,False,C,0.0005269968042211885,0.078011092194359,-0.1185395580598621,-0.24814252382785248,0.008093927966679855,0.16750461114621953,False,False,C
dist_high_20,5,channel,False,-1.0,0.0099338025026935,1.306330131327778,0.1914403146350936,0.0099338025026935,1.306330131327778,-1.7027805887478142,-0.0136786623964228,0.2004705181556168,1.0,False,False,0.0,-0.0829592489206153,-0.1487839065647582,-0.1926670116608534,-0.2103011884571254,-0.0847173751048073,0.4353482648422148,0.001040701681788,0.0047921158322899,353.76509511993385,False,False,,,False,False,C,0.005873453405912287,0.5020310372492613,-0.04378248209651841,-0.1645228442734512,0.021277250956150767,0.4302892397663305,False,False,C
dist_high_20,20,channel,False,1.0,0.0120065026798271,1.040134188944802,0.2982775616322652,0.0120065026798271,1.040134188944802,0.3017935806089455,0.004446183733215,0.3094281246839387,1.0,True,False,0.0,-0.083898851619347,-0.1172724913861515,-0.1395215845640212,-0.1622200765512692,-0.0787524235864195,0.8829005229313369,0.0127134198588872,0.006180572287036,352.90871021775547,False,False,,,False,False,C,0.009676862868514087,0.557263698325765,-0.10971380863928101,-0.1723781641574902,-0.07663837180079516,0.8750115565736999,False,False,C
dist_high_60,1,channel,False,-1.0,-0.010894242511102,-2.40336926855122,0.0162447742513715,-0.010894242511102,-2.40336926855122,-6.334001942859529,-0.0305595501744152,0.0181223109738918,0.6893106893106893,True,False,1.0,0.063223673830452,-0.0137064138890137,-0.0649931390353243,-0.1030872184732009,0.0667122106915572,0.1017593752902987,0.0012593137724931,0.0038075053836744,353.6199505358615,False,False,,,False,False,C,-0.008281465777960087,-1.2067400742900376,0.049413038342506765,-0.06088665804328112,0.12912719343530926,0.1054420040910086,False,False,C
dist_high_60,5,channel,False,-1.0,-0.0064574179444661,-0.7477549095160907,0.454608004219068,-0.0064574179444661,-0.7477549095160907,-3.348160113639402,-0.0312394694237233,0.4650828430259589,1.0,True,False,0.0,0.0199430237816563,-0.0180796060065436,-0.0434280258653436,-0.0998336330568228,0.0662078223645369,0.2514724192341267,0.0012596151439089,0.0050679549422327,353.3771712158809,False,False,,,False,False,C,-0.012211499430801121,-1.0045830745051512,0.05973236194442731,-0.05601424302210425,0.0987358124200092,0.25795932854220815,False,False,C
dist_high_60,20,channel,False,-1.0,0.0010231557748776,0.0708804716934706,0.9434928856091758,0.0010231557748776,0.0708804716934706,-1.3410728345211331,-0.0239624766208083,0.9434928856091758,1.0,False,False,0.0,-0.0271748015157256,-0.0477081908283835,-0.0613971170368221,-0.1129944448427889,0.0157650631717702,0.5432113574777216,0.0012734826302024,0.0075850530585642,352.4530988274707,False,False,,,False,False,C,-0.015919814041724246,-0.8383059819820098,-0.0027516973701419206,-0.08917331550211258,0.018191536839470127,0.5540538150691018,False,False,C
dist_high_250,1,channel,False,-1.0,-0.0063702533548125,-1.4208692295734884,0.1553547799024257,-0.0063702533548125,-1.4208692295734884,-4.263233771130118,-0.0198188648249884,0.16423219589685,0.998001998001998,True,False,1.0,0.0639511998834233,0.0230676947677585,-0.0041879753093513,-0.0679856718556756,0.1098060001983156,0.054078710470456,0.0018062461549546,0.0035284879695707,343.66199505358617,False,False,,,False,False,C,-0.009903372651112692,-1.6770998033200153,0.038199615255275654,-0.06442462467056581,0.08381150554632366,0.06033318821567198,False,False,C
dist_high_250,5,channel,False,-1.0,-0.0067195486960174,-0.7558978991293946,0.4497104136576745,-0.0067195486960174,-0.7558978991293946,-2.2767070324583907,-0.0203162382075796,0.4622023695926099,1.0,True,False,1.0,0.0494480367528053,0.0297760469569513,0.0166613870930486,-0.0468851971639526,0.1118297304488747,0.1301057526180821,0.0018122221554673,0.0048523165017514,343.38626964433416,False,False,,,False,False,C,-0.01988010218219168,-1.8140654651627979,0.059033069917179014,-0.05061329112467113,0.08113977371747279,0.14620835846755137,False,False,C
dist_high_250,20,channel,False,-1.0,-0.003563248885516,-0.2129320435219035,0.8313799683507593,-0.003563248885516,-0.2129320435219035,-0.6045951452701664,-0.0115671612037732,0.8427687350404958,1.0,True,False,0.0,0.0082091365501496,-0.0023736552556493,-0.0094288497928486,-0.0681062787001907,0.067185728943367,0.2799680371904492,0.0018271568845146,0.0073456982758295,342.33668341708545,False,False,,,False,False,C,-0.027138247265549836,-1.284750199543369,0.0014854290169458067,-0.09509065902675132,0.013237281829673148,0.31089557705627874,False,False,C
dist_low_20,1,channel,False,-1.0,-0.0406345912466073,-10.999195178298129,3.855575994505114e-28,-0.0406345912466073,-10.999195178298129,-11.233085717217582,-0.0430274551314381,6.1138419341438245e-27,0.0009990009990009,True,True,1.0,-0.23556148660661,-0.5645513389809698,-0.7838779072305428,-0.6446098530044921,-0.498407288044483,0.4351717623999466,0.0003672499088332,0.0033425903165642,358.638911788953,False,False,-5.181792457689168,-0.0161152638360297,True,False,B,-0.04261247881154982,-8.846650472211415,-0.4536243773276369,-0.5400529854417605,-0.11458599247735489,0.4484634720241826,False,True,B
dist_low_20,5,channel,False,-1.0,-0.0483238516679568,-7.263145481781679,3.781907904395742e-13,-0.0483238516679568,-7.263145481781679,-8.144543971459504,-0.0550951919746591,1.3541670238320238e-12,0.0009990009990009,True,True,1.0,-0.1273904639205026,-0.2312335953262833,-0.3004623495968038,-0.2826309951063691,-0.1838519309807645,0.6867931971281791,0.000368464962295,0.003688476942781,358.4152191894127,False,False,-1.1713454414309987,-0.0057627466715853,False,False,B,-0.059479808274724495,-7.381411611275104,-0.14253729367424256,-0.19790067554766405,-0.038181589385646086,0.6901832294219342,False,True,B
dist_low_20,20,channel,False,-1.0,-0.059806657371231,-4.743257984315313,2.1030816002267376e-06,-0.059806657371231,-4.743257984315313,-3.842309555576077,-0.0506817705418352,3.619256707366944e-06,0.0059940059940059,True,True,1.0,-0.0583624874684912,-0.0911156109281454,-0.1129510265679149,-0.1291850161171268,-0.0557147593352752,0.8664847476099005,0.0003711325118405,0.0064268685943428,357.55862646566163,False,False,-0.2927055235077206,-0.002461559425915,False,False,B,-0.07057751404554068,-4.142903542488914,-0.0613137369288988,-0.1168403511457913,-0.028662309011585174,0.8637943893469214,False,True,B
dist_low_60,1,channel,False,-1.0,-0.0400864115152678,-9.65024431817565,4.903875548460243e-22,-0.0400864115152678,-9.65024431817565,-9.120232474595966,-0.0370708729307987,4.468001647289987e-21,0.0009990009990009,True,True,1.0,-0.239324290763677,-0.4549412035455744,-0.5986858120668394,-0.5420309854230506,-0.378805130494705,0.2852075565898114,0.0004115770293571,0.0031716124606084,356.2209398186315,False,False,-1.726413134794425,-0.0052651623464049,False,False,B,-0.04208341186245658,-8.097474596820309,-0.34466914185098735,-0.4456365376793069,-0.12893152198894464,0.2853672220397391,False,True,B
dist_low_60,5,channel,False,-1.0,-0.0544948146264072,-7.101260043215682,1.2362451040610478e-12,-0.0544948146264072,-7.101260043215682,-7.09365954543459,-0.0556707793298163,4.0359766632581264e-12,0.0009990009990009,True,True,1.0,-0.1436792211078251,-0.220351519490118,-0.2714663850783133,-0.2740881827500642,-0.1700964676855587,0.5070919205178103,0.0004129387399588,0.0037551500745552,355.9867659222498,False,False,1.0321379129209116,0.0054158999505432,False,False,B,-0.06703798854202869,-6.720548554887308,-0.09965588536632015,-0.17887635392319107,-0.023069612473742618,0.5065229688662536,False,True,B
dist_low_60,20,channel,False,-1.0,-0.0709776043500516,-4.583709621483439,4.567984938705367e-06,-0.0709776043500516,-4.583709621483439,-4.070774674124966,-0.0617082719348413,7.62475681498189e-06,0.0079920079920079,True,True,1.0,-0.0610558041784818,-0.0892350284119534,-0.1080211779009344,-0.1398045089327233,-0.0459890099323037,0.7454821225786129,0.0004161695880118,0.0060234882200364,355.09547738693465,False,False,1.8858127261909052,0.016433199739477,False,False,B,-0.08587592640365371,-4.090265299793649,-0.048065047115349153,-0.11827368848381406,-0.02050379391247944,0.729133682615601,False,True,B
dist_low_250,1,channel,False,-1.0,-0.0343819265308786,-7.922156092120723,2.334270149158935e-15,-0.0343819265308786,-7.922156092120723,-7.53740704236779,-0.0303818215092738,1.036415946226567e-14,0.0009990009990009,True,True,1.0,-0.1391780557937137,-0.2648790203820509,-0.3486796634409424,-0.3528581954404733,-0.1853360118990736,0.1662711171803401,0.0004897590203368,0.0027795568492834,344.76504534212694,False,False,-5.028861158300541,-0.0142858249728878,True,False,B,-0.03584178487386925,-6.0925243272737735,-0.21496075091116182,-0.31844428439419564,-0.1080349601129752,0.14143623121453253,False,True,B
dist_low_250,5,channel,False,-1.0,-0.0500736207605288,-6.0258903185500605,1.6818121222935354e-09,-0.0500736207605288,-6.0258903185500605,-6.110200849137882,-0.0490405342212879,4.291520587921436e-09,0.0019980019980019,True,True,1.0,-0.0934405606818287,-0.1432343922055122,-0.1764302798879679,-0.2066435730037814,-0.0845009779469531,0.3293242825640441,0.0004894468512361,0.0033626463773604,344.4929693961952,False,False,-2.489510724349418,-0.0134374711821467,True,False,B,-0.057802891364192165,-5.032816054507436,-0.0897559313416177,-0.1769173140488848,-0.04663113784454244,0.28521688820816965,False,True,B
dist_low_250,20,channel,False,-1.0,-0.0634020552292232,-3.668018804447598,0.0002444372104053,-0.0634020552292232,-3.668018804447598,-4.068943867332738,-0.0646070962675402,0.0003100860611999,0.0809190809190809,True,True,1.0,-0.0579052626642109,-0.0786734359351193,-0.0925188847823916,-0.1362221382268254,-0.0331062741946213,0.5494225733044559,0.0004955956810255,0.0054130396024531,343.4572864321608,False,False,-0.7764176015835157,-0.0080100503652826,False,False,B,-0.07791147196305583,-3.4082563608977017,-0.05720184136282356,-0.13605161718005215,-0.038771241457279816,0.48758200808316804,False,True,B
new_high_250,1,channel,False,-1.0,-0.0144566387619215,-9.636350694784412,5.614864625980897e-22,-0.0144566387619215,-9.636350694784412,-12.996529916341787,-0.0196632093579202,4.7942305652606115e-21,0.0009990009990009,True,True,,0.0215494289904591,0.0124186580833308,0.0063314774785785,0.006337042268964,0.0183246810177784,0.0120777392951433,0.0018641460831937,0.002393532075654,3373.090684253916,False,True,-3.2779975045107475,-0.0207957392299013,True,False,A候选,-0.01742920479653609,-9.016820351363437,0.0011338817101617473,-0.004027789263380453,0.012619733704944524,0.01519292591902484,True,True,A
new_high_250,5,channel,False,-1.0,-0.016823552000182,-6.4805216817157945,9.140601734634677e-11,-0.016823552000182,-6.4805216817157945,-7.456578719589991,-0.02016224350471,2.5365169813611235e-10,0.0009990009990009,True,True,,0.0103936736020965,0.007167086541363,0.0050160285008739,0.0025104547447146,0.0114248078485945,0.021339861512788,0.0018675946478639,0.0037351787125856,3370.167907361456,False,True,-3.393041048916299,-0.0288495174883671,True,False,A候选,-0.02587708035602762,-7.5892287568800425,0.004085203396846308,0.00012032986105828505,0.008281227024760808,0.027751479020598577,True,True,A
new_high_250,20,channel,False,-1.0,-0.0202138648313568,-4.174028339582706,2.9926050600179467e-05,-0.0202138648313568,-4.174028339582706,-2.758540952793844,-0.0146439024585377,4.286182731122479e-05,0.0239760239760239,True,True,,0.0062237270543937,0.0049383311475941,0.0040814005430611,0.001248325656767,0.0082305250932464,0.0340051827195663,0.0018819690633926,0.0057468562526794,3359.2688442211056,False,True,-3.6612779482783018,-0.0435573020157409,True,False,A候选,-0.03020322284135065,-4.759528251438566,0.003738585687282471,0.0002963762169362287,0.005698577511328894,0.05185163555678367,True,True,A
vol_20,1,volatility,False,-1.0,-0.0439704655402248,-10.28017984293028,8.656592054595624e-25,-0.0439704655402248,-10.28017984293028,-5.3990118663182125,-0.0237271858568019,1.2011021475751429e-23,0.0009990009990009,True,True,1.0,0.0152339123212208,-0.0557246109842361,-0.1030302931878741,-0.1384388985065575,0.0197564004886599,0.0938604805627738,0.0003976437156852,0.001742129898012,354.00412201154165,False,False,-13.367166079119876,-0.0361388139943945,True,True,B,-0.04840484241310517,-6.426670296523006,-0.08261448370640517,-0.21975652605427257,-0.012252398551093955,0.09307154121072911,False,True,B
vol_20,5,volatility,False,-1.0,-0.0698250149227873,-8.219306094041512,2.046840131272671e-16,-0.0698250149227873,-8.219306094041512,-5.225920503959692,-0.0470712692848095,9.878228459620285e-16,0.0009990009990009,True,True,1.0,-0.0154196829447687,-0.0553378333887019,-0.0819499336846573,-0.1315128610077543,0.0141149877147116,0.2640089315074943,0.0003989593276478,0.0037101176950612,353.76509511993385,False,False,-9.210314040228154,-0.0474345874155739,True,True,B,-0.06754514115706725,-4.786028452305801,-0.07056193803772709,-0.19417445533154737,-0.031437209200319574,0.2587614341098381,False,True,B
vol_20,20,volatility,False,-1.0,-0.0920504889357592,-5.604623775386926,2.0870780153580733e-08,-0.0920504889357592,-5.604623775386926,-3.764892304991769,-0.0676860852890778,4.412679232471354e-08,0.0029970029970029,True,True,1.0,-0.0136402439336815,-0.0347902350817178,-0.0488902291804087,-0.1036790314589868,0.0211182349882345,0.5595235753448764,0.0004039713795026,0.006720902543504,352.8500837520938,False,False,-5.037689240466945,-0.0490478317279205,True,True,B,-0.0827422735753417,-3.2400635857070847,-0.05553841116877254,-0.15216049052443664,-0.03483520126183497,0.5477039657919993,False,True,B
vol_60,1,volatility,False,-1.0,-0.0387535876445389,-8.303502986099586,1.010858336277352e-16,-0.0387535876445389,-8.303502986099586,-3.679966535605319,-0.018198089705765,5.100239787581186e-16,0.0009990009990009,True,True,1.0,0.0316379142200234,0.0051109992564119,-0.0125736107193291,-0.0815321993349531,0.0839600804846747,0.035088511856629,0.0004328817139884,0.0016178528057305,353.6199505358615,False,False,-5.921183040761836,-0.0194014470329827,True,False,B,-0.04143031552212553,-5.180569186896187,-0.02791687690484511,-0.1726223651828182,-0.002713430881761254,0.03333789156492573,False,True,B
vol_60,5,volatility,False,-1.0,-0.0659886449072426,-6.998072631102303,2.5950756220741214e-12,-0.0659886449072426,-6.998072631102303,-3.906131466620921,-0.0398728665118755,7.891873809595273e-12,0.0009990009990009,True,True,1.0,0.0046027316959726,-0.0119712332630406,-0.0230205432357161,-0.0915695023484542,0.0579385868541294,0.1096161703638442,0.0004343139115533,0.0033880139298958,353.3771712158809,False,False,-5.485518260305817,-0.0357083567425288,True,False,B,-0.06027679833239585,-3.955108214081274,-0.04039485038538037,-0.174528403021523,-0.024689989785927232,0.10386812565775876,False,True,B
vol_60,20,volatility,False,-1.0,-0.0989761497097715,-5.659585935480283,1.5173865290731242e-08,-0.0989761497097715,-5.659585935480283,-3.4394213997227148,-0.0677713253578773,3.3352456381607275e-08,0.0029970029970029,True,True,1.0,0.0010861270587572,-0.0095323655131699,-0.0166113605611214,-0.0847665446025293,0.0503000160082634,0.2809125019028358,0.0004397701164723,0.0062449378824529,352.4530988274707,False,False,-5.629490220012818,-0.0689557835734739,True,False,B,-0.07666905473473085,-2.7512828699106477,-0.03940826180380189,-0.15255292877248885,-0.029282740213036028,0.26787094155465235,False,True,B
atr_14,1,volatility,False,-1.0,-0.0431062372211617,-8.990699568819117,2.45661718545941e-19,-0.0431062372211617,-8.990699568819117,-4.062013453261265,-0.020626017764928,1.7592548876515773e-18,0.0009990009990009,True,True,,0.013457414752566,-0.0281725644077373,-0.0559258838479395,-0.1146320483668135,0.0494491641727665,0.0550661100004012,0.0004674889042095,0.0014648324155816,355.8722176422094,False,False,-9.503012763063325,-0.0405499665804733,True,False,B,-0.04841373674452526,-5.803866786020656,-0.046931741841768314,-0.19631981799203382,-0.008248857189279677,0.051167836841916184,False,True,B
atr_14,5,volatility,False,-1.0,-0.0709043907646123,-7.322959429991109,2.4256115080405483e-13,-0.0709043907646123,-7.322959429991109,-4.149102325132424,-0.0423019516010428,9.12687719974579e-13,0.0009990009990009,True,True,,-0.0060118856420976,-0.0301637642102653,-0.0462650165890438,-0.1093562911746929,0.0402200039268816,0.1597346466148659,0.0004690356003359,0.0027211714324882,355.6368899917287,False,False,-6.813471728632884,-0.0564201837871039,True,False,B,-0.06659063431764457,-4.24124374805862,-0.05013016802417457,-0.1853204614617449,-0.028180307856863058,0.14517103285258937,False,True,B
atr_14,20,volatility,False,-1.0,-0.0968881803043344,-5.326235210866948,1.0026927306941057e-07,-0.0968881803043344,-5.326235210866948,-3.371472145713284,-0.0657569472918613,1.839651125736293e-07,0.0039960039960039,True,True,,-0.0090909282369219,-0.0221365274736469,-0.0308335936314635,-0.0991909354355905,0.0394386994258435,0.3451216729292318,0.0004749280073753,0.0045261024201048,354.7403685092127,False,False,-4.587401570033227,-0.0712261440171273,True,False,B,-0.08199782724900626,-2.871658918702477,-0.040321507582058234,-0.14977405248348002,-0.028290625714804885,0.31827729807548544,False,True,B
amplitude_20,1,volatility,False,-1.0,-0.0445810949321852,-9.862228045205748,6.068752625666373e-23,-0.0445810949321852,-9.862228045205748,-5.966122649353824,-0.0263367544673031,7.090858331041763e-22,0.0009990009990009,True,True,,-0.0108997405983464,-0.0546354327505394,-0.0837925608520014,-0.1363714601775623,0.0211312444297855,0.0578514446457579,0.0006279090562603,0.0016969222399219,354.00412201154165,False,False,-4.943949113801553,-0.0197088801707986,True,False,B,-0.04884243663053296,-6.225701948746176,-0.0639096153870089,-0.2067313527091699,-0.023848865052451346,0.05299041049544653,False,True,B
amplitude_20,5,volatility,False,-1.0,-0.0718297679913195,-7.914506418564037,2.482359159752255e-15,-0.0718297679913195,-7.914506418564037,-5.428892004106065,-0.0501256458009974,1.0805563401274522e-14,0.0009990009990009,True,True,,-0.0181073810711859,-0.0450565984777889,-0.0630227434155242,-0.1207861662862899,0.0227008865222118,0.1782355648584855,0.0006299865055779,0.0027080013696335,353.76509511993385,False,False,-3.0210573230598765,-0.0232672567011696,True,False,B,-0.06753612559367039,-4.525082758441384,-0.06214665384899517,-0.19415594591032917,-0.037802960244038966,0.1610032645830436,False,True,B
amplitude_20,20,volatility,False,-1.0,-0.0971180346121772,-5.4314043601878375,5.5912279224864964e-08,-0.0971180346121772,-5.4314043601878375,-4.04679371920418,-0.0726028033991772,1.0608996570871813e-07,0.0039960039960039,True,True,,-0.0160993463293974,-0.0325041099379393,-0.0434406190103006,-0.1069530840813891,0.0261654409590042,0.4339884552524317,0.0006379009089144,0.0047143604140338,352.8500837520938,False,False,-2.2198507117450186,-0.0331077469759423,True,False,B,-0.0843472747280479,-3.034003577754382,-0.045136255389755124,-0.15091151655146046,-0.030237522413933526,0.3941463750217354,False,True,B
max_ret_20,1,volatility,False,-1.0,-0.0456075608866693,-14.172058320787617,1.3644188690223579e-45,-0.0456075608866693,-14.172058320787617,-10.305260651016544,-0.0326359279134112,6.058019778459269e-44,0.0009990009990009,True,True,,0.0112776498518937,-0.0659247817057249,-0.117393069410804,-0.1333631081808469,-0.0039279187162999,0.1021196184624585,0.0004963787441101,0.0020060985568321,354.0074196207749,False,False,-2.108683257809359,-0.0048320190127375,True,False,B,-0.04879689589374746,-8.561213507703394,-0.08338085999394193,-0.19281169467949819,-0.0022631483979475586,0.10729856031216187,False,True,B
max_ret_20,5,volatility,False,-1.0,-0.0698229787594935,-11.104969611308375,1.1865770121800907e-28,-0.0698229787594935,-11.104969611308375,-10.005255884527456,-0.0620472397120756,2.0263084361844623e-27,0.0009990009990009,True,True,,0.0008425354102082,-0.0524503748812718,-0.0879789817422585,-0.112535141605567,0.0086874608287054,0.3524663379066142,0.0004960839506438,0.0033188458238216,353.7684036393714,False,False,-0.0617069133463637,-0.0002468026807232,False,False,B,-0.06981096132166144,-6.383724962515004,-0.05345364784776015,-0.15216467045780396,0.0002644554606615139,0.35527846103453475,False,True,B
max_ret_20,20,volatility,False,-1.0,-0.0898863189196259,-7.0143859221268094,2.3096108157344264e-12,-0.0898863189196259,-7.0143859221268094,-6.273335955536764,-0.0789484276547803,7.121300015181148e-12,0.0009990009990009,True,True,,0.0018224598765209,-0.0254242396475546,-0.0435887059969383,-0.0876073634185979,0.0243550887748431,0.7208121567215752,0.0005023161610791,0.006256079279788,352.8525963149079,False,False,1.4307202972129576,0.0088543440975048,False,False,B,-0.08427830879279159,-4.158598727037175,-0.04632560708876279,-0.13143668317204046,-0.019137646446025114,0.7192582180618432,False,True,B
min_ret_20,1,volatility,False,1.0,0.0224648363338721,5.453598898936358,4.9360472657067556e-08,0.0224648363338721,5.453598898936358,1.1251985051133866,0.0045033178628747,9.528717330320868e-08,0.0039960039960039,True,True,,-0.0359559704534422,-0.1155052843630291,-0.1685381603027537,-0.1957225094550406,-0.0445930000725841,0.1052239601978662,0.0018029587753332,0.002197545877852,354.0,False,False,-2.806205686514119,-0.005287836927743,False,False,B,0.028969534485760395,3.939152406731679,-0.11122927105216462,-0.24679760041055662,-0.03514576927109625,0.10063955262046081,False,True,B
min_ret_20,5,volatility,False,1.0,0.037224771594696,4.732455709542415,2.21819715734244e-06,0.037224771594696,4.732455709542415,1.162743691837436,0.0095559018073767,3.787998222538628e-06,0.0059940059940059,True,True,,-0.0407569022231594,-0.0937871602551068,-0.1291406656097385,-0.1665722059011876,-0.0255215022181595,0.3507292197880122,0.0018089238994865,0.0042465057990893,353.76095947063686,False,False,-2.279905454744676,-0.0072191390006776,False,False,B,0.04219713275158415,3.177801428448653,-0.08829746606897736,-0.20826250864623294,-0.03719223190533007,0.3379975804474027,False,True,B
min_ret_20,20,volatility,False,1.0,0.0468981003845453,3.341852463269462,0.0008322128263875,0.0468981003845453,3.341852463269462,1.299662277785137,0.0209460951296115,0.0010207251240775,0.1578421578421578,True,True,,-0.0256395316927615,-0.0519138045894479,-0.0694299865205722,-0.1121624852187145,-0.001339069464747,0.6950865845684231,0.0018238171931571,0.0071543427644425,352.8450586264657,False,False,-1.2640290852118747,-0.0070877928518324,False,False,B,0.06242663441526122,2.793938576489439,-0.050405642697927674,-0.13633477151850817,-0.0247352244052333,0.6791115950448249,False,True,B
skew_20,1,volatility,False,-1.0,-0.0194407532768011,-8.68136592103799,3.910438513708539e-18,-0.0194407532768011,-8.68136592103799,-5.837627881710015,-0.0181762663491059,2.5532863236567517e-17,0.0009990009990009,True,True,,0.045252943229515,-0.0972731263386648,-0.1922905060507848,-0.1550170958830161,-0.0385379632479003,0.188526547047857,0.0008747054886622,0.0025105745514727,168.4608408903545,False,False,-2.675085110532592,-0.0038620689178079,True,False,B,-0.022807248080548386,-8.357716134996666,-0.10597102577750897,-0.15432884676565817,0.04010259248739077,0.19321907177896788,False,True,B
skew_20,5,volatility,False,-1.0,-0.0288291255962596,-7.022559956373494,2.1783947284906706e-12,-0.0288291255962596,-7.022559956373494,-7.812255357351146,-0.0433510802645825,6.811318728520124e-12,0.0009990009990009,True,True,,0.036930555514198,-0.03752770621329,-0.0871665473649487,-0.0851638686829477,0.0074179009240511,0.4924488209489951,0.0008775994687736,0.0028590914081532,168.21505376344086,False,False,-1.697415803187766,-0.00426693265816,False,False,B,-0.030826282947719816,-6.336956839004501,-0.030558646941907207,-0.07881889658463888,0.044565028763074256,0.49684970704352815,False,True,B
skew_20,20,volatility,False,-1.0,-0.0375950804301653,-5.15076005293787,2.594329301327676e-07,-0.0375950804301653,-5.15076005293787,-5.151228049110423,-0.0513677327279485,4.6824480072743413e-07,0.0039960039960039,True,True,,0.0396187591044846,0.0060345444143816,-0.0163549320456869,-0.0288919679451768,0.0439225460265521,0.888471288097963,0.0008748806116032,0.0039671785790953,167.28391959798995,False,False,-0.3266664017194435,-0.0013076969728436,False,False,B,-0.026919096898848163,-3.463700874305715,-0.03751821444894564,-0.07491089082421547,-0.0036794552854325035,0.895205268876009,False,True,B
amt_ratio_5_20,1,volume,False,-1.0,-0.0257387546795179,-9.647608648401931,5.031533386587823e-22,-0.0257387546795179,-9.647608648401931,-10.36547337275591,-0.0285745616257162,4.468001647289987e-21,0.0009990009990009,True,True,1.0,-0.0765976535244196,-0.2274388313376432,-0.3279996165464589,-0.2692250672841154,-0.1852653375117195,0.1995253674778089,0.0016276272695576,0.0025345732562354,353.6685902720528,False,False,-15.933884626330077,-0.0262804904202293,True,False,B,-0.03174012475206455,-8.392061447591072,-0.1218760366955388,-0.19423005474218968,0.023462966467115258,0.19224735868075934,False,True,B
amt_ratio_5_20,5,volume,False,-1.0,-0.0258297674585591,-5.3162543763197325,1.0592504279032093e-07,-0.0258297674585591,-5.3162543763197325,-4.295409196791907,-0.0219860759100087,1.9274884835615775e-07,0.0039960039960039,True,True,1.0,-0.0543786343348613,-0.1507040853787973,-0.2149210527414212,-0.184193015152577,-0.1143190104538812,0.6370730889149201,0.001629138161637,0.0036836870914406,353.42928039702235,False,False,-10.558606544630443,-0.0304854522857114,True,False,B,-0.039979977052087445,-6.182710798069122,-0.06772150596528596,-0.1317152405585945,0.026961587192968116,0.6262109335863365,False,True,B
amt_ratio_5_20,20,volume,False,-1.0,-0.0284207471360826,-4.585842438009554,4.521595083505602e-06,-0.0284207471360826,-4.585842438009554,-2.938391770619009,-0.02367167523015,7.604500822259421e-06,0.0079920079920079,True,True,1.0,-0.0260854776962986,-0.061234897636775,-0.0846678442637593,-0.0936604486846282,-0.0282885698456932,0.9298788344041388,0.0016398114332433,0.0069300364010688,352.51256281407035,False,False,-7.504836994257198,-0.0318818217505859,True,False,B,-0.04240779219833437,-4.701843657594719,-0.017865087353180036,-0.06587950127368034,0.016974166978785437,0.9216733950255418,False,True,B
amt_ratio_20_60,1,volume,False,-1.0,-0.0269728293282892,-8.45296245939744,2.840030133863309e-17,-0.0269728293282892,-8.45296245939744,-7.786232273348111,-0.0228718096181542,1.5762167242941364e-16,0.0009990009990009,True,True,1.0,0.0420960989223996,-0.0118455150270609,-0.047806590993368,-0.0653793815552362,0.0424444821371604,0.0713513412029902,0.001665455509923,0.0023861353691384,352.4921681780709,False,False,3.0408057901171555,0.0067089553341388,False,False,B,-0.03316598248929146,-7.741085931923084,0.03575139365639941,-0.04561075605117049,0.08817663548762435,0.06934555797781075,True,True,B
amt_ratio_20_60,5,volume,False,-1.0,-0.0431844930244581,-7.210855351931408,5.560149444216252e-13,-0.0431844930244581,-7.210855351931408,-7.214084777398567,-0.0426187809491499,1.9051672477065784e-12,0.0009990009990009,True,True,1.0,0.0228212666195664,-0.020013136624161,-0.0485694054533127,-0.0712349405278285,0.0324465776911523,0.2832963177495204,0.0016690331555107,0.0039865100974674,352.2481389578164,False,False,2.630481229841827,0.0115219787077801,False,False,B,-0.04956265384160534,-6.105946243622227,0.03273368426570141,-0.04771204161513334,0.0746860663009886,0.2774628441487248,True,True,B
amt_ratio_20_60,20,volume,False,-1.0,-0.0484053468291,-4.023536621384319,5.7330664594873046e-05,-0.0484053468291,-4.023536621384319,-4.7804123774187,-0.0564673335950625,7.954629712538635e-05,0.0379620379620379,True,True,1.0,-0.0019366351276001,-0.0312978598418062,-0.0508720096512769,-0.0810819150438539,0.0159787823987859,0.7767519765662987,0.0016880395014534,0.0063254539488223,351.3140703517588,False,False,3.649816458738299,0.030210158820874,False,False,B,-0.06374954811045093,-4.8750065151657225,0.014056730457439739,-0.05697907884455633,0.043042584698711875,0.7668215407743949,True,True,B
pv_corr_20,1,volume,False,-1.0,-0.0289478055829614,-12.324649928532082,6.673264945998418e-35,-0.0289478055829614,-12.324649928532082,-12.249126699888,-0.0308768663775141,2.4691080300194152e-33,0.0009990009990009,True,True,,0.0438409966480431,-0.0807178352227461,-0.163757056469939,-0.1292087709765818,-0.0391339369791386,0.1647603596174461,0.0028531268179134,0.0023887101864105,353.7790601813685,False,False,-8.505034677716218,-0.011751117766435,True,False,B,-0.0345179215890161,-10.368680528764477,-0.0823133798183295,-0.13739026545732094,0.0407939743185768,0.1628404155250083,False,True,B
pv_corr_20,5,volume,False,-1.0,-0.0451421215445269,-10.191102878190897,2.1728503892792056e-24,-0.0451421215445269,-10.191102878190897,-12.137909028237743,-0.0597834444585649,2.83748697894108e-23,0.0009990009990009,True,True,,0.0293423406017212,-0.0386184296122377,-0.0839256097548769,-0.0809113638559384,0.0011128644916819,0.4494759934785644,0.0028606293712587,0.0035658423448747,353.5392886683209,False,False,-7.145060334532082,-0.019185407718631,True,False,B,-0.04974657320401313,-8.282234293050946,-0.024129160056966692,-0.07742681133564791,0.04362858403060819,0.44813322809242645,False,True,B
pv_corr_20,20,volume,False,-1.0,-0.0649035501986053,-7.993246713204076,1.3143074422078774e-15,-0.0649035501986053,-7.993246713204076,-7.907906252410084,-0.0670858961307244,6.078671920211433e-15,0.0009990009990009,True,True,,0.0516151084876029,0.0183116681280836,-0.0038906254449292,-0.0179814427870248,0.0517721368747012,0.8810433957544803,0.0028906964524953,0.005301324226129,352.6247906197655,False,False,-5.1636266684636,-0.0263313061026802,True,False,B,-0.0506530106376434,-4.464890671057628,-0.03512776359607117,-0.08704009634213292,-0.0019917974482221395,0.8766128610542073,False,True,B
obv_chg_20,1,volume,False,-1.0,-0.0193739295912662,-6.780303916628507,1.199233393358611e-11,-0.0193739295912662,-6.780303916628507,-8.677580730412652,-0.0237106447482902,3.503023859547522e-11,0.0009990009990009,True,True,,-0.092866491181726,-0.2881620470998818,-0.4183590843786522,-0.3437648157803031,-0.2396960361469497,0.2583274549181955,0.0011448518775007,0.0038410153415404,355.8722176422094,False,False,-2.180362363759203,-0.0025445884717742,True,False,B,-0.025541352013863098,-5.959810955189278,-0.1801322601324111,-0.25453780355954714,0.01731789453742699,0.26117745326698155,False,True,B
obv_chg_20,5,volume,False,-1.0,-0.0238203255822013,-4.427573531494256,9.529908937037486e-06,-0.0238203255822013,-4.427573531494256,-4.304870473748545,-0.0224355309185215,1.533072307262552e-05,0.0129870129870129,True,True,,-0.0395019838807549,-0.1195881302325905,-0.1729788944671475,-0.1652776742343984,-0.0721965339143053,0.5296702801047326,0.0011486396421905,0.0048527708429245,355.6368899917287,False,False,-2.3038909810174677,-0.0048849553918336,True,False,B,-0.03546401444905178,-4.78996376185522,-0.05733627895577954,-0.12297057339931591,0.02362767072542206,0.5354758576799048,False,True,B
obv_chg_20,20,volume,False,-1.0,-0.0402970145686666,-4.296444367483574,1.7355949955354714e-05,-0.0402970145686666,-4.296444367483574,-1.958581341508712,-0.0186435115011554,2.6209397329814784e-05,0.0179820179820179,True,True,,0.0095129617998094,-0.0247759055234333,-0.0476351504055952,-0.0676088687336569,0.0167944982446177,0.9071128921492816,0.0011630697884492,0.0074336661518843,354.7403685092127,False,False,-3.66350216381235,-0.0151555540195435,True,False,B,-0.03882691567574741,-3.0048978738802963,-0.03847734223286485,-0.09802286647330993,-0.00419763435405025,0.9068705788046189,False,True,B
log_amount_20,1,volume,False,-1.0,-0.0326734923245524,-8.288899091044254,1.1430146260387983e-16,-0.0326734923245524,-8.288899091044254,-11.055614328691592,-0.0366550688674835,5.638872155124739e-16,0.0009990009990009,True,True,,0.1773932297602312,0.1518944691465868,0.1348952954041573,0.0917293928931984,0.2224151743208085,0.0337285193302173,0.0017382574741024,0.0018668378957048,354.00412201154165,False,True,-8.81339985022689,-0.0276855010685831,True,True,A候选,-0.04440668851149382,-7.4101160016252745,0.1552079091604528,0.06231258673739345,0.17977300451334058,0.03249351237154468,True,True,A
log_amount_20,5,volume,False,-1.0,-0.060297658773562,-7.59270859219925,3.132865755509088e-14,-0.060297658773562,-7.59270859219925,-11.154050532911397,-0.0752980202083793,1.2419574959339598e-13,0.0009990009990009,True,True,,0.1474995672113919,0.1275071725070406,0.1141789093708063,0.0703573243579554,0.195195575315429,0.1322248327007364,0.0017440085327429,0.0033914591775046,353.76509511993385,False,True,-9.56887099657494,-0.0605278468821893,True,True,A候选,-0.07649601833149261,-6.824682923726743,0.13402703348467673,0.049585818451749156,0.15332858113642872,0.12765573843751313,True,True,A
log_amount_20,20,volume,False,-1.0,-0.0930841149904818,-5.588259178885749,2.293571597808275e-08,-0.0930841149904818,-5.588259178885749,-8.006408843812768,-0.1237632448068408,4.8035178746550676e-08,0.0029970029970029,True,True,,0.1216523494309805,0.1074400506677329,0.0979651848255679,0.0494436676590581,0.1675190868856022,0.3759867397684547,0.0017639567804096,0.0061042433603818,352.8500837520938,False,True,-9.273076697947587,-0.1074224879255917,True,True,A候选,-0.11440693458797659,-5.27840443596986,0.12218707833985669,0.03327718950420278,0.13597836699086133,0.36484890611123283,True,True,A
amihud_20,1,volume,False,1.0,0.0153616670680252,4.018078470063403,5.867465921562256e-05,0.0153616670680252,4.018078470063403,7.122330235176951,0.0254291025788313,8.074094446952452e-05,0.0379620379620379,True,True,,0.0770633952312373,0.0384709564687995,0.0127426639605076,-0.0219282447017465,0.1093208441255139,0.051048199421214,0.0043120084795716,0.0033343236360573,354.00412201154165,False,False,-8.559774146552485,-0.0390196196475896,False,False,B,0.02332346605248582,3.80730280733237,0.09099799818833987,-0.011257901885839541,0.12782100353217768,0.04870767902624047,True,True,B
amihud_20,5,volume,False,1.0,0.0332837001597262,4.357024964757911,1.318422351444492e-05,0.0332837001597262,4.357024964757911,7.432378102473988,0.0539059346148119,2.0467815525921485e-05,0.0139860139860139,True,True,,0.1049134631813273,0.08321773616189,0.0687539181489319,0.0237033601782157,0.1463456090480929,0.1434902580650608,0.0043224052249125,0.0043435662921681,353.76509511993385,False,True,-7.174411497863693,-0.0594597655054477,False,False,B,0.04854820539803889,4.305823713787464,0.1165000660745154,0.023153963021653647,0.13674363556151795,0.13388604158070455,True,True,B
amihud_20,20,volume,False,1.0,0.0596605486153859,3.766062770283323,0.0001658421141625,0.0596605486153859,3.766062770283323,5.693476941075249,0.0959033878111543,0.0002145330434206,0.0679320679320679,True,True,,0.1131259353064624,0.0995347151372737,0.0904739016911479,0.0482088715795558,0.1578145447576088,0.3595560891319759,0.0043571293441784,0.0069010358857976,352.8500837520938,False,True,-2.6641864961584023,-0.0401861914650012,False,False,B,0.08416624896013615,3.849935545549591,0.1389047017504503,0.046167730233264447,0.15155298979894297,0.33461079493366835,True,True,B
vol_chg_1,1,volume,False,-1.0,-0.0058130305077786,-3.214668778218967,0.001305951161585,-0.0058130305077786,-3.214668778218967,-5.0298530558447245,-0.009009841819309,0.0015587159025369,0.2027972027972027,True,True,,-0.1579424840909903,-0.87011865829864,-1.3449027744370732,-0.9122391663985449,-0.8274111273717026,0.942031976465145,0.0057958270811229,0.0035387080747047,355.6702390766694,False,False,-1.1864807333845206,-0.001313582248559,False,False,B,-0.008758703647726485,-3.3977635270862248,-0.7813369375394807,-0.8242145177392187,-0.07218271487246102,0.9380346860674863,False,True,B
vol_chg_1,5,volume,False,-1.0,-0.0048282629879645,-3.109575141939731,0.0018735662200093,-0.0048282629879645,-3.109575141939731,-4.4060815319643964,-0.0072337442504697,0.0022242336943427,0.2427572427572427,True,True,,-0.051114409493182,-0.1860658735050109,-0.2760335161795635,-0.2024111184922292,-0.1704051455896609,0.892536137644371,0.0058072725023205,0.0046455640847678,355.435070306038,False,False,-6.862145233519809,-0.0059743556681455,True,False,B,-0.007337061587514572,-3.3815148660210625,-0.16960721322066424,-0.1815132359506305,-0.03541018570977676,0.8875464782466105,False,True,B
vol_chg_1,20,volume,False,1.0,-0.0030898011871067,-2.619562358533847,0.0088042674256803,-0.0030898011871067,-2.619562358533847,0.4211260665998839,0.0005086151962327,0.0099721804515359,0.5374625374625375,False,False,,-0.0433348554397342,-0.0773185327975289,-0.0999743177027253,-0.0888647318220007,-0.0659548692197178,0.8990390835395411,0.0053635004346634,0.0070045967406938,354.536850921273,False,False,,,False,False,C,-0.005046367749459327,-2.795349604696636,-0.08114231741059336,-0.0932811778940513,-0.04715396619767043,0.8991627305006066,False,True,C
abnormal_amt_1,1,volume,False,-1.0,-0.0265841665369052,-9.846567021113458,7.092522942520296e-23,-0.0265841665369052,-9.846567021113458,-10.736799298480022,-0.0294581706001846,7.497809967807172e-22,0.0009990009990009,True,True,,-0.1495007425622017,-0.5064436170697795,-0.7444055334081646,-0.5497139574941695,-0.4598049596797436,0.4721466594015579,0.0036846825540885,0.0033742167114726,353.87798845836767,False,False,-14.681677816275904,-0.026188736510358,True,False,B,-0.03307393215903914,-8.622855566346953,-0.3686214757238901,-0.44135207880281596,-0.03219340161170128,0.4450106800425777,False,True,B
abnormal_amt_1,5,volume,False,-1.0,-0.0250779766757743,-5.640697032869067,1.6936313854375552e-08,-0.0250779766757743,-5.640697032869067,-5.6432624629889485,-0.02545374842724,3.650351141428517e-08,0.0029970029970029,True,True,,-0.0803473286524465,-0.1840540756346731,-0.2531919069561575,-0.2184882850726922,-0.1482315402611085,0.6858911837448849,0.0036929992535609,0.0037574729226634,353.63854425144746,False,False,-11.653694898135743,-0.0314226392560972,True,False,B,-0.039354435323198315,-6.395372623167964,-0.10145980599217344,-0.1593383157705594,-0.0006215933211210838,0.6669193959725683,False,True,B
abnormal_amt_1,20,volume,False,-1.0,-0.0245845534767341,-4.351197987801666,1.3539572218013624e-05,-0.0245845534767341,-4.351197987801666,-2.439909996807415,-0.0167581833918038,2.072955194757948e-05,0.0149850149850149,True,True,,-0.0385442687103402,-0.0737459176793075,-0.0972136836586191,-0.1028014842809569,-0.0451983902705407,0.9312605547345862,0.0037159117360301,0.0071479167088778,352.7244556113903,False,False,-7.978417354401542,-0.0329686236581494,True,False,B,-0.03971954366561702,-4.714807651333112,-0.030039980202414107,-0.07557279547386422,0.004911586994310805,0.9246446348339925,False,True,B
streak,1,ashare,False,-1.0,-0.0225196421014075,-8.418994358616825,3.797296879523112e-17,-0.0225196421014075,-8.418994358616825,-12.584362037398336,-0.0349496219495609,2.056097334766173e-16,0.0009990009990009,True,True,,-0.2752085131658844,-0.6017597074079795,-0.8194605035693762,-0.7148624751292568,-0.5096208139140296,0.4319460241297553,0.000527862545317,0.0054228593648495,303.2877164056059,False,False,-5.379161083516685,-0.0091864519030538,True,False,B,-0.015565362541652696,-4.2110132482094125,-0.42568051856691597,-0.5019724912264681,-0.09905773148602144,0.4320407236519769,False,True,B
streak,5,ashare,False,-1.0,-0.0136366444558217,-3.8384189477414585,0.0001238290754321,-0.0136366444558217,-3.8384189477414585,-8.815230047029146,-0.0289640505911948,0.0001626630458339,0.0539460539460539,True,True,,-0.145227330580154,-0.2824183042353199,-0.3738789533387637,-0.345254858219366,-0.2298539888551752,0.9073477093595628,0.0005296089888085,0.0056077427587243,303.11248966087675,False,False,-0.7163460006963756,-0.001476089871605,False,False,B,-0.013584595982480322,-3.0172654198727713,-0.20831146771280654,-0.2612218142537023,-0.07164265121775899,0.9038942889884097,False,True,B
streak,20,ashare,False,-1.0,-0.0072789928727193,-2.1634004511906157,0.0305103929108984,-0.0072789928727193,-2.1634004511906157,-0.8759972213951025,-0.0036257572012338,0.0335312238921755,0.8351648351648352,True,False,,-0.0705808540867672,-0.1049155693926276,-0.1278053795965344,-0.1327488717968279,-0.0803096594180791,0.9083258017423363,0.0005341944150381,0.007521713428746,301.99497487437185,False,False,,,False,False,C,-0.013092165366684335,-2.7542813836576365,-0.0807574489662455,-0.10898174234494791,-0.04638373522991858,0.9093575062520348,False,True,C
gap_1,1,ashare,False,1.0,0.0149793542058809,7.961234006285307,1.703319025169831e-15,0.0149793542058809,7.961234006285307,4.805079021368433,0.009059363598492,7.717078032402091e-15,0.0009990009990009,True,True,,-0.0054952665702239,-0.638493058746764,-1.060491586864457,-0.6885517416774941,-0.5815993776489957,0.8372986669001851,0.0130278605440676,0.0039629516641318,355.8689200329761,False,False,13.685463320061189,0.0153172166815002,True,False,B,0.015927358396797223,5.141171122275707,-0.6533805270607389,-0.7366445082840986,-0.01652807162704624,0.8423974278223448,False,True,B
gap_1,5,ashare,False,1.0,0.0178550047822457,9.716454479278504,2.5655958922692542e-22,0.0178550047822457,9.716454479278504,6.639797651430188,0.0149734000976395,2.4763577742772804e-21,0.0009990009990009,True,True,,-0.0365499415601724,-0.1675410890627119,-0.2548685207310716,-0.2004232651723372,-0.1341088015251294,0.8663435681384886,0.0130593816886869,0.004971095707269,355.63440860215053,False,False,12.467583335401232,0.0137928174518137,True,False,B,0.01790897246541212,5.514158268611673,-0.1776204603056442,-0.24324401910014917,-0.046971801903765396,0.8640784285838543,False,True,B
gap_1,20,ashare,False,1.0,0.0256609426976094,11.619110269443896,3.2955030395341083e-31,0.0256609426976094,11.619110269443896,6.435693987847143,0.0166852007319661,8.128907497517469e-30,0.0009990009990009,True,True,,-0.0222301656461766,-0.0553830490089167,-0.0774849712507435,-0.0805070064880106,-0.0295954686562588,0.8770604064216965,0.013153312409763,0.0066038500160755,354.73785594639867,False,False,11.139595264504049,0.0166813951570494,True,False,B,0.02422654914092843,6.4993744662011,-0.039255516521083327,-0.08813839709553022,-0.006153008403606143,0.875727727975587,False,True,B
upper_shadow_5,1,ashare,False,-1.0,-0.035625831363797,-11.409863350440858,3.733153207327209e-30,-0.035625831363797,-11.409863350440858,-8.17480950154047,-0.0248565975313125,7.534181927514912e-29,0.0009990009990009,True,True,,-0.0990781246779815,-0.3554397241946732,-0.526347457205801,-0.4086266191849537,-0.3050516225050598,0.3391026448633488,0.0041767095314662,0.0034509696210723,355.0445177246496,False,False,-5.717590433220713,-0.0086287839369176,True,False,B,-0.04501854801954584,-8.478845028690856,-0.36095763847644124,-0.4536864316058792,-0.1060048783054731,0.33723910075524893,False,True,B
upper_shadow_5,5,ashare,False,-1.0,-0.0514196991718549,-8.583173755934157,9.229079141381621e-18,-0.0514196991718549,-8.583173755934157,-7.021102273482696,-0.0396672339641356,5.691265470518666e-17,0.0009990009990009,True,True,,-0.0558029228101749,-0.1653670156166668,-0.2384097441543281,-0.2116409645277899,-0.121270754813008,0.7246302434291793,0.0041847215654179,0.0040464225468573,354.8089330024814,False,False,-4.50743335569891,-0.0113213475420624,True,False,B,-0.062044710161724644,-6.247885011638363,-0.17690250026661758,-0.26256360161044656,-0.0680732259346896,0.7197703328831214,False,True,B
upper_shadow_5,20,ashare,False,-1.0,-0.0677170853077966,-5.454876776584709,4.90068176578276e-08,-0.0677170853077966,-5.454876776584709,-5.078702978058058,-0.0518376852470246,9.528717330320868e-08,0.0039960039960039,True,True,,-0.0233761216906641,-0.0525258933786366,-0.0719590745039516,-0.099509154686169,-0.0107584399726236,0.7711579811632933,0.0042177434225599,0.0064299190894683,353.90536013400333,False,False,-2.4139302214685747,-0.0114247935656236,True,False,B,-0.07256725400146365,-3.7972932062725784,-0.0630639298033228,-0.13136750107057818,-0.034142340829167714,0.7651214014326746,False,True,B
lower_shadow_5,1,ashare,False,-1.0,-0.0368158582067317,-12.137532191746155,6.6810757927910894e-34,-0.0368158582067317,-12.137532191746155,-10.971528660662075,-0.0294356073887798,2.1188554657137456e-32,0.0009990009990009,True,True,,0.0033092473983277,-0.2653382259294694,-0.4444365414813342,-0.3133151064246625,-0.2190888681237651,0.3553538006981443,0.0024893230148986,0.0024282167345494,355.0445177246496,False,False,-12.865184386252745,-0.0176183195944925,True,False,B,-0.035095693201559225,-6.757020581180559,-0.3027066689362471,-0.3803757061710256,-0.034334392505353,0.35498978363874867,False,True,B
lower_shadow_5,5,ashare,False,-1.0,-0.0547868849901392,-9.581837516615916,9.533349472016872e-22,-0.0547868849901392,-9.581837516615916,-8.915292997131727,-0.046810472410401,7.444895472836227e-21,0.0009990009990009,True,True,,0.0048340184081703,-0.1089809815100219,-0.1848576481221501,-0.1488999343993254,-0.0711709637684339,0.7527447084536525,0.0024956264421405,0.0032551725428918,354.8089330024814,False,False,-8.264773987538247,-0.0190461305713302,True,False,B,-0.045929291252190634,-4.822942340219574,-0.1598406045403124,-0.2321518273353226,-0.04751156358407983,0.7429169375412208,False,True,B
lower_shadow_5,20,ashare,False,-1.0,-0.0695345701414785,-6.1146916182889255,9.674386070544412e-10,-0.0695345701414785,-6.1146916182889255,-6.432603311545772,-0.0610221716156164,2.4973415205358833e-09,0.0009990009990009,True,True,,0.0015370672008907,-0.0279796834373485,-0.0476575171961748,-0.0701526268608115,0.0078904109475281,0.7808664190010409,0.0025171898276166,0.0051703496669985,353.90536013400333,False,False,-5.091860402775112,-0.0186157537205924,True,False,B,-0.05246684005174946,-3.033130393153669,-0.0589193765910803,-0.11212185149597993,-0.029778362626264744,0.7709262953654907,False,True,B
limit_up_20,1,ashare,False,-1.0,-0.0409676603409633,-17.905892916252405,1.0608015696497102e-71,-0.0409676603409633,-17.905892916252405,-13.682480564242251,-0.032081474635221,2.3549794846223567e-69,0.0009990009990009,True,True,,0.0642920391850789,0.0573352150813435,0.0526973323455199,0.0443065780001772,0.0713942880234317,0.0092021482853642,0.0007865875681074,0.0023091655753709,2948.2745259686726,False,True,-7.625905102975592,-0.019760713713388,True,False,A候选,-0.04004416696415977,-14.633368929849421,0.047681519282994654,0.03048477591934719,0.05426407731384588,0.008707087342395801,True,True,A
limit_up_20,5,ashare,False,-1.0,-0.0659562524438939,-14.665524209870268,1.0718614908797958e-48,-0.0659562524438939,-14.665524209870268,-13.583618160528069,-0.061837601875728,7.931775032510489e-47,0.0009990009990009,True,True,,0.044991985775519,0.0384254189918467,0.0340477078027319,0.0276069120763275,0.0503125044975758,0.0434296744951872,0.0007885318529477,0.0037717801815602,2945.543424317618,False,True,-6.616216227518466,-0.0326097307649232,True,False,A候选,-0.06165541398800072,-11.52391014510149,0.030934615752900612,0.015927070264529435,0.03688570846518408,0.03935907878494355,True,True,A
limit_up_20,20,ashare,False,-1.0,-0.0843361182082212,-11.489465625318742,1.4903093880486363e-30,-0.0843361182082212,-11.489465625318742,-8.789039893110383,-0.0806569317297068,3.308486841467973e-29,0.0009990009990009,True,True,,0.0317600572965931,0.0259986501635061,0.0221577120747815,0.0178776441459484,0.0352267241744133,0.1524181781239945,0.0007957350973332,0.0059640460535371,2935.9514237855947,False,True,-3.633581811236634,-0.0358260900685982,True,False,A候选,-0.07944441523276413,-8.822751451367306,0.020105548282657267,0.009586141068958472,0.02537158504447005,0.139313141846899,True,True,A
limit_down_20,1,ashare,False,-1.0,-0.0121482922413296,-5.575740854936321,2.4647861902634693e-08,-0.0121482922413296,-5.575740854936321,-0.5681250459716424,-0.0016556426103706,5.0439794301423054e-08,0.0029970029970029,True,True,,-0.0061669345366603,-0.011166409776629,-0.0144993932699415,-0.0467919829974576,0.0139824450768172,0.0066130624867311,0.0023924198065877,0.0023067496904339,3271.3998351195382,False,False,-3.234122506984001,-0.0095560747956835,True,False,B,-0.01002319192174386,-3.550455526191339,-0.0026596589502175107,-0.0184891797584467,0.0018200792261800992,0.005925579598409545,False,True,B
limit_down_20,5,ashare,False,-1.0,-0.0179649498045751,-4.220470396148211,2.437930721900288e-05,-0.0179649498045751,-4.220470396148211,-0.2759349469656754,-0.0014969312437827,3.560661975407e-05,0.0209790209790209,True,True,,-0.0202175692606331,-0.0240972645452243,-0.0266837280682851,-0.059444866005891,-0.0001089295545032,0.0256593603478256,0.0023971596767929,0.0039069359560999,3268.449958643507,False,False,-2.339279962364973,-0.0127321885027172,True,False,B,-0.015367886445006635,-3.2253837706113755,-0.010926968777853435,-0.02593617660850686,-0.007574398377817873,0.022173084656319807,False,True,B
limit_down_20,20,ashare,False,1.0,-0.0201558457300485,-3.015367387679467,0.0025666815077811,-0.0201558457300485,-3.015367387679467,0.2577413112251564,0.0027619141964614,0.0029677254933719,0.3026973026973027,False,False,,-0.0873373394572055,-0.119736462119576,-0.141335877227823,-0.1735013906756162,-0.0668452970373356,0.8571196471526595,0.0037520630329993,0.009832572702075,174.88693467336682,False,False,,,False,False,C,-0.02512230081338531,-3.2069887855338592,-0.21242219764680897,-0.2806749075131091,-0.1804706052994804,0.8452802208287991,False,True,C
close_pos_1,1,ashare,False,-1.0,-0.0288785233087532,-9.848515172884444,6.956403977240045e-23,-0.0288785233087532,-9.848515172884444,-2.2348981495619054,-0.0067056792877912,7.497809967807172e-22,0.0009990009990009,True,True,,0.0068682931298776,-0.6651168237302675,-1.1131069016370312,-0.7242605154208234,-0.6153854790547408,0.8888692021959592,0.0006003201892042,0.0032235401953583,372.9587798845837,False,False,-14.941292086904882,-0.0277779616059544,True,False,B,-0.010555250547541412,-2.417729403284408,-0.7316093472240974,-0.8402518091921538,-0.06685219725778095,0.8793083994263443,False,True,B
close_pos_1,5,ashare,False,-1.0,-0.0160541461051001,-5.878251680074712,4.146221965128413e-09,-0.0160541461051001,-5.878251680074712,-6.212040363009012,-0.0193901872807554,9.697697258682105e-09,0.0029970029970029,True,True,,-0.0142321144696004,-0.1487832196675022,-0.2384839564661034,-0.1713640743080901,-0.1298143880132319,0.8898882618908847,0.0006003738138797,0.0044012468694239,372.7799834574028,False,False,-9.78998171097061,-0.0146249339003186,True,False,B,-0.005378373080678685,-1.2945390520201143,-0.17587972763915757,-0.2080587499805051,-0.04226779845546856,0.8836767803154034,False,False,B
close_pos_1,20,ashare,False,-1.0,-0.0090581270429885,-3.224866345427723,0.0012603149224507,-0.0090581270429885,-3.224866345427723,-0.805248091896537,-0.0023668768667078,0.0015123779069409,0.2007992007992008,True,True,,-0.0245383630500698,-0.0581680641356756,-0.0805878648594128,-0.07252350017189,-0.0467286624416624,0.8896746318943337,0.0006059593739166,0.0065688335996724,372.10217755443887,False,False,-7.289644206155776,-0.0123193361919731,True,False,B,-0.005101523845130092,-1.2065296196389466,-0.05984889724422594,-0.0739461942671776,-0.026279828068585115,0.8880706131121913,False,False,B
intraday_ret_1,1,ashare,False,-1.0,-0.03436916428499,-10.395460320857024,2.600283265709908e-25,-0.03436916428499,-10.395460320857024,-7.67371018275493,-0.024728757282621,3.8484192332506644e-24,0.0009990009990009,True,True,,0.0886514675567958,-0.5621251126255683,-0.9959761660804776,-0.6302939463432082,-0.4981840804742424,0.8608155822518043,0.0017290121871096,0.0038341290191943,355.7922506183017,False,False,-16.138679460788566,-0.0378464849249773,True,False,B,-0.021439309084198815,-4.0634667205345405,-0.7141674782240901,-0.8356156191589215,-0.07144110035372536,0.8501671664951914,False,True,B
intraday_ret_1,5,ashare,False,-1.0,-0.0228183556016869,-6.8643801242745655,6.678059083259791e-12,-0.0228183556016869,-6.8643801242745655,-10.281719863893692,-0.0339101023736382,1.9767054886448975e-11,0.0009990009990009,True,True,,-0.0157110128507203,-0.1463778167793606,-0.2334890193984541,-0.1809976315048153,-0.1125719018485893,0.8641984386814834,0.0017347326575384,0.0050416170853221,355.55665839536806,False,False,-13.244341634985854,-0.0286121624843628,True,False,B,-0.016780253942150387,-3.389567562567798,-0.18507421963551518,-0.2548955372930759,-0.05454819274287961,0.8632673736285422,False,True,B
intraday_ret_1,20,ashare,False,-1.0,-0.0171453031039338,-5.878104250429402,4.1499154935801804e-09,-0.0171453031039338,-5.878104250429402,-2.964842913309485,-0.0113080037144178,9.697697258682105e-09,0.0029970029970029,True,True,,-0.0385332650876921,-0.0715138653085856,-0.0935009321225145,-0.098423107233656,-0.0445094470439954,0.8725026513463888,0.0017526121322577,0.0066702655692845,354.65912897822443,False,False,-12.445521274015912,-0.031804169697807,True,False,B,-0.018812777677485674,-3.6809078258412375,-0.06083114223785119,-0.09981167248006444,-0.027687224151595812,0.8768232297951158,False,True,B
overnight_ret_5,1,ashare,False,1.0,0.009611525634787,5.513870856546988,3.5102621775875226e-08,0.009611525634787,5.513870856546988,1.789507533269772,0.003591250159552,7.020524355175045e-08,0.0039960039960039,True,True,,-0.0881526846145928,-0.3579407861788287,-0.5377995205549861,-0.4115529621976138,-0.3019543304939295,0.3568625682066613,0.0109800876827291,0.0040602698555156,355.0445177246496,False,False,6.368612389279522,0.0062400039634315,True,False,B,0.012496316411727987,3.7232109923591334,-0.3699766830905943,-0.4605792232076378,-0.10610145932632754,0.3490413012754851,False,True,B
overnight_ret_5,5,ashare,False,1.0,0.0171976285242775,5.574912124777705,2.476548458943744e-08,0.0171976285242775,5.574912124777705,1.9186577956003004,0.0067454697907497,5.0439794301423054e-08,0.0029970029970029,True,True,,-0.0669151684363413,-0.1961258984777459,-0.2822663851720156,-0.2358910748811529,-0.1561403352069067,0.8545683203796595,0.0110048292475506,0.0052389420306647,354.8089330024814,False,False,5.883048844250946,0.009934732418891,True,False,B,0.01937951823482269,3.8166077247807193,-0.19298174464545456,-0.27903972179737846,-0.06455611899287036,0.8493758310356098,False,True,B
overnight_ret_5,20,ashare,False,1.0,0.0325176771223792,7.840278000903194,4.495500443925596e-15,0.0325176771223792,7.840278000903194,2.451902451994963,0.012772877645528,1.919232881829773e-14,0.0009990009990009,True,True,,-0.023215812810598,-0.0560712071801415,-0.0779748034265039,-0.0869113841606021,-0.025974000582513,0.8691903272366005,0.0110903966439095,0.0066643185791492,353.90536013400333,False,False,7.1271536547917655,0.0170136593816058,True,False,B,0.031423763122946195,4.884116448651437,-0.03573201162854771,-0.09702345089385678,-0.0030451754349414884,0.8647311162329688,False,True,B
ev_macd_golden,1,events,True,-1.0,-0.0011010524443156,-5.81208945077728,6.1697855379162655e-09,-0.0078200731336448,-7.644481140068391,-3.094937502342642,-0.0090004935024676,1.3976452953238884e-08,0.0029970029970029,True,True,,-0.3011058427436972,-1.057105842743697,-1.5611058427436977,-1.1507878554994304,-0.9673226807263496,1.0,0.0078389191575254,0.0032767200969568,137.36933223413027,True,False,-6.498622690822007,-0.0198221070699924,True,False,B,-0.00668570793736143,-3.094606667088774,-0.9612848534315567,-1.0802843173556154,-0.20695557166360076,1.0,False,True,B
ev_macd_golden,5,events,True,-1.0,-0.0041346231589805,-7.267927342759714,3.6504503111404734e-13,-0.0089658118726711,-6.625520517737491,-8.355816522722256,-0.0145813809834808,1.3285245394642378e-12,0.0009990009990009,True,True,,-0.220365666283562,-0.3686058996111768,-0.4674327218295867,-0.4232209691893045,-0.3146773380003137,0.9804248235953356,0.0078439143769607,0.004713449729903,137.4177005789909,True,False,-8.618148236539525,-0.0314265437575816,True,False,B,-0.00756543412376965,-3.610705507788537,-0.3096266585667578,-0.3918551930423529,-0.16214917568827075,0.9775501002989568,False,True,B
ev_macd_golden,20,events,True,-1.0,-0.005801861741546,-5.085014003922032,3.6759894541144283e-07,-0.0059224599333451,-3.939384046535008,-4.950415471077024,-0.0084921820108961,6.528557270507225e-07,0.0039960039960039,True,True,,-0.074976402992822,-0.1114280480048197,-0.1357291446794849,-0.1370312549876906,-0.0848243369713621,0.9643292331216324,0.0078305769250556,0.0069541522074362,137.6465661641541,True,False,-6.648953607800244,-0.0287782160152957,True,False,B,-0.009104268347959061,-4.483992935930467,-0.13277239367486898,-0.1617218952990907,-0.09644971274126701,0.9630915064752371,False,True,B
ev_macd_dead,1,events,True,-1.0,-0.0006618930787954,-2.96623754122168,0.0030146754746441,-0.0006263396438636,-0.5401729558859647,-2.4110047368763325,0.0004303973681779,0.0034676577998497,0.3146853146853147,True,False,,-0.2813132577097857,-1.037313257709786,-1.541313257709786,-1.2109512955552335,-0.8982857690557771,1.0,0.0005353740720701,0.0057550865173284,139.77493816982687,True,False,,,False,False,C,-0.0006826911512941905,-1.9031915329939988,-0.8569725887302513,-0.9456281959123776,-0.10431402519433962,1.0,False,False,C
ev_macd_dead,5,events,True,-1.0,-0.0024201608605236,-3.7655020038742473,0.0001662147903979,-0.004599777118472,-2.857847429856321,-0.1795603374471804,0.0029204724392577,0.0002145330434206,0.0679320679320679,True,True,,-0.1223263512658828,-0.2706383217636579,-0.3695129687621746,-0.3378159443211082,-0.2125194804425764,0.9808992757789352,0.0005371453675939,0.0049453892613544,140.05789909015715,True,False,-2.1378250424590446,-0.0083010212983552,True,False,B,-0.0040079961236046,-1.7517297496014779,-0.20247847023592316,-0.26828760856184125,-0.05495038297909251,0.9800658766907061,False,False,B
ev_macd_dead,20,events,True,-1.0,-0.0071866484301954,-4.293806380495077,1.7563565784633727e-05,-0.007543950908807,-4.05599398971065,-3.942016395483973,-0.006090626013507,2.6209397329814784e-05,0.0189810189810189,True,True,,-0.0903348159133663,-0.1267946171450429,-0.151101151299494,-0.1611747147177349,-0.0891162255416659,0.9645450061290108,0.0005438934249758,0.0065272472345643,138.9932998324958,True,False,-1.8325285481253155,-0.0068544957415838,False,False,B,-0.0030877859554037847,-2.6174299974304587,-0.08568160851943173,-0.11407398593499316,-0.049411798688099313,0.9638703376933291,False,True,B
ev_kdj_golden_low,1,events,True,-1.0,-0.0009248638650993,-3.5641736315151435,0.0003650042905645,-0.0039031037101275,-3.582099809430982,-1.4846013135273437,-0.0028370954437545,0.0004552300702546,0.1038961038961039,True,True,,-0.3105062627416627,-1.0521715554044824,-1.546615083846362,-1.1605524239734817,-0.932852565012598,1.0,0.0021093510616641,0.0032314101946755,100.79579831932772,True,False,-4.882334192201564,-0.0228163297745015,True,False,B,-0.0015711558574707468,-1.2011583127119296,-0.8148632564943595,-0.9729734383838058,-0.07222900235071307,1.0,False,False,B
ev_kdj_golden_low,5,events,True,-1.0,-0.0036807534995455,-5.642863832272681,1.6724461743661807e-08,-0.0059078607101409,-4.096325043215976,-6.946270615809611,-0.0093476373559714,3.6400299089146295e-08,0.0029970029970029,True,True,,-0.2403137789589124,-0.3838773055953485,-0.4795863233529725,-0.445784636650041,-0.3280607190229981,0.9679076868104692,0.0021138203700982,0.0037358202335454,99.13490725126476,True,False,-6.147030778052552,-0.034569098049645,True,False,B,0.0012818092547702093,-1.123012652981556,-0.21127022717123434,-0.29644350752606813,-0.0682182658354795,0.963215684419298,False,False,B
ev_kdj_golden_low,20,events,True,-1.0,-0.0049323879799209,-3.085325241103836,0.0020332967444474,-0.0016927596310224,-0.8958020865374144,-4.280433722465203,-0.0063609708678397,0.0024010206237624,0.2557442557442557,True,True,,-0.0747936480012063,-0.111073091687089,-0.1352593874776774,-0.1493682356430986,-0.0699988224565479,0.9786248754274124,0.0021408974884171,0.0070094679727638,99.55251921434672,True,False,-2.3550778007517748,-0.0156007843090066,True,False,B,0.0014588304571505474,-1.3843397393121173,-0.08685289668233694,-0.13631340093363553,-0.05063630096191287,0.9757314300400087,False,False,B
ev_rsi6_oversold,1,events,True,-1.0,-0.0021608895273063,-5.883716138508398,4.011556263965136e-09,-0.0029211370919573,-1.63859031357094,-3.8028683118387216,-0.0040372100043354,9.5759730172071e-09,0.0029970029970029,True,True,,-1.0167936307202554,-1.3107631435694034,-1.5067428188021683,-1.655399871054299,-1.0246188928051745,0.3990467899063737,0.0003681807392349,0.0171061934518758,188.0033840947547,True,False,-7.0566792830057965,-0.045472137477294,True,False,B,0.0029148457033443265,-2.7874401054582205,-0.6681987273083101,-0.9052324069228453,-0.3497682770984706,0.4326786501629111,False,True,B
ev_rsi6_oversold,5,events,True,-1.0,-0.0076240482680342,-5.936035220548502,2.919970987799526e-09,-0.0015071682718446,-0.5434624365071884,-4.282532891146225,-0.0052385777705926,7.202595103238832e-09,0.0019980019980019,True,True,,-0.4217527920201789,-0.5340995240000318,-0.6089973453199338,-0.6776506076112796,-0.4044516236889735,0.7625874664463698,0.0003694309285023,0.0100786838578123,187.2402376910017,True,False,-6.745237973191687,-0.0605039520609277,True,False,B,0.0045744417767022375,-1.8958016016268382,-0.3277390177997582,-0.48725474240872646,-0.20845716794399807,0.8104902077190145,False,False,B
ev_rsi6_oversold,20,events,True,-1.0,-0.0151089848886484,-4.067075582120842,4.7606805780837146e-05,0.0011341168239446,0.2698639892437635,-3.6295389921499934,-0.0073376571321211,6.731662983022833e-05,0.0349650349650349,True,True,,-0.1986896614748808,-0.233685756193546,-0.2570164860059897,-0.3184015604016169,-0.1519389471475493,0.950500600392308,0.0003515682236508,0.0128859632576656,186.07996560619088,True,False,-4.734916213277327,-0.0665980127826911,True,False,B,0.008292030011229102,-1.2855853065053497,-0.17130909796505925,-0.29440646773747214,-0.13614132618240218,0.9562677481749772,False,False,B
ev_rsi6_overbought,1,events,True,-1.0,-0.0039102177416083,-9.759037489772776,1.6874912428807217e-22,-0.0253731529203271,-14.833011418464377,-10.358550900512585,-0.0368135758227725,1.7028320723614553e-21,0.0009990009990009,True,True,,-1.044095615006358,-1.4239720444506982,-1.6772229974135917,-1.6545731632803569,-1.2020757824909003,0.5024820495295504,0.0337652973591727,0.0138628131448274,154.43693322341304,True,False,-10.326136728692967,-0.0489158865266068,True,False,B,-0.02478793932618652,-7.115228898464787,-1.310996050134164,-1.5924060385294947,-0.9307786605838528,0.502933054960729,False,True,B
ev_rsi6_overbought,5,events,True,-1.0,-0.0094368335434579,-7.709739637662197,1.2607467830564802e-14,-0.0292044048238081,-9.806806086994344,-9.091266810430728,-0.0361929358965225,5.280863883746012e-14,0.0009990009990009,True,True,,-0.479742137600936,-0.6104849799039566,-0.697646874772637,-0.730033879334801,-0.50282519950127,0.8647013379829397,0.0335802591518083,0.0104053686609329,154.88585607940448,True,False,-10.394195141931952,-0.0650568346097215,True,False,B,-0.03229672942167249,-6.173772708783607,-0.6497743975059637,-0.8114871245598015,-0.5191747153659573,0.8637545115079784,False,True,B
ev_rsi6_overbought,20,events,True,-1.0,-0.017346882038118,-5.4454809838463705,5.1665583066923825e-08,-0.0272240447783838,-7.152697277574815,-3.967352666471105,-0.0260004724790694,9.887723655911283e-08,0.0039960039960039,True,True,,-0.2201318177031283,-0.2561237842379124,-0.2801184285944351,-0.3329978713912804,-0.1869651559982769,0.95216842684614,0.0337673712897557,0.0091434727549448,154.92378559463987,True,False,-8.140217048137647,-0.0713245418848558,True,False,B,-0.03258481316505228,-3.3818194797736907,-0.2540541205812751,-0.3625498081322339,-0.21804556031006878,0.9526074145821766,False,True,B
ev_break_high_20,1,events,True,-1.0,-0.0038092443504026,-11.207094396904395,3.7634559164366174e-29,-0.0299628087430366,-17.385461376807434,-6.764769002875688,-0.0302166491795724,6.962393445407744e-28,0.0009990009990009,True,True,,-0.9902143698274825,-1.5439142691754528,-1.913047535407433,-1.7326567979959997,-1.3760892322503722,0.7324072742698021,0.0289397588825453,0.0109236408433391,167.02638087386646,True,False,-15.562175447868542,-0.059455925530425,True,False,B,-0.02737771790855214,-7.407321763643005,-1.4114181563871375,-1.6649347701187498,-0.8646694896456648,0.723212522144805,False,True,B
ev_break_high_20,5,events,True,-1.0,-0.009914717180406,-10.05627882976977,8.619496254292047e-24,-0.0354463136717196,-13.082402019695545,-10.463069735116248,-0.0370999787995605,1.0630712046960192e-22,0.0009990009990009,True,True,,-0.4936314235390333,-0.6328347596076884,-0.7256369836534584,-0.7345987867039757,-0.5385359983256853,0.920656984581052,0.0288107234865621,0.0083518450136271,167.45988420181968,True,False,-16.646468476461212,-0.0861227496188511,True,False,B,-0.03517102907689161,-6.957609355479879,-0.6388532024604396,-0.7826425368852615,-0.500732430008027,0.9134971723043165,False,True,B
ev_break_high_20,20,events,True,-1.0,-0.0184110180621715,-7.21947109547618,5.219015985617299e-13,-0.0342666588443248,-9.947785991020693,-5.491166604434928,-0.0288146316486622,1.8390818235032386e-12,0.0009990009990009,True,True,,-0.2287336966974134,-0.2648584997072524,-0.2889417017138117,-0.3283362701492719,-0.2089826619389442,0.9556826193079078,0.0288603880385738,0.0068240177391469,167.69011725293132,True,False,-12.837899722183517,-0.0888098666330548,True,False,B,-0.03506261524199374,-4.114494564022558,-0.2601098839201454,-0.3579010315069015,-0.22396964129562041,0.9560910747228842,False,True,B
ev_break_low_20,1,events,True,-1.0,-0.0023201731708814,-6.631336252359043,3.326614445083614e-11,-0.0017881913324803,-0.9529280105890566,-2.246149991188532,-0.0025240760582803,9.591018270241068e-11,0.0009990009990009,True,True,,-0.963461586622026,-1.4704150489171068,-1.808384023780494,-1.8346854114874924,-1.2021204011828912,0.6904970196143729,0.000255876720889,0.0136929898301328,218.99405772495757,True,False,-6.46991194778866,-0.0502965947364739,True,False,B,0.005464189353074679,-2.775315403548711,-0.8571073356671504,-1.0687109547564404,-0.347108839254224,0.6977303692421742,False,True,B
ev_break_low_20,5,events,True,-1.0,-0.007082944585312,-6.28526922530045,3.2728600805307577e-10,-0.001074921177008,-0.4242999273929189,-1.2007184966846949,-0.0008388243023661,8.649701641402719e-10,0.0009990009990009,True,True,,-0.4655563640739341,-0.5970871649101033,-0.6847743654675493,-0.7320958804653037,-0.4867960799494198,0.8958470690519481,0.0002567485325445,0.0081092387354425,218.31431005110733,True,False,-6.480772647600347,-0.0605711777393225,True,False,B,0.007024648262157062,-1.0967347105121208,-0.24056569407500666,-0.36891070241681745,-0.11022730958990748,0.8917172715563999,False,False,B
ev_break_low_20,20,events,True,-1.0,-0.0113799311861735,-4.399333390004491,1.0858390430100024e-05,0.0007315534103425,0.2285158761312767,-2.39222874484548,-0.0007154073498631,1.7096189187817058e-05,0.0129870129870129,True,True,,-0.2011723237647952,-0.2361630894673549,-0.2594902666023948,-0.3037186265050061,-0.1787691350900473,0.9536357799977244,0.0002531636329486,0.0107612703247403,214.73684210526315,True,False,-5.049552452577301,-0.0526789421577498,True,False,B,0.010314523004260416,-1.1879588666153256,-0.12055845808805335,-0.19758724742938286,-0.0859583947676846,0.9474254593113872,False,False,B
ev_ma_golden_5_20,1,events,True,-1.0,-0.0007807076552644,-3.231205979083266,0.0012326907292807,-0.0054104636613937,-5.473936399815887,-4.213588236889931,-0.0087795686305869,0.0014872681625018,0.1998001998001998,True,True,,-0.1778441295950438,-0.9319743851597596,-1.4347278888695698,-1.0317871925257638,-0.8193267928425771,1.0,0.0070175095506528,0.002915793830675,110.60661157024794,True,False,-4.49863027700705,-0.0173467818860189,True,False,B,-0.0046770218428602,-1.505366077766205,-0.8645777053587195,-0.973453114414704,-0.1119191418228078,1.0,False,False,B
ev_ma_golden_5_20,5,events,True,-1.0,-0.0028476494901794,-4.4128018316571405,1.0204138970687011e-05,-0.0039862650182267,-2.7636718767209056,-5.865936981711839,-0.0094796000678997,1.629725792440659e-05,0.0129870129870129,True,True,,-0.1432215755127179,-0.292718783348604,-0.3923835885725281,-0.3456204516753306,-0.2330208779429651,0.991197694692248,0.0069813449158731,0.0048616697196462,110.85323383084577,True,False,-4.522813743877236,-0.0212808371047925,True,False,B,-0.006005851652067616,-2.2737308825107436,-0.2586865533452005,-0.33311029319775953,-0.10967571952346453,0.9899161319137284,False,True,B
ev_ma_golden_5_20,20,events,True,-1.0,-0.00568290633002,-4.260741462566236,2.037498201112136e-05,-0.0048491937124508,-3.1109984927883483,-3.464681756053533,-0.0059153758927337,2.995527156601948e-05,0.0199800199800199,True,True,,-0.0736976062291528,-0.1102805653148557,-0.1346692047053243,-0.1407293894942932,-0.0811697124624968,0.9702409417262906,0.0069944996637582,0.0062557852145332,110.86649874055416,True,False,-5.027327628992943,-0.0271080043265906,True,False,B,-0.009783023300934843,-3.8727896018928325,-0.11991667705240197,-0.14281650930220974,-0.08338676757149222,0.9707824868950444,False,True,B
ev_limit_up,1,events,True,-1.0,-0.0097886701490667,-17.121240071909437,1.0305641076461749e-65,-0.0396998723485386,-26.16959066551603,-9.875392677583012,-0.0244119064710493,1.1439261594872543e-63,0.0009990009990009,True,True,,-2.5081834341711944,-3.158621246422189,-3.59224645458952,-3.441792842847483,-2.908463012988722,0.8603674765224802,0.0986545323344332,0.0186513036762817,45.44023083264633,True,False,-20.405795460835822,-0.1429949464004899,True,False,B,-0.03168644478931465,-12.978182596951592,-2.8068472665381106,-3.1007987093157583,-2.151721241837846,0.8665688157410911,False,True,B
ev_limit_up,5,events,True,-1.0,-0.0207300407373479,-14.424612662196216,3.6229809913663503e-47,-0.047330141837992,-23.921688695753343,-13.163244319337132,-0.0327341271166859,2.010754450208324e-45,0.0009990009990009,True,True,,-1.0126830741707251,-1.1565146975288958,-1.2524024464343424,-1.3006180481345455,-1.0268060723807522,0.9512673502524496,0.0987414252975873,0.0124370483739333,45.4656741108354,True,False,-22.24305723772085,-0.1804855780615737,True,False,B,-0.04185917447966909,-12.323673005660945,-1.2620725667347417,-1.426087991143238,-1.1190271804102943,0.9460673698706844,False,True,B
ev_limit_up,20,events,True,-1.0,-0.036956704602706,-12.00889286409713,3.1908823626830455e-33,-0.0509552988757972,-17.154350298893014,-10.127686169495307,-0.0358948876254896,8.85469855644545e-32,0.0009990009990009,True,True,,-0.4635869729207645,-0.5002753123783544,-0.5247342053500809,-0.5692078073826651,-0.4302925494098769,0.9705909909415285,0.0989874734175102,0.0079063862243158,45.60050251256281,True,False,-16.180530074438085,-0.189654599187364,True,False,B,-0.04886064353347998,-9.687070128606251,-0.5615403029154357,-0.6563462786077178,-0.5248808286333513,0.9698273619599052,False,True,B
ev_limit_down,1,events,True,-1.0,-0.0116897982020881,-8.852626572802302,8.548330251123286e-19,-0.0159987175546463,-11.709404707479631,-5.926290865683788,-0.0167137308303146,5.75069489621021e-18,0.0009990009990009,True,True,,-6.086319640512978,-6.626184722026757,-6.986094776369275,-7.918942154788381,-5.452973529903951,0.773403656316389,0.0015103954511037,0.1236329266744308,19.62410714285714,True,False,-13.07754661980018,-0.1781979462737074,True,False,B,-0.009720609558053294,-4.047638265942158,-2.741401696829551,-3.3044036629539884,-2.1608760286732145,0.8413334641375604,False,True,B
ev_limit_down,5,events,True,-1.0,-0.0248499638336388,-8.535077136842702,1.4006195169771473e-17,-0.017914879023213,-13.17004111306572,-4.792950503057788,-0.0197065009065134,8.403717101862883e-17,0.0009990009990009,True,True,,-1.577210566094787,-1.7126930375454106,-1.8030146851791595,-2.00805530578556,-1.447957250485556,0.97071876590504,0.0015158090548711,0.0273047433011048,19.66935483870968,True,False,-13.107393723482891,-0.1882988723479549,True,False,B,-0.013176279020061708,-5.044338972671594,-1.033569473777482,-1.2584059096870446,-0.8981007962451928,0.9820646382596371,False,True,B
ev_limit_down,20,events,True,-1.0,-0.0409475069566915,-6.97062309916797,3.155402824873111e-12,-0.0191266745901124,-11.088324210963016,-3.4086190668688285,-0.0156732631140994,9.466208474619332e-12,0.0009990009990009,True,True,,-0.6349986664042158,-0.6695203746385067,-0.6925348467947008,-0.7859870758107727,-0.5689611094480751,0.9904156306134256,0.0014456338816949,0.0143104602477439,19.83106267029973,True,False,-9.636819025555772,-0.1773070411075809,True,False,B,-0.013438211125148578,-4.959563468027923,-0.4705168105915568,-0.5944141857037082,-0.4364199086335196,0.9878893903513037,False,True,B
