signal,category,event,h,split,direction,ic_mean,ic_t,ic_p,days,ic_ir,ic_pos,stat_mean,stat_t,stat_p,d1,d2,d3,d4,d5,d6,d7,d8,d9,d10,top_bottom,top_bottom_t,mono,placebo_t,ic_t300_mean,ic_t300_tstat,ic_t500_mean,ic_t500_tstat,ic_t1000_mean,ic_t1000_tstat,ic_tsmall_mean,ic_tsmall_tstat,ann_gross,ann_net,ann_stress,ci_lo,ci_hi,turnover,blocked,delayed,n_hold,hold_frac,spread_mean,spread_t,spread_p,ev_days,ev_per_day
bias_5,trend,False,1,discovery,-1.0,-0.04351152306362489,-11.360354869651195,6.587649353639947e-30,1456,-0.30657528534192663,0.33791208791208793,-0.04351152306362489,-11.360354869651195,6.587649353639947e-30,0.0010640724194252579,0.0009697415235193178,0.0009594107745412687,0.0010003064320846613,0.0009747479451302102,0.0009761122887277032,0.0009561007910967199,0.0009180614996335652,0.0008721065721703423,0.0003549272196012182,-0.0007091452108587684,-2.1110183750985696,-0.8060606060606059,0.8918015701606151,-0.03285373888326461,-6.928098961942786,-0.04799975894913017,-12.07017834376017,-0.03997154813338002,-6.433417590270348,-0.047680150252375285,-13.097006753203443,0.06252772549518025,-0.3236291738302261,-0.5810671067138303,-0.38429101965660345,-0.24276847378157176,0.5107895493722305,0.0006689900891525303,0.008141728905784375,224.67376373626374,1.0,,,,,
bias_5,trend,False,1,validation,-1.0,-0.03330643810640495,-8.866150677811177,7.571799623061165e-19,1213,-0.24843674260531773,0.3907666941467436,-0.03330643810640495,-8.866150677811177,7.571799623061165e-19,0.0002325347869076676,0.0005703658902256778,0.0005529322800860315,0.000570386172293433,0.0005708202588622769,0.0005742264963340633,0.0005589246509513401,0.0004136532689847088,0.00016636313142749496,-0.0015530464674657833,-0.00178558126591065,-5.625933485332563,-0.38181818181818183,-0.30449716496420104,-0.02549699200130836,-5.5024474589192875,-0.02947635417088403,-6.72858364610231,-0.03128049991009048,-7.94318541885153,-0.03834306280982722,-10.481031241077837,-0.04099424773828464,-0.4086764462490502,-0.6537979119228938,-0.4851164290560254,-0.34638133694078665,0.48635211443222953,0.00061544687091776,0.0050218389269735385,355.0445177246496,1.0,,,,,
bias_5,trend,False,5,discovery,-1.0,-0.057733400159964386,-10.644257335991037,1.8545722492401508e-26,1452,-0.4229520892051689,0.30578512396694213,-0.057733400159964386,-10.644257335991037,1.8545722492401508e-26,0.005733211648198361,0.0061134218868854565,0.0058120677230596085,0.005878814130694167,0.005824811511613542,0.005373873572771168,0.004933530873999371,0.0036678154973439955,0.002082248493754062,-0.0015909274008660981,-0.007324139076259729,-7.258172181083877,-0.8424242424242423,0.8547624084642604,-0.04766220855974609,-7.0277944542434145,-0.058616460134243806,-10.121181613302452,-0.04706387941709635,-5.931087490163825,-0.06566730922665404,-13.03722651410887,0.07356832558675293,-0.06061679373999226,-0.15007353995782238,-0.09732050723374844,-0.019063916956298537,0.8874677204149813,0.0006708330370565317,0.01714113278243275,224.53856749311294,1.0,,,,,
bias_5,trend,False,5,validation,-1.0,-0.02502962689936136,-4.62056344826588,3.826992821181804e-06,1209,-0.20288374727744055,0.42762613730355664,-0.02502962689936136,-4.62056344826588,3.826992821181804e-06,0.0001648791182881891,0.0020748826598529888,0.002486385829094282,0.0025882716199026237,0.002550553427844977,0.002479432739690459,0.002396890106482707,0.00199575492139172,0.0010876316613067374,-0.004474883622324936,-0.004639762753006024,-4.66614836477285,-0.34545454545454546,-1.7783110936524549,-0.019559889869468643,-2.816732968109795,-0.01469069750149229,-2.2597647487064676,-0.02264203305269831,-4.003694841311064,-0.031631108074613855,-6.106224183602256,-0.059929328897534204,-0.19046764476792338,-0.27749318868151607,-0.23502634109338144,-0.14229744224166857,0.8633486499364362,0.0006174830888529717,0.005210375390766609,354.8089330024814,1.0,,,,,
bias_5,trend,False,20,discovery,-1.0,-0.02441916048816545,-3.785911175702132,0.00015314637541367644,1437,-0.18682456334411493,0.4474599860821155,-0.02441916048816545,-3.785911175702132,0.00015314637541367644,0.015195335131356487,0.019145213734472213,0.020260086904813752,0.020789561966772875,0.021214443681204943,0.020935811181911897,0.020981799232293766,0.019229778060462124,0.015884709912653998,0.007030538949142398,-0.00816479618123181,-3.4680395404609476,-0.10303030303030303,-0.5330446359341391,-0.013352233089482161,-1.6663011384117143,-0.0273964741326069,-3.9922823804002645,-0.03002260294055103,-2.8581061848139897,-0.03360003263185081,-5.9383704432831,-0.03098840338443627,-0.06453245513164388,-0.08689515629644895,-0.089602258248792,-0.04124469511080487,0.8874087763811535,0.0006752957096718713,0.035783892142260416,224.01809324982602,1.0,,,,,
bias_5,trend,False,20,validation,-1.0,-0.017868317363234694,-3.4903581565903417,0.0004823736034311056,1194,-0.15581563273404145,0.44137353433835846,-0.017868317363234694,-3.4903581565903417,0.0004823736034311056,0.00043008213545133063,0.005937401442903348,0.007516296751395998,0.007958297156910642,0.00860948333198086,0.008965649386660498,0.008964327419553183,0.00777685404988932,0.005340846736140624,-0.006126815776177935,-0.006556897926287822,-3.3689855401872904,-0.01818181818181818,-0.09848499093939675,-0.006633260332422335,-1.0417680840009311,-0.004072405077506113,-0.6550969758682849,-0.016768615325074912,-3.1440530470418473,-0.02785765430319891,-5.5546649906552465,-0.06381224709981673,-0.09678355784993098,-0.1187644316833405,-0.12521277437344291,-0.06782079985005067,0.8722568981511709,0.0006213221822629747,0.007175357635382569,353.90536013400333,1.0,,,,,
bias_10,trend,False,1,discovery,-1.0,-0.05502930614814402,-13.519169165409084,1.2052932027907602e-41,1456,-0.35641659174944595,0.33791208791208793,-0.05502930614814402,-13.519169165409084,1.2052932027907602e-41,0.0014462466557977984,0.001113008820945132,0.000996670686528692,0.0010062085105951941,0.0011182780584994307,0.001038249194294849,0.0009565750900688417,0.0009765158066026023,0.0007840969020406561,-0.00027767241433443966,-0.0017239190712923748,-4.816435882295163,-0.8424242424242423,1.0251713104999949,-0.042916976000415386,-8.643585872050016,-0.05679821914116594,-13.273611289526274,-0.04987427955091486,-7.866847340148448,-0.06139136724584035,-16.211241194394482,0.16372146559374504,-0.10646684283447573,-0.28659238178662294,-0.1573923904994233,-0.03704084892416022,0.35739194236537136,0.0009689828752575872,0.007828030095449752,220.00206043956044,1.0,,,,,
bias_10,trend,False,1,validation,-1.0,-0.03732449165046944,-9.579778651007947,9.725313905957233e-22,1213,-0.2668712087842597,0.39159109645507006,-0.03732449165046944,-9.579778651007947,9.725313905957233e-22,0.0003219040699759934,0.0005127333111610478,0.0005808120287623952,0.000507082343544822,0.0006512121656445291,0.0006228274484527791,0.0006283343536479368,0.00040963347600539164,0.00020442389131595937,-0.001681985028215734,-0.002003889101009811,-5.98092367686502,-0.309090909090909,-0.271142730465175,-0.024697779883718483,-5.362711653846767,-0.029701331411746523,-6.658634187116957,-0.03483807466463664,-8.547182922929867,-0.043954973382061856,-11.589023910472898,-0.012049899971685232,-0.2622718626498523,-0.42908650443529706,-0.3257878812069763,-0.20139034215072685,0.3309814321139777,0.0006463033604371896,0.004692212696726951,354.0131904369332,1.0,,,,,
bias_10,trend,False,5,discovery,-1.0,-0.060279949214285804,-9.018024030414551,1.915123232720954e-19,1452,-0.40479876667357717,0.3216253443526171,-0.060279949214285804,-9.018024030414551,1.915123232720954e-19,0.005549283189548102,0.005654571635684577,0.005855428977006899,0.005812060845001542,0.006051084320668416,0.005745640286274337,0.005339924374972973,0.004055254314944726,0.0023419274764508737,-0.0018874128525942556,-0.007436696023628316,-6.170591384565144,-0.6606060606060605,0.3368561459271364,-0.04783226954375093,-5.921108508567474,-0.06129761500728731,-8.637906589729926,-0.055082144479812176,-5.401904977716415,-0.07158937833256376,-11.532369801078246,0.06287728867173278,-0.055085355659584535,-0.13372711854712943,-0.09761055109452679,-0.001958039996284306,0.7801762191224689,0.0009716522495695916,0.016458809569788475,219.86363636363637,1.0,,,,,
bias_10,trend,False,5,validation,-1.0,-0.030530233043058776,-4.790136502852445,1.6666789262070626e-06,1209,-0.23579044598179819,0.4119106699751861,-0.030530233043058776,-4.790136502852445,1.6666789262070626e-06,0.00014632534974878535,0.0018406358280127807,0.0023740974829105014,0.002432163057938017,0.0027836274860068197,0.002788853512190706,0.002684949983505663,0.0022449545910979535,0.0012175628578681367,-0.004835896372958294,-0.00498222170859449,-4.3384932170823065,-0.10303030303030303,-2.070602858505895,-0.014087613674223707,-1.7383343970074627,-0.014919114240573841,-2.0365643621471565,-0.026789630061250243,-4.04238894078843,-0.04169507370953586,-6.862253461766482,-0.06055017824009682,-0.17353407446257818,-0.2488566719442324,-0.21777005908012423,-0.12558513915829495,0.747247990889427,0.0006484416676677511,0.004947796649229463,353.7750206782465,1.0,,,,,
bias_10,trend,False,20,discovery,-1.0,-0.03608881499913797,-3.761027443674325,0.0001692168610971323,1437,-0.2533754450597031,0.40640222686151706,-0.03608881499913797,-3.761027443674325,0.0001692168610971323,0.01640316300737794,0.019530846619365563,0.02094536277861938,0.021266180637599236,0.022116381592002334,0.02148176157351307,0.021046563481079448,0.018940645233735606,0.014853772368355582,0.005159397772438393,-0.011243765249810451,-3.139480276572778,-0.32121212121212117,-0.7311079506458463,-0.02034193102356785,-1.7153390972436915,-0.03734018900489212,-3.74065828453367,-0.04962252980573649,-3.1412935673195834,-0.050211034648190746,-5.943530851359049,-0.016377093667480972,-0.05019754330149243,-0.07274450972416674,-0.08607660563876487,-0.015325187916562288,0.8947208897886628,0.0009766872596350825,0.035023542575858324,219.3187195546277,1.0,,,,,
bias_10,trend,False,20,validation,-1.0,-0.029803507012051894,-3.9289434607777225,8.531989476091671e-05,1194,-0.2465213109186553,0.4154103852596315,-0.029803507012051894,-3.9289434607777225,8.531989476091671e-05,0.0020026983728677326,0.006491263730330467,0.007743960410841391,0.008132972076728372,0.009114153984906255,0.0091971342199686,0.008773214993127975,0.007605100565565005,0.0043240360899829255,-0.007477307821138625,-0.009480006154119607,-3.2868793513368137,-0.10303030303030303,0.014714213261402641,-0.009006101096269693,-0.9630949830755882,-0.010119968375549016,-1.1206566369141777,-0.02923086292294269,-3.689164670498916,-0.04344908231868243,-5.974869253054968,-0.043916679371215475,-0.07712891485424844,-0.09927040517627045,-0.10909159372965553,-0.0450390853397458,0.8786305683342057,0.000650721985902918,0.0074941806927700865,352.8601340033501,1.0,,,,,
bias_20,trend,False,1,discovery,-1.0,-0.05090276349149839,-11.741804629643187,7.780821770457414e-32,1456,-0.3113163911485675,0.3550824175824176,-0.05090276349149839,-11.741804629643187,7.780821770457414e-32,0.0013883747737033125,0.0009618906018879705,0.001009410765013223,0.0011515633786934863,0.0011186357627316333,0.0011056515177650219,0.0010687159347683589,0.001106621894247486,0.0008723292804863656,-0.0005119450930306401,-0.0019003198743391026,-5.1162836660466695,-0.5272727272727272,0.31575810088953377,-0.03607911053730497,-7.057721185390648,-0.05222381375534786,-11.491399274021914,-0.05015827006416307,-7.4383335932407535,-0.05789560481915052,-14.399250246802477,0.14798885564005979,-0.04208332925625172,-0.16879811918712606,-0.11503111862511606,0.05215874750688022,0.25141823398983004,0.0022340023648352004,0.007100786273220585,221.43956043956044,1.0,,,,,
bias_20,trend,False,1,validation,-1.0,-0.037785166009768674,-9.301443853508003,1.3855122403023498e-20,1213,-0.2571095997726353,0.403957131079967,-0.037785166009768674,-9.301443853508003,1.3855122403023498e-20,0.00019931752587944184,0.0003471286967309011,0.0004888133488488104,0.0005947713069034892,0.0006627847688764051,0.0006606287038746466,0.0006719837818403789,0.0005344937083307468,0.00015580944675509017,-0.001677005835942156,-0.0018763233657654909,-5.385195733896548,-0.11515151515151514,-0.5937733215650216,-0.019803468195341407,-4.064344396957603,-0.026997407462616148,-5.825944679507113,-0.03421368568453106,-8.07926381263019,-0.04724210227417079,-12.071769456525368,-0.036143301771868044,-0.20976040513761476,-0.32550514071477926,-0.2769528025297098,-0.1513484575093599,0.22965225312929455,0.0007047515914538185,0.004245505377616478,354.00412201154165,1.0,,,,,
bias_20,trend,False,5,discovery,-1.0,-0.06137962512317249,-7.96295790610152,1.6797461706008351e-15,1452,-0.3805355406404207,0.35399449035812675,-0.06137962512317249,-7.96295790610152,1.6797461706008351e-15,0.0059395137242832545,0.0054703502217833214,0.005742826890062474,0.00602454947733858,0.005853226912218695,0.005647880927246345,0.004942294167754335,0.004316323160509932,0.0025795278196216985,-0.0018372419460467913,-0.007776755630648015,-5.568574700161977,-0.8060606060606059,0.1736869087309549,-0.04332678056025468,-4.7162847920394775,-0.06170623417947404,-7.66812383493736,-0.06437736314206698,-5.386524330387716,-0.07479706308075253,-10.446948411677983,0.08345623619428476,-0.00371643308159609,-0.061831545932183304,-0.0665529820033472,0.06786518169834811,0.5765388179621749,0.00224015664132235,0.01585376598713817,221.30785123966942,1.0,,,,,
bias_20,trend,False,5,validation,-1.0,-0.04126975644579886,-5.825955107630023,5.678688070018289e-09,1209,-0.30187653775583373,0.3854425144747725,-0.04126975644579886,-5.825955107630023,5.678688070018289e-09,0.0004042266723606947,0.0016550964407156864,0.0022182523906698177,0.002612387118071978,0.0028770022995036146,0.0027933820399751916,0.002827279738364898,0.0021603452957716933,0.0006863561440629576,-0.004903409769675532,-0.005307636412270398,-4.0226488689453745,-0.10303030303030303,-1.7585567770812287,-0.01442655862332365,-1.600311737890444,-0.021472405600228162,-2.6195602627984433,-0.03684414600362428,-5.068061549271069,-0.05713818913569499,-8.433532816343892,-0.04630520799262912,-0.12758098766794243,-0.181764840784818,-0.1853870189244302,-0.07013725845357469,0.5375382253658288,0.0007070832757927891,0.004610823968277491,353.76509511993385,1.0,,,,,
bias_20,trend,False,20,discovery,-1.0,-0.05622344565443126,-4.09100035757577,4.295164692594637e-05,1437,-0.3499698642045648,0.3938761308281141,-0.05622344565443126,-4.09100035757577,4.295164692594637e-05,0.019549201384461316,0.020887694499248932,0.021591622538180446,0.022248306548533058,0.021796208505748243,0.021478393430908665,0.020158669497562485,0.01788172454282034,0.013049329027364052,0.0027039539781424184,-0.016845247358690998,-3.204247897624984,-0.5878787878787878,-0.2040116740572426,-0.03527644677311057,-2.08809886168512,-0.0540909826277832,-4.001432310005164,-0.07674578630404015,-3.438980379597341,-0.07183058734006152,-6.100662266086501,0.020783003749082863,-0.01330407137288232,-0.03602878812085912,-0.07163587633395582,0.046422445336045885,0.9017744741260633,0.0022609629363687443,0.03436328943788995,220.79540709812107,1.0,,,,,
bias_20,trend,False,20,validation,-1.0,-0.0479835675041598,-4.516723983464327,6.280368185090829e-06,1194,-0.37271940678026944,0.3710217755443886,-0.0479835675041598,-4.516723983464327,6.280368185090829e-06,0.0040301881335241645,0.006862573887003992,0.008012156868531668,0.009046769203126328,0.009352437557352877,0.009474377014893476,0.008910905700129087,0.006382861283822014,0.00256810636690006,-0.008885879335358554,-0.012916067468998501,-3.1056039436520906,-0.309090909090909,-0.27030808180205207,-0.019711767160172818,-1.5316046042203808,-0.021036301933307848,-1.6858426260744623,-0.04626485903317367,-4.212736407311811,-0.06494634343379856,-6.453136527498929,-0.019186538007097485,-0.0526729747235534,-0.07499726586785735,-0.09655736580534124,-0.013299923325192331,0.8858845692184103,0.000714004824251573,0.0073530674715864925,352.8500837520938,1.0,,,,,
bias_60,trend,False,1,discovery,-1.0,-0.046824492622053494,-9.76177515467193,1.6425457865236087e-22,1456,-0.28091558604211375,0.3798076923076923,-0.046824492622053494,-9.76177515467193,1.6425457865236087e-22,0.0015661946002315384,0.0012308767327502729,0.0011209464030719329,0.0010917067125508235,0.0010558463053310053,0.0010083497902042427,0.000954883799226218,0.0008277275336992646,0.0006828598637220373,-0.0004588339975342918,-0.0020250286054231386,-4.9778101325727375,-0.9999999999999999,1.0110078103990672,-0.031225290066671293,-5.4358781264174425,-0.04684002188841387,-9.424518747511893,-0.0476302692877825,-6.504331691693276,-0.05444842031225802,-12.359628957156964,0.18461043476649872,0.0695331091720305,-0.007185107890948255,-0.01722059160105259,0.16525183745814448,0.15221868464876745,0.0029809158106697824,0.006645010214504929,216.66758241758242,1.0,,,,,
bias_60,trend,False,1,validation,-1.0,-0.038333451564120276,-8.324316428477438,8.481675917471054e-17,1213,-0.24265458892694033,0.40065952184666115,-0.038333451564120276,-8.324316428477438,8.481675917471054e-17,0.0005459513874903533,0.0005085530931018411,0.0004309199023603421,0.0005164051916463242,0.0005052594550456405,0.0005366002698360848,0.0005394154414639239,0.0004574529160447086,1.0826899607801928e-06,-0.001438190510532619,-0.0019841418902064164,-4.749702812844906,-0.5757575757575757,-0.6461854602709303,-0.016092147566712102,-2.770776535606003,-0.025316833262143436,-4.763749727401925,-0.03275643942323838,-6.8991620815509735,-0.048870754104490745,-11.502951965638236,0.061662360253820936,-0.0405478915197277,-0.10868805936876014,-0.12767335500165577,0.03272075364666334,0.1351987457322072,0.000849054800384883,0.0038449097666981564,353.6199505358615,1.0,,,,,
bias_60,trend,False,5,discovery,-1.0,-0.07040544951193446,-7.732062861732133,1.0581766533713591e-14,1452,-0.39481843185887155,0.3512396694214876,-0.07040544951193446,-7.732062861732133,1.0581766533713591e-14,0.007064156453866003,0.006247911302791892,0.006022807992091158,0.005751205750023714,0.005302952990717109,0.0048417660048524205,0.004580150038924824,0.003512888707040319,0.002430565424525492,-0.0016224211194689902,-0.008686577568334027,-5.255799558094201,-0.9999999999999999,0.7814252689572581,-0.046725500369259765,-4.250635090071741,-0.06711253873874323,-7.238831909334025,-0.07588367229024029,-5.2964718027761535,-0.08500932611829587,-10.164639451217413,0.1385804115309876,0.08597543659731702,0.05090545330820332,0.0016327980052979758,0.1686641664060151,0.3479165008840646,0.0029891276999553743,0.015168236226379646,216.52685950413223,1.0,,,,,
bias_60,trend,False,5,validation,-1.0,-0.055786622486938955,-6.568646407686725,5.077469415764991e-11,1209,-0.3581114077857193,0.35814722911497104,-0.055786622486938955,-6.568646407686725,5.077469415764991e-11,0.002184598166740542,0.002515067202325287,0.002144468756218294,0.002312163069783258,0.0022527531845177536,0.0024240193403957007,0.0022012409545568157,0.0017149283505131225,8.558413291466784e-05,-0.004509264153885552,-0.006693862375756687,-3.9932198583460274,-0.6121212121212121,-1.0272956416005856,-0.02444410520758171,-2.2855859858218577,-0.03326924175556104,-3.4292096283457942,-0.0483948600637735,-5.635147469480429,-0.07199981031038878,-9.076168250571238,0.043657873453860296,-0.003467728050243115,-0.03488479571964541,-0.0773626674975559,0.07110076145054625,0.3116772586250226,0.0008499313683562579,0.004545815172508926,353.3771712158809,1.0,,,,,
bias_60,trend,False,20,discovery,-1.0,-0.08051551798356008,-4.5435922096871515,5.530359678501701e-06,1437,-0.43646925267725306,0.34237995824634654,-0.08051551798356008,-4.5435922096871515,5.530359678501701e-06,0.02346543897006227,0.02288503228543884,0.021839377836637704,0.02135294696877177,0.02061049318913601,0.01994730818696629,0.018207817986205244,0.015651362649612973,0.011978473147457291,0.0031173190013029164,-0.020348120011874037,-3.2025537472921255,-0.9999999999999999,0.7854694499838509,-0.0484416200887733,-2.2562402768861376,-0.07495442012929826,-4.368106960994643,-0.09120094514479793,-3.44682228937865,-0.09867751148865746,-6.160792242651893,0.0690952077157914,0.04347880313304158,0.026401200077875032,-0.028816120812700286,0.10735788512955151,0.6776826609193076,0.003020329450476829,0.03265597589058632,216.00278357689632,1.0,,,,,
bias_60,trend,False,20,validation,-1.0,-0.0675513521027626,-4.291975462182031,1.7709052249874857e-05,1194,-0.4392980669559454,0.3442211055276382,-0.0675513521027626,-4.291975462182031,1.7709052249874857e-05,0.007373965924328436,0.00845114381158439,0.00808137835890682,0.008596102656229416,0.008809101530708205,0.008597069186321986,0.0077566247584112185,0.00563587509274917,0.0013946004678892347,-0.0088007109595479,-0.016174676852071444,-2.6251196527238014,-0.5272727272727272,-0.04211439376509379,-0.03823883338733426,-2.1228990495811195,-0.03740456534562366,-2.1378718745315153,-0.059439403021738745,-3.7615470698879627,-0.08388974810975412,-5.805145090290992,0.022648574797129176,-0.0013550358516172855,-0.017357442950781597,-0.0647866371529144,0.05868716314313668,0.6350161547287425,0.0008586520735498898,0.007230300643485994,352.4530988274707,1.0,,,,,
bias_120,trend,False,1,discovery,-1.0,-0.041309158534354386,-8.932689963784911,4.157736187783115e-19,1456,-0.2597016506327162,0.38255494505494503,-0.041309158534354386,-8.932689963784911,4.157736187783115e-19,0.0015437387762000361,0.0012725190452380338,0.0012238539679775126,0.0011103695272135616,0.000977585305445945,0.000955234491632107,0.00092285581506418,0.0007728446901401534,0.00043614373457797896,-0.0003053066306087963,-0.0018490453984153707,-4.7143035127886055,-0.9999999999999999,0.9867768365500573,-0.022978955807010416,-4.0593219303236,-0.04079633491856329,-8.477226407374891,-0.043885993612402356,-6.426940472061682,-0.05029266816499065,-11.76792580759471,0.16988869463280198,0.0840936016094226,0.026896872927169684,-0.007822934360736536,0.17904302470435582,0.11348557278224788,0.002746079600950867,0.005882154336707042,210.49107142857142,1.0,,,,,
bias_120,trend,False,1,validation,-1.0,-0.03349819888474238,-7.210414229723339,5.578192391933676e-13,1213,-0.21427969735738858,0.40725474031327286,-0.03349819888474238,-7.210414229723339,5.578192391933676e-13,0.0006313372485339749,0.0006081028945971566,0.0004837746010866589,0.0004205554437230048,0.000451815557754799,0.00045869475875027707,0.0003953468827903042,0.0002850652535828729,-8.79951730212082e-05,-0.0010500889488045942,-0.0016814262038954784,-3.8614917918269813,-0.9515151515151514,-0.4563023026192997,-0.007540351343048934,-1.257177734389153,-0.01895076953185817,-3.4312883364594535,-0.026293815746598885,-5.4098168680726735,-0.04501484525642378,-10.616427984894006,0.08360399208391614,0.0091433328532615,-0.04049710663384158,-0.08230524876236876,0.0935364898828624,0.0984929354902839,0.001039721285548101,0.0036466584106337554,351.59356966199505,1.0,,,,,
bias_120,trend,False,5,discovery,-1.0,-0.06651825228284959,-7.329291912492652,2.3137192388892115e-13,1452,-0.3773427066777992,0.3443526170798898,-0.06651825228284959,-7.329291912492652,2.3137192388892115e-13,0.007282827319435826,0.006285984688264393,0.0058816835056077705,0.00580838929280449,0.00521841133167393,0.00456600443488194,0.004244118309421423,0.003342096984110479,0.0018631503482611051,-0.0011611979769136532,-0.008444025272128232,-5.072530394631642,-0.9999999999999999,0.4990837375401684,-0.03443029469758272,-3.1038885675590806,-0.06358316787881156,-6.849588780159384,-0.07624050550920139,-5.512942900162075,-0.08315683167360771,-10.001874028019959,0.1472022466858723,0.10776152455362595,0.08146770979879503,0.015513904316022458,0.19723143816120142,0.2608513368534812,0.0027536445585292437,0.014001081088627111,210.3546831955923,1.0,,,,,
bias_120,trend,False,5,validation,-1.0,-0.051780393298324796,-5.889780132694289,3.867097668417437e-09,1209,-0.3246741495385726,0.3763440860215054,-0.051780393298324796,-5.889780132694289,3.867097668417437e-09,0.0026900903225692573,0.0027067109628011337,0.0021654588108994816,0.0020494004523554034,0.0020218455462110226,0.0019300007367270542,0.0017794668130096168,0.001334363603570138,0.00019308059490882935,-0.003565801690056451,-0.006255891961301696,-3.4939773816553372,-0.9878787878787878,-0.8542723133685407,-0.013762450221897038,-1.2367446105475446,-0.027167991227589738,-2.6304117342831073,-0.04195230459993531,-4.585344516204564,-0.0694834728695898,-8.598306741859206,0.06961725297501345,0.03556384583283338,0.012861574404713328,-0.043403638663724445,0.11819077719748454,0.22522094670754014,0.001041228677291728,0.004794888556384111,351.3440860215054,1.0,,,,,
bias_120,trend,False,20,discovery,-1.0,-0.08107361734237796,-4.395333965633418,1.106025764567543e-05,1437,-0.43780515320817387,0.32846207376478775,-0.08107361734237796,-4.395333965633418,1.106025764567543e-05,0.02404487771627733,0.022064125800151914,0.021554260943963767,0.021235861571851145,0.02047811788028027,0.019081601095576026,0.01734224345042836,0.015317335076956476,0.011635781049050681,0.00331571633390164,-0.020729161416411804,-3.0708758311982103,-0.9999999999999999,0.8503713921048353,-0.02966362865051515,-1.3453297100260684,-0.07630233323324291,-4.2379391843185,-0.09990945653805998,-3.5650839216755643,-0.10410819200277144,-6.059892384060656,0.07536219691855706,0.056165189766423776,0.04336718499833489,-0.02686516891732389,0.13278941014259152,0.5078573320670184,0.002782388238680906,0.030980279245630953,209.85386221294362,1.0,,,,,
bias_120,trend,False,20,validation,-1.0,-0.06581261689551937,-3.9660505003823987,7.307338642497117e-05,1194,-0.41086430177127553,0.347571189279732,-0.06581261689551937,-3.9660505003823987,7.307338642497117e-05,0.008747493579749807,0.008746452139407963,0.007767130130339064,0.007861645752945238,0.007949172756761647,0.007479673860837601,0.006864108858990739,0.005240530633743754,0.0024897680066279407,-0.007149593602924239,-0.01589708728491527,-2.388323231182617,-0.9515151515151514,-0.39855146414620474,-0.022325375066612654,-1.1511384748838316,-0.02818404106509108,-1.4389445190953933,-0.053793254671414326,-3.1125255642086187,-0.08746436387259542,-5.93454918571708,0.04036355505855343,0.02304570534081119,0.011500472195649706,-0.04375781525841026,0.08602982774940492,0.45814417242704325,0.001052352615009675,0.007639345952030427,350.39447236180905,1.0,,,,,
bias_250,trend,False,1,discovery,-1.0,-0.03015716447138262,-6.836862741619588,8.094622823261979e-12,1456,-0.19624256496398682,0.39766483516483514,-0.03015716447138262,-6.836862741619588,8.094622823261979e-12,0.0012619748611455378,0.0011188246096040344,0.0011460505726937945,0.0010335799905485876,0.001014904061607522,0.0009983394439626824,0.0008560584640151574,0.0008247757178931696,0.0005592600925065998,-4.3659036176340234e-05,-0.0013056338908966978,-3.5443360553308154,-0.9878787878787878,0.4528112297542265,-0.010848278017662309,-1.9823042140106972,-0.029039780282787333,-6.365139708259678,-0.037182381481728935,-5.983063970548679,-0.042222034444601195,-10.332283613865195,0.09313805162274437,0.032553105323951684,-0.00783685887524342,-0.04991600131579988,0.1080603964773316,0.08013881785554586,0.0026440199702507357,0.005579222108500979,200.44848901098902,1.0,,,,,
bias_250,trend,False,1,validation,-1.0,-0.025528891226596347,-5.507540044243984,3.6388265468984113e-08,1213,-0.16724895526001748,0.42786479802143446,-0.025528891226596347,-5.507540044243984,3.6388265468984113e-08,0.0005567819851819656,0.0005780251770173196,0.0004994936868457003,0.0004476019150859928,0.00040763979856117986,0.00033573413540853,0.00030321101464360616,0.00014997719050980273,-8.051748590792485e-06,-0.000609369703444395,-0.0011661516982232917,-2.654010606990928,-0.9878787878787878,-0.7470410489531462,0.0021945762865303695,0.36182200858521024,-0.008986808215975278,-1.5754086495297288,-0.016884642867858984,-3.4613457799685055,-0.0395381589780955,-9.562074835820466,0.06761164755723595,0.015398330402755366,-0.019410547700231675,-0.07498633289077258,0.10237223798878352,0.0690652343313235,0.0013248187196897826,0.0035432093789814823,343.66199505358617,1.0,,,,,
bias_250,trend,False,5,discovery,-1.0,-0.046574794216658444,-5.301923409232451,1.145889181780144e-07,1452,-0.27167029797807835,0.390495867768595,-0.046574794216658444,-5.301923409232451,1.145889181780144e-07,0.006007207815261707,0.005542329124901365,0.0055047339539131285,0.00532272772661424,0.004984662266728636,0.004722064505886301,0.004111957607210664,0.003808032057136952,0.0026523723461014267,0.00013928924314326758,-0.005867918600786392,-3.7919974178850047,-0.9999999999999999,0.19059777823656213,-0.012731722127234104,-1.163011868390408,-0.04373146374908139,-4.890054537216474,-0.06437746851349314,-5.105038137810278,-0.06938110215083254,-8.660217059096636,0.08056538486588662,0.052409791246274,0.03363939549986557,-0.0292793028614314,0.12895413898812397,0.1862142435159565,0.002651303771821674,0.012903775393477956,200.31542699724517,1.0,,,,,
bias_250,trend,False,5,validation,-1.0,-0.039676202650382617,-4.403748152862447,1.0639645212033021e-05,1209,-0.2473937484004425,0.4003308519437552,-0.039676202650382617,-4.403748152862447,1.0639645212033021e-05,0.0024843382199067473,0.0024202107167678537,0.0021785679134262866,0.002038946949383452,0.0018558362131771563,0.0015847467136823736,0.0015337728397277193,0.0011617811170916595,0.0004763798209573722,-0.002080507893087117,-0.0045648461568933455,-2.4742777007560925,-0.9999999999999999,-1.3924841452129104,0.0021973115558034263,0.1889393170032278,-0.011824308023481831,-1.0776592689943492,-0.02714035934438581,-2.879942532852426,-0.06251563867602936,-7.728256166737459,0.0598060320103239,0.0359206951828316,0.01999713729783672,-0.04187566133960844,0.1193486087174691,0.1579718044146316,0.0013272693618358636,0.004883914933839583,343.38626964433416,1.0,,,,,
bias_250,trend,False,20,discovery,-1.0,-0.05399978401867035,-2.906254539432182,0.003657837607991472,1437,-0.29424578206139423,0.3792623521224774,-0.05399978401867035,-2.906254539432182,0.003657837607991472,0.01944739059225656,0.020047533966046943,0.019952870960062676,0.02029101576631759,0.020094845393604455,0.019506378827051626,0.018051283828023713,0.01684896318910785,0.013992878943224957,0.007044312723913448,-0.012403077875210845,-1.9573355028393824,-0.7212121212121211,0.5007208554045215,0.0014617727562102536,0.06335756992134951,-0.049983706556866264,-2.729326321245927,-0.08492888473984876,-3.160903471589027,-0.08826677545189528,-5.103848540794264,0.01494534236736553,0.0012238160207220887,-0.007923868210373521,-0.07470007304251068,0.06938675102040093,0.36300334250379457,0.002670628445776453,0.02880926740147749,199.8204592901879,1.0,,,,,
bias_250,trend,False,20,validation,-1.0,-0.050738465878059476,-2.870466365985057,0.00409866797850507,1194,-0.30040110652686003,0.37018425460636517,-0.050738465878059476,-2.870466365985057,0.00409866797850507,0.007034851451900864,0.007704445185888504,0.007420089259134728,0.008048819219755638,0.007756155904699246,0.006973496826153251,0.00690957198501841,0.005892792008855709,0.003037640287154289,-0.0033020846291171805,-0.010336936153241369,-1.4019396878455435,-0.7818181818181817,-0.7329401098122639,0.0006507528298938103,0.0291535620732326,-0.006180570154205426,-0.2842511848891919,-0.03349217595364836,-1.7850167752921464,-0.08211016872626035,-5.3312274012646705,0.019630884927499752,0.007553418884426112,-0.0004982251442896313,-0.06287878108486009,0.07744189230856614,0.3195096836791965,0.001343943600049882,0.007180584995138461,342.33668341708545,1.0,,,,,
ma_align,trend,False,1,discovery,-1.0,-0.020567687300436965,-6.690074173944565,2.2305750809598973e-11,1456,-0.18444262095232314,0.41895604395604397,-0.020567687300436965,-6.690074173944565,2.2305750809598973e-11,0.00033350636107270045,0.0004135313915001115,0.002878233912504438,0.00172609653169494,0.000484848085122174,-0.0010665866466415804,0.0019378375727340817,0.0019782213559433742,0.0004440785143076225,-0.0011769009127862832,-0.0015943984031101478,-2.0969911836212494,-0.10303030303030303,-0.05481562112827021,-0.013136942311302096,-3.2613048979119705,-0.019358373607882423,-5.789991897599887,-0.0186303224887053,-4.329514555287669,-0.025178626924436367,-8.931560215244046,-0.018374816255489944,-0.17656398184382396,-0.2820234255693799,-0.2511701557997297,-0.09595607838997071,0.20924492802689681,0.002219493182345324,0.005613027488984549,424.9230769230769,1.0,,,,,
ma_align,trend,False,1,validation,-1.0,-0.020259406705617416,-6.249171504068587,4.1263562196964366e-10,1213,-0.17288455638046682,0.42786479802143446,-0.020259406705617416,-6.249171504068587,4.1263562196964366e-10,-0.00042740832866936885,-0.0004826914506839534,0.0011268514735136357,7.563320450388328e-05,0.0014386072784886355,-0.0011789392477094924,0.001610198166262939,0.0011635296571438861,-0.0004429440964562918,-0.0008623700373998395,-0.0007058458422947371,-1.2845992626632565,-0.06666666666666665,-0.37979245202432027,-0.005254467496518291,-1.1346975890330908,-0.01456274628963946,-3.667430923233014,-0.017665971129215557,-5.15290746109146,-0.026632295729181493,-9.091309126000956,-0.08853866082248525,-0.21707543411595864,-0.3027666163116075,-0.2835791362337226,-0.159794004091169,0.17002218689612877,0.0008365651750487951,0.0028017216594505867,807.0643033800494,1.0,,,,,
ma_align,trend,False,5,discovery,-1.0,-0.01955369527390269,-3.381005756946036,0.0007222102972445763,1452,-0.16773453475135522,0.4325068870523416,-0.01955369527390269,-3.381005756946036,0.0007222102972445763,0.0007510717813366301,0.005584783601738341,0.008224340121492967,0.00466202065365491,0.0013464700128478302,0.00011086448091757256,0.013594622479298222,0.004563349021406827,0.0035833239744533785,-0.0035437390694171415,-0.0062292075118072976,-1.9568770082174194,-0.28484848484848485,0.17567870094392535,-0.0071545125231753225,-0.946639440136236,-0.01963406481714879,-3.183786300216714,-0.01780970499907999,-2.1736706073595595,-0.028148888024889473,-5.416723750995295,-0.07488411298390403,-0.1627491581351971,-0.22132585490272572,-0.23388879622770883,-0.08867130393642718,0.5811180234873877,0.0022250919906838126,0.014109625128736352,422.57162534435264,1.0,,,,,
ma_align,trend,False,5,validation,-1.0,-0.026040914969575495,-4.514158619298658,6.356862765379593e-06,1209,-0.2385180708104421,0.40198511166253104,-0.026040914969575495,-4.514158619298658,6.356862765379593e-06,-0.0025699939614198444,-0.0003127623050708509,-0.00046016954667201,0.004218503556940096,0.005169415543971171,-0.0016160458055955748,0.003043849991796233,-0.0011801344003706728,0.0017697153950585987,-0.0038265063277920976,-0.0006649653485906469,-0.3672389747982501,-0.10303030303030303,-0.801027551303663,-0.004484730022179217,-0.5467505808796048,-0.015330536208586007,-2.23123464070454,-0.02375017083349474,-3.934304065567945,-0.0359419069470862,-6.702662261820139,-0.10664113145123053,-0.1827185774476224,-0.2334368747785503,-0.23085156705364768,-0.13862166472636178,0.5031577116163483,0.0008376346237328122,0.003903070298628997,804.8238213399504,1.0,,,,,
ma_align,trend,False,20,discovery,-1.0,-0.024971772746784436,-2.488027568799533,0.012845377507686696,1437,-0.20637101706538583,0.42588726513569936,-0.024971772746784436,-2.488027568799533,0.012845377507686696,0.003739732017526511,0.01136819768332654,0.02950318387836547,0.021060703546724676,0.014833542449513631,0.015082876690078257,0.01972115144347248,0.02178756164707886,0.010638507764317757,0.004638625978215564,-0.012746813481678186,-2.1360872380226126,-0.0303030303030303,0.024326976340348576,-0.006283718633699383,-0.4797239216104667,-0.02266376335457278,-2.1795517949200702,-0.028104970627753495,-2.0264984366498844,-0.03719913803441731,-4.277810936013005,-0.08384518258640575,-0.11329868707185915,-0.13293435672882808,-0.17434801983186854,-0.06328603496015908,0.7791932403559102,0.0022452205449758162,0.03011841549850461,415.0208768267223,1.0,,,,,
ma_align,trend,False,20,validation,-1.0,-0.038575722683213166,-3.6317501937621848,0.00028150555440881815,1194,-0.3478397918184582,0.39112227805695143,-0.038575722683213166,-3.6317501937621848,0.00028150555440881815,-0.002967709951484955,0.00017828061388729056,0.0063189489234396655,0.018877042909852502,0.011231407885931907,0.0002821765078613929,0.0014921984296395548,0.004057682537248138,0.008092151287814296,-0.011100191523656561,-0.004333170796760418,-0.8912284589629947,0.006060606060606061,1.062903877602342,-0.02111169027408183,-1.6459486221693354,-0.02266998350965128,-1.887073667892275,-0.0366665824606874,-3.3652907709471322,-0.04691925320109097,-4.713112436682675,-0.03674006207619636,-0.06433642067644021,-0.08273399307660279,-0.10791461076445348,-0.01823495998273144,0.7300623968318479,0.0008456287073409045,0.006893699135034816,807.8266331658291,1.0,,,,,
macross_5_20,trend,False,1,discovery,-1.0,-0.03982824644033502,-9.571754369375899,1.051067533031501e-21,1456,-0.25161709224898593,0.38873626373626374,-0.03982824644033502,-9.571754369375899,1.051067533031501e-21,0.001257180397253031,0.0011045788984110013,0.0011667476874908272,0.0012066631314700228,0.0012370218987173727,0.0011035606716537226,0.0010518641223888488,0.0009037816533622175,0.000549478470628191,-0.0003196752964214823,-0.0015768556953554543,-4.3592095877299055,-0.8787878787878788,-0.09271229049579563,-0.029218526859459908,-5.827986150022301,-0.039616982224692995,-9.252129311188906,-0.0397486673031076,-6.4226749356356985,-0.045368973525480645,-12.091195843972747,0.1187798245453083,0.009538923449085806,-0.06328834394839584,-0.06839230177273932,0.1012621037322739,0.14449854642357474,0.0016975750322172235,0.00709929786223386,219.63324175824175,1.0,,,,,
macross_5_20,trend,False,1,validation,-1.0,-0.028246011073376792,-7.368731901744592,1.7225867978331342e-13,1213,-0.19993419837718407,0.41962077493816985,-0.028246011073376792,-7.368731901744592,1.7225867978331342e-13,0.00011789586854448291,0.00030074275749270447,0.0005045316316751127,0.0005226761176902556,0.0006119673111444117,0.0005970827046462302,0.0005784387840974186,0.00044553727440596293,9.880705035318857e-05,-0.0010421365283934218,-0.0011600324049775232,-3.4470479159073664,-0.2121212121212121,-1.034729171028468,-0.013662109170317295,-2.6787225896007603,-0.018846526101265356,-4.149132452953653,-0.02586433290404731,-6.533313033725805,-0.035875622179293555,-10.143396689217388,-0.040478628446131926,-0.13842882131045592,-0.2037289498866719,-0.20399672201702443,-0.07886318569620537,0.12956374717503172,0.0011778307120067736,0.003437574548602276,353.6710634789777,1.0,,,,,
macross_5_20,trend,False,5,discovery,-1.0,-0.04449582030327934,-5.669048894568329,1.4359238806149894e-08,1452,-0.27808068099716865,0.39944903581267216,-0.04449582030327934,-5.669048894568329,1.4359238806149894e-08,0.004747500188435623,0.005429471324032795,0.0056031110803419085,0.005826880663606565,0.00572557600986478,0.00536547343880965,0.004887745755738099,0.0041658713761793245,0.0026931115544473333,5.105073147411436e-05,-0.004696449459150059,-3.2676637183786212,-0.6363636363636362,-0.5696775184075337,-0.03220411460155742,-3.3170231437229503,-0.04448650960631931,-5.504848597856367,-0.053570875821981966,-4.5156662971495365,-0.0548800827015661,-7.704835472329631,0.022931263350632856,-0.06035660681608266,-0.11588185359389302,-0.12927698432365606,0.011215247308295552,0.5508457021608169,0.0017022515474574911,0.015937894468417663,219.4979338842975,1.0,,,,,
macross_5_20,trend,False,5,validation,-1.0,-0.03577425629423867,-5.107350286081004,3.2670776647970614e-07,1209,-0.2687937784339939,0.40281224152191897,-0.03577425629423867,-5.107350286081004,3.2670776647970614e-07,0.00037902749623284647,0.0014887003882462202,0.0021338597906027774,0.0023335224212702966,0.0026643221504754513,0.0026365321268619125,0.002666630977692989,0.0022623100674903653,0.0005595232006979431,-0.00350021953461788,-0.0038792470234544057,-2.9194964692834855,-0.01818181818181818,-1.5804101435249889,-0.010334704628285278,-1.0919130029288402,-0.018317261453895797,-2.2135455154292307,-0.03203030711544969,-4.460207990111177,-0.05042659877477901,-7.684384883685004,-0.046499823255356246,-0.124863391533934,-0.17710577038631908,-0.1818004872729983,-0.06727891048347978,0.5182775679800115,0.0011817275878115933,0.0043676591549928374,353.4317617866005,1.0,,,,,
macross_5_20,trend,False,20,discovery,-1.0,-0.051492993113675126,-3.6443626199492085,0.00026805526873963965,1437,-0.31663583765456726,0.4091858037578288,-0.051492993113675126,-3.6443626199492085,0.00026805526873963965,0.019109223239041916,0.020778200451079726,0.02157344052949,0.022021414774836046,0.021794075981489313,0.021233017195477755,0.020010051200317288,0.017678962061939033,0.01302413058122257,0.004244679086657832,-0.014864544192262295,-2.7474411101270046,-0.5878787878787878,-0.22104175813412577,-0.03475611240316406,-1.9712950404248035,-0.04865034991306905,-3.6072593595581384,-0.07322886458976142,-3.2324663378560614,-0.06541226367248049,-5.450618584827248,0.015144627108155548,-0.01906838716776263,-0.04187706335170808,-0.08112549195183236,0.04186637820582388,0.9051061977756131,0.0017200203527545422,0.034701148446788004,218.9714683368128,1.0,,,,,
macross_5_20,trend,False,20,validation,-1.0,-0.04791618398070617,-4.297256099496147,1.7292536650627778e-05,1194,-0.3662706594637246,0.36432160804020103,-0.04791618398070617,-4.297256099496147,1.7292536650627778e-05,0.00473251749312877,0.007159266441565316,0.008319441238477209,0.008622115132505069,0.009246665535604234,0.008721874388292824,0.008156154485557062,0.006334697554415732,0.002009284214704657,-0.007185902211255872,-0.011918419673711286,-2.74132675102041,-0.3696969696969697,-0.020961957336837256,-0.022904299266664378,-1.634814529934666,-0.02270307787331458,-1.740796972781134,-0.04675152172535148,-4.060082176342298,-0.06242854998849092,-6.003318414832528,-0.010499932003055696,-0.04414573157076711,-0.06657626461590806,-0.08916285432323935,-0.00432319819590392,0.8901005176643231,0.0011946120045118196,0.007318598541183088,352.5150753768844,1.0,,,,,
macross_10_60,trend,False,1,discovery,-1.0,-0.027495516592272985,-6.158411642557615,7.347816063982935e-10,1456,-0.17306065831028078,0.4333791208791209,-0.027495516592272985,-6.158411642557615,7.347816063982935e-10,0.0013458235021611832,0.00123036577179936,0.0011457879626102742,0.0011219393632343002,0.0011019111969065546,0.0009504405334313033,0.0008764960648908437,0.0008078997781970949,0.0005579639114467772,1.6073168326129436e-05,-0.0013297503171018504,-3.3977667446075746,-0.9999999999999999,0.770053648738317,-0.017045827465503514,-3.058327585664577,-0.026722910938078312,-5.935294116674058,-0.03016144763481528,-4.617532902377114,-0.03217936400790847,-8.135378687416416,0.12039620279008782,0.07306514298756725,0.04151110311922017,-0.014194483240749579,0.16166294938108527,0.06260722196100607,0.0020916040848932937,0.006669599993044388,210.9278846153846,1.0,,,,,
macross_10_60,trend,False,1,validation,-1.0,-0.026094072114992758,-6.003118387244536,1.935633742490581e-09,1213,-0.17043822304128856,0.4253915910964551,-0.026094072114992758,-6.003118387244536,1.935633742490581e-09,0.0005469015293330868,0.0004913385423422388,0.0004437825632956586,0.0004043757892512778,0.0004388787426377643,0.0004201101520646236,0.00036303132074313646,0.00032367716341850266,2.396230027357904e-05,-0.0006460955374413049,-0.0011929970630089486,-2.970892958564952,-0.9636363636363635,-0.6003852558238922,-0.00868860735388197,-1.480242080397126,-0.016148769630593,-3.127643410816749,-0.022192052738704428,-5.00635443586637,-0.033943141673498475,-8.66991678831733,0.07767774725693787,0.037098462072796844,0.01004560528336948,-0.04256186991411256,0.10598775954188237,0.05367630315362572,0.0016129745755141935,0.0029656916168830853,352.21599340478156,1.0,,,,,
macross_10_60,trend,False,5,discovery,-1.0,-0.04958329891570547,-5.609915669269181,2.0242523147310694e-08,1452,-0.2885734257048301,0.4015151515151515,-0.04958329891570547,-5.609915669269181,2.0242523147310694e-08,0.006232512239641823,0.006090761868168661,0.005561440235506972,0.005329457884035019,0.005085774928705756,0.0048787194665905025,0.004386390357044034,0.0037617102012673783,0.0026335321505141646,0.0004337900588336871,-0.005798722169987059,-3.5536888581048087,-0.9999999999999999,0.3751236773792193,-0.031946172395857335,-2.870740273134876,-0.044868277016200206,-5.123572863117735,-0.059069140358537296,-4.35641621088202,-0.05964041163323432,-7.56574882683782,0.09452936356225289,0.05422009828090668,0.02734725476000919,-0.03150566567324969,0.13997005332774476,0.2665956698501734,0.0020973660796175173,0.01525489944636247,210.78374655647383,1.0,,,,,
macross_10_60,trend,False,5,validation,-1.0,-0.04689038557319565,-5.685051522732665,1.3077322811275615e-08,1209,-0.310743968719435,0.38626964433416044,-0.04689038557319565,-5.685051522732665,1.3077322811275615e-08,0.0024233099194112596,0.002289118567982998,0.0021266145156416715,0.0021567001023418356,0.002071342786531724,0.0022197967799493304,0.001657657578758785,0.001471072474536198,0.0001909010139845786,-0.0027078120572626998,-0.005131121970481271,-3.0858062280267045,-0.9151515151515152,-0.34444514552915223,-0.022181865595379532,-2.0593571319362463,-0.030676997574189728,-3.2106553264664797,-0.04186760885602673,-5.020116188902238,-0.058830773857240976,-7.741373767263874,0.05721726761880576,0.021478701949787418,-0.002347008496224804,-0.054004296037016196,0.0959232493445512,0.2363661750596451,0.0016163740610600603,0.004299929699066308,351.9718775847808,1.0,,,,,
macross_10_60,trend,False,20,discovery,-1.0,-0.0684021474164864,-3.943952016914785,8.01497017543021e-05,1437,-0.3786089418708866,0.3674321503131524,-0.0684021474164864,-3.943952016914785,8.01497017543021e-05,0.022522782454691935,0.022569586782928145,0.021104054542792478,0.020842721343868054,0.019626000994303935,0.02001742872155102,0.01824755380253582,0.015927529491620126,0.01259157216527905,0.006620846316524199,-0.015901936142314575,-2.632089689066563,-0.9757575757575757,0.7143786840104935,-0.04186303072549301,-1.9550238518981822,-0.06274468725232592,-3.732992271810433,-0.07522113543953322,-3.0532589443993547,-0.08201054930507305,-5.26020848561085,0.05723044682409164,0.031189911323477103,0.013829554323067409,-0.04302592622146726,0.09505606247225418,0.688903055571813,0.0021192592537262597,0.032697989597914014,210.23103688239388,1.0,,,,,
macross_10_60,trend,False,20,validation,-1.0,-0.060702570690278616,-3.754215184677509,0.00017388543712952854,1194,-0.3944447147649267,0.3559463986599665,-0.060702570690278616,-3.754215184677509,0.00017388543712952854,0.00784474310563486,0.008255785996053682,0.007750047265926849,0.008627741078553193,0.00827154717556321,0.008125541325873377,0.006584430966344298,0.005414182167883848,0.0011651421452927994,-0.005449146890091995,-0.013293889971680852,-2.099364530218812,-0.709090909090909,0.22621430269587728,-0.03968041143503687,-2.129263389099221,-0.03650899046332044,-2.019679300758775,-0.0537199910263926,-3.305606710264361,-0.07155949345010482,-4.825772891540267,0.029067187367537144,0.004681081296526238,-0.011576322750814364,-0.05799948243201998,0.06697812636196251,0.6451350812436748,0.0016347188605900411,0.006901750405212955,351.03433835845897,1.0,,,,,
macross_20_120,trend,False,1,discovery,-1.0,-0.018166257307412097,-4.296482039163259,1.735300211001907e-05,1456,-0.12222891890793428,0.45467032967032966,-0.018166257307412097,-4.296482039163259,1.735300211001907e-05,0.0013225195934811946,0.001113252568927067,0.0010794334875816895,0.0010443612075281745,0.0010133842406403447,0.0009597825720881381,0.0009155020989339846,0.0008099060173756718,0.0005539399522456654,0.0003107800579425532,-0.001011739538855861,-2.797391536771003,-0.9999999999999999,0.916929692106277,-0.005287195552222789,-0.9673716855479859,-0.01772786515844668,-4.057751154943628,-0.021530180074644936,-3.6535561246742185,-0.024481241484633987,-6.533385342514003,0.09895286919954917,0.07227826212645798,0.05449519074439718,-0.018190636385383135,0.15849718942022603,0.035283871789803155,0.0018915438880327741,0.005559899860060426,207.33722527472528,1.0,,,,,
macross_20_120,trend,False,1,validation,-1.0,-0.017188476590341402,-3.9588597507299195,7.530844115900137e-05,1213,-0.11457706860500984,0.4542456718878813,-0.017188476590341402,-3.9588597507299195,7.530844115900137e-05,0.0005360378360666076,0.0004279558486886474,0.0004008248032022758,0.00036229988294399966,0.0003477922434674715,0.000344163783373445,0.00029780721685246207,0.00021962741959116104,5.94138482010147e-05,-0.0003129881743959223,-0.0008490260267977258,-2.081365166903746,-0.9999999999999999,-0.45678786864971593,0.001491667229059054,0.25631183301887006,-0.006886255631043083,-1.3018293561049055,-0.01188591573947771,-2.6160680811812584,-0.024719948872732576,-6.265803138465519,0.07533850164128761,0.05302322005578377,0.03814636566544789,-0.03161553924226095,0.1340789229516262,0.02951756823479343,0.0020826360664153065,0.0031338190145081143,350.4558944765045,1.0,,,,,
macross_20_120,trend,False,5,discovery,-1.0,-0.0375592634675505,-4.409054038451673,1.0382311896297185e-05,1452,-0.22533256037026822,0.41115702479338845,-0.0375592634675505,-4.409054038451673,1.0382311896297185e-05,0.006030927856657512,0.005255902167463501,0.0052027749833755965,0.0051598885995964554,0.004962012630837179,0.004708979576879425,0.00438462395695676,0.003895702301061996,0.002876261466335864,0.0015026645916714938,-0.004528263277387356,-2.905744334047014,-0.9999999999999999,0.7734075239568567,-0.011265910422197253,-1.0266226575689466,-0.03524484435328011,-4.063762887613102,-0.04700591255221873,-3.877336367138406,-0.05007709074295633,-6.670616127739457,0.08268660171468747,0.05982113943804622,0.044577497920285404,-0.0294725338871001,0.14082246703146636,0.15122660235873842,0.0018967547527380985,0.014090739915207717,207.20523415977962,1.0,,,,,
macross_20_120,trend,False,5,validation,-1.0,-0.03401891876558079,-4.034041610843469,5.4825602758649875e-05,1209,-0.22288386290626352,0.4119106699751861,-0.03401891876558079,-4.034041610843469,5.4825602758649875e-05,0.0024526318396156065,0.002049219759511846,0.0018660909982403154,0.0019330432930810028,0.0017752765782711717,0.0018325648846790144,0.001565961389310544,0.0010340378790501831,0.000583158431635397,-0.0015554623871810508,-0.0040080942774139115,-2.3408085032974673,-0.9757575757575757,-0.5821553328930218,-0.007069806384505832,-0.6485715992291443,-0.017838939254737275,-1.777159846993111,-0.027062159756359176,-3.082051738476555,-0.0449828143984852,-5.792832221049774,0.05926534425651797,0.03949890492120726,0.026321278697666754,-0.03529508608040492,0.12028062366624863,0.1307304188843302,0.0020875939619831425,0.004750722045551853,350.20512820512823,1.0,,,,,
macross_20_120,trend,False,20,discovery,-1.0,-0.053973594987942776,-3.151140540541122,0.0016263421331443944,1437,-0.3106214508939848,0.36882393876130826,-0.053973594987942776,-3.151140540541122,0.0016263421331443944,0.020934351097867062,0.01921763605204127,0.02038842854292972,0.019759601323689344,0.019603994561987474,0.019221243307785688,0.018633849269775758,0.01680519226941372,0.014156215536337108,0.008581551552875679,-0.012352799542555935,-2.0307164911831874,-0.8787878787878788,0.8961671844513556,-0.0052086873917295854,-0.24568531840847796,-0.051785202375911485,-3.0844177347207435,-0.06296836562751047,-2.6229663882084173,-0.0732831878209031,-4.615536300433431,0.03501476405483748,0.017261027731457955,0.005425203515871611,-0.06053505440064526,0.08584630376299204,0.46967556411056943,0.0019138248657733824,0.03131423643420767,206.70494084899096,1.0,,,,,
macross_20_120,trend,False,20,validation,-1.0,-0.04791495204457841,-2.93835685871218,0.003299569851819652,1194,-0.3081166162026839,0.39865996649916247,-0.04791495204457841,-2.93835685871218,0.003299569851819652,0.0076169084151577904,0.007228713315344432,0.007087334204726927,0.007811108482405376,0.007664020634854467,0.007553722786336677,0.006905877086631988,0.0047810909870336146,0.0033152502378843915,-0.003450929209541403,-0.011067837590415661,-1.7143040073998994,-0.7333333333333332,-0.465093038906267,-0.012353208744822389,-0.6285364225695639,-0.01859699984854413,-0.9507537650556327,-0.03761346134859354,-2.212603172648215,-0.06318167810734131,-4.307851296836918,0.02699461969930634,0.011007386852685642,0.0003492316216051962,-0.053349084155176765,0.07390981169527758,0.42294266790001833,0.0021118631922223386,0.0073184840193164956,349.24539363484087,1.0,,,,,
ret_1,momentum,False,1,discovery,-1.0,-0.01657210405258181,-4.630099686942367,3.654897319923128e-06,1456,-0.12715628015456423,0.42376373626373626,-0.01657210405258181,-4.630099686942367,3.654897319923128e-06,-0.0005458324261765953,0.0006343307068876099,0.001077124741517774,0.0012184096129857693,0.0013074947374514443,0.0012446726846858157,0.0011442814899304756,0.0009803044677726524,0.0009702198891014821,0.0007845849770297059,0.0013304173927271231,3.8815687905625027,0.13939393939393938,0.29850378902344016,-0.013301227153793402,-2.9420402233012064,-0.024797569872301986,-6.510315662988746,-0.02267621535719157,-3.7116972253143077,-0.017229930109626545,-4.96044406108863,-0.3671302761672964,-1.0033061938523282,-1.4274234723090162,-1.08354144377766,-0.9098339318076223,0.8415025366204125,0.0009442634396331774,0.008487098640986145,227.3901098901099,1.0,,,,,
ret_1,momentum,False,1,validation,-1.0,-0.02539215229741297,-7.304963276112046,2.773424805998319e-13,1213,-0.21283363616002296,0.4023083264633141,-0.02539215229741297,-7.304963276112046,2.773424805998319e-13,-0.0002105635001795657,0.0006193625847311996,0.0005795985820327306,0.0006621872493890446,0.0006695210189687146,0.0006737863242896403,0.0006182411217698188,0.0004343603945059644,3.711026982022895e-05,-0.0015706033222481807,-0.0013600398249108796,-4.627482669724399,-0.28484848484848485,0.8313847855121242,-0.021403282178596186,-4.53532584495517,-0.02563621920153891,-5.878874636866465,-0.02525118906700418,-6.822175645936754,-0.026659134972993697,-8.275111123826496,-0.16707196530387516,-0.7922893968723259,-1.20910101791796,-0.8748243289851068,-0.7236541874598004,0.827007184614353,0.0007742750281828892,0.005631632374074411,355.6603462489695,1.0,,,,,
ret_1,momentum,False,5,discovery,-1.0,-0.024322588174747025,-6.653627489192956,2.8595588787765052e-11,1452,-0.19183842643056884,0.4035812672176309,-0.024322588174747025,-6.653627489192956,2.8595588787765052e-11,0.002450249020153988,0.00467535374180746,0.005359817877477203,0.005797958403891945,0.006031579655917601,0.005829387879728368,0.005455766577191497,0.004622004850151006,0.0032674086212453593,-0.00018026727000439925,-0.002630516281263254,-3.6589664127951647,-0.22424242424242422,0.014867962700758021,-0.021258977977347306,-4.616753727790003,-0.02802550734477411,-7.31557785461312,-0.017045052443712985,-3.1022738729349397,-0.027671578865494376,-8.274496910418021,-0.09276589214391569,-0.22509110510815886,-0.3133079137509876,-0.2648970650681719,-0.18616696305438307,0.8751667524090154,0.0009468647163263817,0.01717539674159237,227.25619834710744,1.0,,,,,
ret_1,momentum,False,5,validation,-1.0,-0.015274692042660697,-4.537696089493132,5.687214004531535e-06,1209,-0.13450797328100125,0.456575682382134,-0.015274692042660697,-4.537696089493132,5.687214004531535e-06,-0.0008318759780313358,0.002114059172188528,0.0021854114919340672,0.0024760877131364085,0.0025559381062007624,0.0024833157762360167,0.0025017538474112685,0.0021917800791040358,0.0010795228156780749,-0.0038231954022683234,-0.0029913194305583144,-4.610223444872807,-0.04242424242424241,-0.5030505741633344,-0.014538314248372803,-3.2818518612414507,-0.011347727524689565,-2.706453695672183,-0.014598203018865738,-4.1541562677878865,-0.018210248635355593,-5.625364718910073,-0.1087711635101473,-0.23811658553715778,-0.3243468668884981,-0.2753949940108419,-0.19958590948124608,0.8554591403902809,0.0007768367321636432,0.005633881944366496,355.424317617866,1.0,,,,,
ret_1,momentum,False,20,discovery,-1.0,-0.0037571773640493163,-1.070230123302165,0.2845157383934901,1437,-0.03261845833393298,0.49617258176757134,-0.0037571773640493163,-1.070230123302165,0.2845157383934901,0.011038383215040967,0.017321718772137788,0.019229935770795317,0.020565389202307154,0.02145013599478345,0.021429655583369473,0.021136250508266303,0.020217935184328358,0.0177104586192895,0.009404617212854587,-0.0016337660158787987,-1.249468842169168,0.0303030303030303,-0.9763532632421448,-0.0005694539453082497,-0.12015300277774879,-0.007667312874335712,-2.136885149901867,-0.004640974867467541,-0.9573039400327106,-0.007460274225830273,-2.4356288602794933,-0.08376827884680067,-0.1171841635788808,-0.13946142006693427,-0.14147729450392438,-0.09565874023247103,0.884018114605295,0.0009542362281317688,0.03614940457454336,226.74669450243562,1.0,,,,,
ret_1,momentum,False,20,validation,-1.0,-0.006976972284605508,-2.500331748705367,0.012407705491229716,1194,-0.06662382697142318,0.4765494137353434,-0.006976972284605508,-2.500331748705367,0.012407705491229716,-0.00166257389236432,0.005687488287267221,0.0075425842866022,0.008104175949002352,0.008498713611777266,0.008293820043578594,0.00876659810148623,0.00826447184018911,0.005837267216130557,-0.004576148228013429,-0.002913574335185602,-2.667300696790697,0.11515151515151514,-0.6047401762339933,-0.00309298904101759,-0.8661028913277783,-0.00010795081756353145,-0.030117462721956926,-0.005795121573763612,-1.9850556896529714,-0.012251257861944807,-4.599189179429944,-0.09062074380789548,-0.12341911262950685,-0.1452846918439144,-0.1520712662064094,-0.09377133597785789,0.8676817148574433,0.0007768072820872294,0.007061145389475977,354.52596314907873,1.0,,,,,
ret_5,momentum,False,1,discovery,-1.0,-0.05847509658551544,-15.261138371647663,1.3880545442218201e-52,1456,-0.40170304548526314,0.29945054945054944,-0.05847509658551544,-15.261138371647663,1.3880545442218201e-52,0.0016056857522206694,0.0012331163738651043,0.0012267941194337112,0.001130658956417217,0.001060074411189869,0.0010360310237791674,0.0009283427086069883,0.0007969513595703625,0.0005799764470603994,-0.0005922473807843814,-0.002197933126268793,-6.468216333601473,-0.9999999999999999,0.5053761320288701,-0.04827406342672595,-9.996248131771019,-0.05993304128266003,-14.905729266299462,-0.05251423734431892,-8.889216538287318,-0.06312862805227948,-17.88726802391802,0.20196618553211465,-0.13836805005812322,-0.3652575404516151,-0.187543676342425,-0.07450700396434826,0.4501775603045474,0.001752633193013985,0.00767426791068059,225.33173076923077,1.0,,,,,
ret_5,momentum,False,1,validation,-1.0,-0.03612668608935611,-9.610632240575699,7.210486660292963e-22,1213,-0.27183247330635296,0.3882934872217642,-0.03612668608935611,-9.610632240575699,7.210486660292963e-22,0.00016691512287751018,0.0006681354127445501,0.0006614201104130398,0.0005473064255848447,0.0006394577560836773,0.0005586442623273539,0.0005403417124807786,0.0004189192259316016,0.00011372773077704759,-0.0017166224859838561,-0.001883537624434776,-5.850525001078889,-0.6242424242424242,0.2227062447315048,-0.0274174102800892,-5.928506743560735,-0.029930701005217837,-6.718161856306944,-0.03342878075010916,-8.478578336165791,-0.04181084448673881,-11.516549399423358,-0.04972743708033458,-0.3681964065493048,-0.5805090528619515,-0.43225877766908866,-0.3000315606007059,0.4212552506203309,0.0007093631816369167,0.0046223798505301604,355.1434460016488,1.0,,,,,
ret_5,momentum,False,5,discovery,-1.0,-0.060056644455832336,-9.920733930953386,3.382596439147884e-23,1452,-0.42376278742254286,0.30578512396694213,-0.060056644455832336,-9.920733930953386,3.382596439147884e-23,0.005382074380041075,0.005997863901045291,0.005973285893882969,0.0060180777569400585,0.00587851996398777,0.005492363280008106,0.004999643205660216,0.004068836791662691,0.0019754491642252157,-0.0019053997457044703,-0.007287474106508981,-6.375031853516647,-0.7818181818181817,0.8458857056596807,-0.04917638596746533,-6.553604099587154,-0.0601082976945014,-9.405044380597134,-0.051320649616846695,-5.630191404393059,-0.06978366239392936,-12.552403654877924,0.05618124817055938,-0.0798415502689315,-0.17052341589525877,-0.119399138010395,-0.03162939033125831,0.8996216828008657,0.0017574613836283486,0.016753394807722245,225.19903581267218,1.0,,,,,
ret_5,momentum,False,5,validation,-1.0,-0.02843973734208802,-4.751947717842083,2.014664726250643e-06,1209,-0.2289723037754051,0.4284532671629446,-0.02843973734208802,-4.751947717842083,2.014664726250643e-06,-0.00018011210920868063,0.0020924046105981363,0.0023834346787152544,0.0026128753576916386,0.00262656317033073,0.002609272522953676,0.0024612603376860027,0.0021514084587064114,0.0011561069805818723,-0.0047549942884566815,-0.004574882177231799,-4.20020574815162,-0.17575757575757575,-2.05197731964566,-0.018054502620010286,-2.2889460584049477,-0.014692092019508707,-2.0849581061976283,-0.02470119141595443,-3.960713520691632,-0.03715968752085298,-6.638970217959969,-0.07625421358456057,-0.20804356179284364,-0.2959031272650324,-0.2528671496354721,-0.16053124372581085,0.8716226733352055,0.000711710123511646,0.004885391163122837,354.90736145574857,1.0,,,,,
ret_5,momentum,False,20,discovery,-1.0,-0.03397938131459904,-4.273972617901562,1.920206278491688e-05,1437,-0.2491791080477217,0.3924843423799583,-0.03397938131459904,-4.273972617901562,1.920206278491688e-05,0.01595853341454575,0.019967648811296503,0.02059467327609224,0.0212616036782848,0.021288059383734896,0.021475701655079133,0.020725953314291966,0.019189493925540424,0.015045863556486528,0.00515434380168201,-0.01080418959725486,-3.720332825723596,-0.309090909090909,-0.44432158129035587,-0.018776206745739044,-1.915191060256258,-0.03494285934452891,-4.202546052148277,-0.04459822681790873,-3.4676692456556895,-0.04611086913122583,-6.633205464683053,-0.022090044908426892,-0.05577515502132095,-0.07823189509658365,-0.08443345678869495,-0.030241937455548068,0.8911404791770914,0.0017732667320951685,0.0350618907428692,224.687543493389,1.0,,,,,
ret_5,momentum,False,20,validation,-1.0,-0.025896736580902236,-4.041367670009006,5.31403652526782e-05,1194,-0.2195697358544531,0.44137353433835846,-0.025896736580902236,-4.041367670009006,5.31403652526782e-05,0.0011910342481782426,0.006303279607266843,0.007600674688152289,0.008270227805243035,0.008834718201523473,0.009126978357769504,0.008740246489550303,0.007409862864612328,0.004872622691036181,-0.007194587640867762,-0.008385621895487116,-3.3917948508708853,-0.10303030303030303,-0.17516111310156426,-0.009433159989745931,-1.1807816660448016,-0.008915941543026728,-1.169709978303156,-0.024669007727141836,-3.6918299761256312,-0.03796325380997715,-6.1964901104995365,-0.05414975659728568,-0.08725413937998097,-0.10932372790177784,-0.11717993483234554,-0.05825208698734687,0.875777322293526,0.0007147761490788791,0.007491040668704577,354.0041876046901,1.0,,,,,
ret_20,momentum,False,1,discovery,-1.0,-0.041758257668828354,-9.94334205290502,2.696262499016359e-23,1456,-0.2705625963995937,0.3791208791208791,-0.041758257668828354,-9.94334205290502,2.696262499016359e-23,0.0013364503183178745,0.001027461540696171,0.001080135420249792,0.0011303316279372916,0.0011152902779289432,0.0010671091935527564,0.0010264880276847409,0.0009621733114418671,0.0006494347038603216,-0.00038807133103466266,-0.0017245216468027038,-4.667549994639706,-0.8424242424242423,0.06838758915930553,-0.029214504913697665,-5.551999428385618,-0.041718398884732645,-9.706180358389487,-0.04418889592283245,-7.217457176143261,-0.048635863095774105,-12.78441807482133,0.13652713607121733,-0.0529606738031866,-0.17928588038612256,-0.13660399761124253,0.04069324154495093,0.25064525115661895,0.002906132752016944,0.007153627378411929,221.43612637362637,1.0,,,,,
ret_20,momentum,False,1,validation,-1.0,-0.034074209937018304,-8.494437732434887,1.9889338594954316e-17,1213,-0.23640763199272688,0.3948887056883759,-0.034074209937018304,-8.494437732434887,1.9889338594954316e-17,0.0002421924805212189,0.00034693708605466347,0.0004505566169428516,0.0005060390194315096,0.0006067845007306318,0.0006416782722587742,0.0006274916625729108,0.0005100608403157744,7.395685947336919e-05,-0.0014286266020124634,-0.0016708190872348628,-4.68183322774999,-0.06666666666666665,-0.16272251811792585,-0.014065791012393133,-2.699511346683143,-0.022804552458481443,-4.737259408289693,-0.029934834938983704,-7.183551678007909,-0.0441542838057684,-11.9133583952529,-0.01623397733186817,-0.19011724057211787,-0.30603941606561774,-0.2616836431909115,-0.12801637566630503,0.23000431645535677,0.0009328092587382363,0.0037804992252581516,354.2052761747733,1.0,,,,,
ret_20,momentum,False,5,discovery,-1.0,-0.05973828996601278,-7.647481292154853,2.0495405310467876e-14,1452,-0.37626128947392024,0.37672176308539945,-0.05973828996601278,-7.647481292154853,2.0495405310467876e-14,0.006116192868054617,0.0056647870163968874,0.005695094697623348,0.0056803921137513445,0.005595684768234175,0.005307966818568288,0.004803652346912558,0.004040101730200553,0.002598032455646093,-0.0013923701085015823,-0.007508562985089603,-5.194510061425065,-0.9636363636363635,-0.38490083817984877,-0.04050694600554187,-4.132122494374333,-0.057904211529017056,-7.2930285544126034,-0.07089188867559529,-5.836694884200988,-0.07339947503686878,-10.219105909003012,0.09278511813072553,0.010379655987284643,-0.04455731877500927,-0.061874943134395934,0.0832644707170074,0.5450096702608523,0.002914138627366853,0.0160378137229462,221.29752066115702,1.0,,,,,
ret_20,momentum,False,5,validation,-1.0,-0.04747773511191239,-6.429906253248679,1.2768266735030152e-10,1209,-0.34524008202315704,0.3763440860215054,-0.04747773511191239,-6.429906253248679,1.2768266735030152e-10,0.0009981769455830406,0.0018002478466628716,0.0022117688110970587,0.00232709248059419,0.0026730390227272375,0.002792623629041525,0.002643641654880618,0.0022045174497801064,0.0004047329130252259,-0.004796791883179445,-0.005794968825256154,-4.065670552795461,-0.19999999999999998,-0.9381502216318689,-0.017716911154286127,-1.8323949109900874,-0.027568668930773407,-3.1155226629447763,-0.0436527197723176,-5.799809333432746,-0.06298562145570696,-9.114580470736938,-0.01644191054492875,-0.09297513684877003,-0.14399728771799755,-0.15651421946992014,-0.025184975896620564,0.5061721316391619,0.0009339629299630549,0.004662180261654091,353.96443341604635,1.0,,,,,
ret_20,momentum,False,20,discovery,-1.0,-0.06747810757283962,-4.390530661251821,1.1307436883834155e-05,1437,-0.40701665311130775,0.36673625608907445,-0.06747810757283962,-4.390530661251821,1.1307436883834155e-05,0.02225723479809095,0.021793713511932263,0.021869134848879104,0.021676137820794514,0.02148464489079705,0.02015882673892046,0.01902787296175517,0.01690098726031872,0.012483021810503545,0.0029357260407736315,-0.019321508734335018,-3.2598732067174865,-0.9878787878787878,0.034190289404428476,-0.04466396183902086,-2.3397349778544254,-0.06301241511380569,-4.3646217831450285,-0.08700969846789681,-3.6476008791565144,-0.08112488615948721,-6.201766088747051,0.05343542014172066,0.01887598375811989,-0.004163640497613955,-0.054496603718442796,0.09034963096800994,0.9142708037989622,0.002942008547849108,0.03472048010227965,220.7668754349339,1.0,,,,,
ret_20,momentum,False,20,validation,-1.0,-0.06164051368111193,-4.961117790350629,7.008867136604311e-07,1194,-0.468497938748087,0.3232830820770519,-0.06164051368111193,-4.961117790350629,7.008867136604311e-07,0.006226902398412133,0.00818591876269136,0.008434392521358528,0.009069243429045705,0.00891975798167992,0.008649729165816073,0.007932543461406514,0.005779395567055849,0.0012324267615381062,-0.008743664578097764,-0.014970566961860481,-3.064056644142882,-0.5515151515151515,-0.24623786008607268,-0.0364562190458811,-2.370285257468394,-0.032765001253572935,-2.3425699699663785,-0.05632903712696676,-4.500798838506093,-0.07769377131225882,-6.65658394165178,0.008167855943450483,-0.025720917256480385,-0.048313432723100964,-0.07653853954864584,0.01693932676183323,0.8965283915325625,0.0009437347253335256,0.007404471226340749,353.0536013400335,1.0,,,,,
ret_60,momentum,False,1,discovery,-1.0,-0.033763228197650666,-7.773805826460479,7.616245957805842e-15,1456,-0.22077160596541834,0.4059065934065934,-0.033763228197650666,-7.773805826460479,7.616245957805842e-15,0.0014221131893344255,0.0011535824731499116,0.0011306146049838242,0.0010740895437664235,0.0009989776190323751,0.0009574008244559646,0.0008971964084181948,0.0008735916328014305,0.00043736376961872906,-0.00014938567315769203,-0.0015714988659945469,-4.2211614815890615,-0.9999999999999999,1.0488901749304071,-0.020460424882712887,-3.825908253019817,-0.0331414578616874,-7.254231814890045,-0.03611409573614933,-5.747373638471733,-0.04086704096750639,-10.372295891676123,0.13702519003759162,0.013849895548350045,-0.06826696744447767,-0.06855124111644652,0.0899855982466726,0.162930283715928,0.003079021083457129,0.006162250017271388,215.66895604395606,1.0,,,,,
ret_60,momentum,False,1,validation,-1.0,-0.029464920340442756,-6.578813312170822,4.742177304641713e-11,1213,-0.19765901686402887,0.4089035449299258,-0.029464920340442756,-6.578813312170822,4.742177304641713e-11,0.0005814251723961614,0.0004910738374156785,0.00048682511190068303,0.0004252240910940831,0.0004592881890533916,0.0004781421629580185,0.00045365794332208787,0.0002087195503859854,-6.0402047417594836e-05,-0.0009575049280720243,-0.001538930091746259,-3.67425076382343,-0.9151515151515152,-0.9067640272925843,-0.008291385132945715,-1.4135574413924783,-0.01850538108957353,-3.427423904902404,-0.0238046066047032,-5.120860512846853,-0.038632090304880566,-9.572461337977506,0.07441833015576385,-0.03687153420699649,-0.11106477711550332,-0.12633828985816745,0.04347732101629158,0.1472088152946565,0.0011108134827528208,0.0035313838666346407,352.66941467436106,1.0,,,,,
ret_60,momentum,False,5,discovery,-1.0,-0.05655876587601993,-6.629091276587244,3.377596878951249e-11,1452,-0.33828877383195244,0.3615702479338843,-0.05655876587601993,-6.629091276587244,3.377596878951249e-11,0.00668236616842573,0.005795230889237824,0.005493323306373312,0.005286304339272749,0.005082160927249488,0.004756905463839885,0.004442612798105202,0.003767571536126557,0.002113153949536484,-0.00016555914430369418,-0.006847925323548152,-4.368415971319984,-0.9999999999999999,0.6829175847879378,-0.03436046950071503,-3.262500405395866,-0.052597138383555654,-5.958566151910532,-0.0646601661516258,-5.105154416164928,-0.07006377230336962,-9.105235926319468,0.11669632705553108,0.06158101909389276,0.02483748045280056,-0.020158519583873782,0.13568612655253204,0.36451923255051794,0.0030875032352021903,0.014778934927469956,215.53236914600552,1.0,,,,,
ret_60,momentum,False,5,validation,-1.0,-0.04682463775666695,-5.555302758086062,2.771309927516008e-08,1209,-0.3064718300744764,0.3854425144747725,-0.04682463775666695,-5.555302758086062,2.771309927516008e-08,0.002214499694264342,0.0024167011174499303,0.0021324111873030883,0.0019526788928166208,0.002209318788728344,0.002257650353775971,0.0019980799511362542,0.001253951346582881,0.0001793444020586622,-0.003386164540596581,-0.005600664255650663,-3.249729974675228,-0.7818181818181817,-1.316939663726521,-0.015850456744759402,-1.4500968884806165,-0.02918322129447076,-2.9017890111838547,-0.03942249846713114,-4.547421009868358,-0.060384734991670165,-7.811264161474473,0.046471660830201454,-0.002927167277109419,-0.03585971934865002,-0.07990511811960607,0.07305091982818072,0.3267118261065534,0.0011086909917342677,0.004729169093895121,352.4234904880066,1.0,,,,,
ret_60,momentum,False,20,discovery,-1.0,-0.0751073233043781,-4.39762941528404,1.0943963077561222e-05,1437,-0.4260299972517716,0.34237995824634654,-0.0751073233043781,-4.39762941528404,1.0943963077561222e-05,0.023403783754026613,0.02144633268811048,0.0210639444326385,0.020814274037354204,0.020275601816808334,0.01919468999218445,0.01804422204172191,0.01655653052567397,0.012206089733722692,0.004776143129139133,-0.018627640570315584,-3.009015164589241,-0.9999999999999999,0.5305492700806163,-0.035831981150388215,-1.7066005525878067,-0.07170547554168875,-4.172049596619659,-0.08743505158210597,-3.6527662782665136,-0.09220597728693133,-5.997865787639285,0.06776483029824779,0.043140906037451285,0.026724956530253623,-0.03397914314159324,0.10672137688841235,0.6514265677459388,0.0031144798382670828,0.03210386393200308,215.02783576896312,1.0,,,,,
ret_60,momentum,False,20,validation,-1.0,-0.05810390577032044,-3.7186968504465985,0.00020025320419821753,1194,-0.3826077902136242,0.3417085427135678,-0.05810390577032044,-3.7186968504465985,0.00020025320419821753,0.006358012452692248,0.008183162083460382,0.008046911181328222,0.007563317843384388,0.008220891418623647,0.008265908655086614,0.00774226622668224,0.005893118692667723,0.0026901114400951177,-0.007051058476257703,-0.01340907090012034,-2.16221036731476,-0.5151515151515151,-0.5942099606006638,-0.02253385936213516,-1.2407639568264197,-0.03412387765049146,-1.8400105615170304,-0.04994703333226611,-3.06384830217397,-0.07203056693619286,-5.185120521572755,0.01064051932158444,-0.012102405616680358,-0.027264355575523556,-0.06863950454629617,0.049952140413321446,0.6016646809064763,0.0011226192705248992,0.007602002075249314,351.4899497487437,1.0,,,,,
ret_120,momentum,False,1,discovery,-1.0,-0.028191560042553368,-7.020093576863291,2.2171969893019853e-12,1456,-0.20057691669705618,0.40315934065934067,-0.028191560042553368,-7.020093576863291,2.2171969893019853e-12,0.001339735580358891,0.0011446522047437353,0.0010841980025551303,0.0011169834401402875,0.0010021880856294337,0.0009512835032987903,0.0008098644985383854,0.0006645100663693053,0.0005204120446177473,-7.085048679456762e-05,-0.001410586068072167,-4.110027715294001,-0.9878787878787878,0.47397662767055254,-0.010605396263084974,-2.031412365808608,-0.02716223077428307,-6.573743195000711,-0.0325318084826891,-5.6851084620738,-0.037255898317273946,-10.281243267314865,0.10543927877423498,0.011708158685309247,-0.05077925470730794,-0.06879916149626626,0.08743410775643082,0.12398296308058959,0.0032383091998821286,0.005712663644801948,213.13736263736263,1.0,,,,,
ret_120,momentum,False,1,validation,-1.0,-0.022936856998713236,-5.424609269090907,5.808145100974656e-08,1213,-0.16139851165937485,0.43446001648804616,-0.022936856998713236,-5.424609269090907,5.808145100974656e-08,0.0005842470930113496,0.000558115425393868,0.00041763515980329014,0.0003876459268490206,0.0003736589684136285,0.0003471077217170331,0.0002923018388666271,0.00016128160462793836,-7.265247932427178e-06,-0.0006136393276062575,-0.0011978864244687134,-3.00784728552786,-0.9999999999999999,-0.3865416901593222,0.0029973409030458263,0.5114455623633083,-0.007827561592544227,-1.4556892397035919,-0.01507837127032313,-3.326877691633605,-0.034570469179441954,-9.292596076767097,0.07247132795412571,-0.010918529643541805,-0.06651176804198684,-0.09457564356499992,0.07132556391851594,0.11030404444135916,0.0013949536814017302,0.00355365044212388,350.94146743610884,1.0,,,,,
ret_120,momentum,False,5,discovery,-1.0,-0.046466475530860786,-5.686630303256519,1.2957053074978263e-08,1452,-0.29097476843545406,0.38636363636363635,-0.046466475530860786,-5.686630303256519,1.2957053074978263e-08,0.006557251319589105,0.005356007707274385,0.005392466331001239,0.0053361586596106,0.004962137957761413,0.00465976084453645,0.004102800984084561,0.0030362379734075254,0.0026664534511201933,0.00031084793690927504,-0.00624640342757329,-4.1788649004420675,-0.9878787878787878,-0.12043095487265133,-0.015933119229644525,-1.5186535875275722,-0.042491184440689174,-5.236281281521352,-0.056242253845120785,-4.844587308989483,-0.0638930711494258,-8.806254856233084,0.10560717943831865,0.06298697500789416,0.03457350538761118,-0.016292178037199588,0.13362026427702128,0.28187965893137884,0.0032472301618652753,0.013668278830168261,213.01101928374655,1.0,,,,,
ret_120,momentum,False,5,validation,-1.0,-0.0376102023751639,-4.4973605174590885,6.880226856451155e-06,1209,-0.25121331798224505,0.39950372208436724,-0.0376102023751639,-4.4973605174590885,6.880226856451155e-06,0.002604198300950606,0.0024319634639465106,0.0019098627366492885,0.0018733663327554658,0.0017628446529662052,0.0016978424005942277,0.0014337841241302337,0.001088175859746188,0.0005370233497065585,-0.002249384328408496,-0.004853582586357455,-2.8512745292442214,-0.9999999999999999,-1.21829694785713,0.0018200592794912005,0.1612045278647298,-0.011290546561841875,-1.074387418967334,-0.0260202406819267,-2.918727579706201,-0.05689673424095441,-7.672161114585586,0.06452698940884193,0.027035240271482935,0.0020407408465769428,-0.04665276210553825,0.10621200596470563,0.2479613038185118,0.0013956947683921351,0.004896192229834344,350.6923076923077,1.0,,,,,
ret_120,momentum,False,20,discovery,-1.0,-0.05338381778419615,-3.2468479418874634,0.0011669071610455938,1437,-0.3224354495543464,0.34933890048712596,-0.05338381778419615,-3.2468479418874634,0.0011669071610455938,0.020870304359828833,0.01942402523812955,0.02002141246761585,0.020521901291142668,0.020146389931805963,0.019443225067462905,0.01800749358019122,0.015926387786007044,0.01446742048071008,0.007342667308834977,-0.013527637075214137,-2.3690522750383587,-0.8424242424242423,0.5093536699653444,-0.006486108875778388,-0.3175980874787303,-0.04841288021293384,-3.0697750951816,-0.07033920366287076,-3.038776157879727,-0.07941570210694443,-5.206425055378417,0.03410939702762619,0.014718984802146826,0.0017920433184939074,-0.0503169661528766,0.07434688374997411,0.5129738683989252,0.0032784288281493186,0.03068513825610954,212.54070981210856,1.0,,,,,
ret_120,momentum,False,20,validation,-1.0,-0.05075725139314902,-3.0258812104788406,0.0024790967823986937,1194,-0.31862676706069587,0.3877721943048576,-0.05075725139314902,-3.0258812104788406,0.0024790967823986937,0.008153020864470222,0.007912855571904498,0.0071004887393761994,0.007110506370789342,0.0072502240489140096,0.006804169390651222,0.006639303952567939,0.005691661165931857,0.0027750031040463005,-0.003925864956939068,-0.012078885916445773,-1.7729808710126127,-0.9515151515151514,-1.2671977597004764,0.0015903415754976867,0.07480996246018175,-0.009895608498506408,-0.4616489016543679,-0.03551332387340548,-1.9993714702429077,-0.07788403569451585,-5.331697850350897,0.0330202443067084,0.0154028956239478,0.003657996502107408,-0.0531320387451672,0.08029337629346012,0.46606742546985697,0.001411267214999152,0.007496821790601328,349.74455611390283,1.0,,,,,
ret_250,momentum,False,1,discovery,-1.0,-0.01932684651588106,-4.835361139894202,1.3290412443717003e-06,1456,-0.1411580669723815,0.42376373626373626,-0.01932684651588106,-4.835361139894202,1.3290412443717003e-06,0.0010151971585583442,0.0010512948248459979,0.0010310052956338232,0.001012495032536624,0.0010395652057688274,0.0009877792960006635,0.0008620433352437,0.0008149592972570489,0.0006276637450039888,0.00022058640109827427,-0.0007946107483263944,-2.3868936052720393,-0.8787878787878788,0.49057059524540314,-0.002186327774784781,-0.42758520080713275,-0.016896014910535235,-4.136341498745354,-0.029113425580762103,-5.369024659651258,-0.028761744988757058,-8.051079952128722,0.03043235406432114,-0.03890697872980468,-0.08513320059255525,-0.10529406151974398,0.026548035660580446,0.09171869417212412,0.0035741453536832194,0.0055849093993086945,208.58447802197801,1.0,,,,,
ret_250,momentum,False,1,validation,-1.0,-0.014329204810143607,-3.2727434402725804,0.0010650910819693187,1213,-0.10113862320742983,0.4649629018961253,-0.014329204810143607,-3.2727434402725804,0.0010650910819693187,0.0003527511201138862,0.00043592348331051434,0.0003770761054664947,0.00037348367398499024,0.0004215022728891178,0.0003286346488268332,0.0002476663868477703,0.00016828641954204124,0.00012183496187071459,-0.00011289144066125073,-0.00046564256267580655,-1.12408723949113,-0.8424242424242423,-0.8737412713143319,0.011560928668107597,1.9487641705253578,0.0010416086084542025,0.18925165709423217,-0.006044964905360273,-1.3094944416960277,-0.027935063867980992,-7.350328136026472,0.01581908596901739,-0.04284090850177814,-0.08194757148230847,-0.13288556979494381,0.04579494557186761,0.07759258527883005,0.0017647789503307206,0.0036246093289092835,340.53338829348723,1.0,,,,,
ret_250,momentum,False,5,discovery,-1.0,-0.02837411755911191,-3.491558012875749,0.00048021216873975957,1452,-0.17950790493945332,0.4283746556473829,-0.02837411755911191,-3.491558012875749,0.00048021216873975957,0.005002900895499007,0.004962671341201798,0.005043193432218188,0.0051805428220052145,0.005129744423427677,0.004819584347219849,0.0043521392303203605,0.004050413677677253,0.0031856165193632773,0.001517847705423069,-0.0034850531576147443,-2.4580632466509473,-0.7818181818181817,-0.10220583436089459,0.0012009403380893585,0.1165770288778276,-0.02353239976867324,-2.8785000139005747,-0.04944517769105288,-4.522784613576101,-0.04733638278120384,-6.490912244211962,0.028069058858342065,-0.0037461891164921116,-0.024956354433048212,-0.0704735794716799,0.06333514066616062,0.21041830671186618,0.003583991484134137,0.013328165642034581,208.46487603305786,1.0,,,,,
ret_250,momentum,False,5,validation,-1.0,-0.02076833301183243,-2.386757129916791,0.01699771624596479,1209,-0.1357701233704236,0.45492142266335817,-0.02076833301183243,-2.386757129916791,0.01699771624596479,0.0015447907640584848,0.0017860378875494448,0.0018459946654011301,0.0019289235385248728,0.0018321121508926013,0.0018453395085208,0.0015132113750305801,0.0010741030236989467,0.0007810233407309148,-2.751254332628343e-05,-0.0015723033147329439,-0.889641521430753,-0.6727272727272726,-1.3446048025724988,0.02177032341226996,1.863251406591631,0.005133706772056924,0.47647593483368017,-0.008106979095048785,-0.8860812352507179,-0.043755491116189885,-5.742138865302385,0.011625472487176191,-0.015410226993743734,-0.03343402664769035,-0.09393566335055197,0.06474370657896647,0.17880753624947038,0.0017706177557908719,0.005103049437554724,340.26220016542595,1.0,,,,,
ret_250,momentum,False,20,discovery,-1.0,-0.03514367419924062,-1.9983486175837613,0.045678878078670555,1437,-0.20315181329094117,0.4133611691022965,-0.03514367419924062,-1.9983486175837613,0.045678878078670555,0.01717803864440316,0.018985945617092454,0.019431717543277202,0.021222517344980266,0.02050499110204253,0.020594864972947498,0.018737786129063135,0.017759403935810054,0.015257120501459366,0.010980488261136848,-0.006197550335980656,-1.0778845326751725,-0.4545454545454545,-0.2175627743197152,0.015447775814220067,0.7058209251476517,-0.03019615629813556,-1.7262643809297393,-0.07209689030032708,-3.1407890641950043,-0.06303047522760798,-3.9291755464000353,-0.01539699813255992,-0.03009699040548346,-0.03989698525409914,-0.09413365539455458,0.028014653581127084,0.3888886844688766,0.0036076712175794126,0.029037540206891758,208.01948503827418,1.0,,,,,
ret_250,momentum,False,20,validation,-1.0,-0.02621362022808573,-1.5427120048615826,0.12290066783045285,1194,-0.15992016408585646,0.4388609715242881,-0.02621362022808573,-1.5427120048615826,0.12290066783045285,0.004272614095176838,0.006260858529703621,0.007195379286847495,0.007615881517438179,0.007934485756622185,0.0076333174622881935,0.006752129276777534,0.006055365634320136,0.003916603976758048,0.0024336536508619043,-0.0018389604972453922,-0.2551780451066069,-0.3696969696969697,-0.9424485884633955,0.03350268477053571,1.459569778102954,0.016654867639368708,0.7868210707402818,-0.007322851110867325,-0.409094796172029,-0.06016718031993422,-4.0918772254431355,-0.014265208353790696,-0.027285558320371845,-0.03596579163142593,-0.0950131291051919,0.04205792936805554,0.34445370281960697,0.0017908817425080056,0.007581981784863775,339.23701842546063,1.0,,,,,
mom_12_1,momentum,False,1,discovery,-1.0,-0.0027365999943627923,-0.7182120923545751,0.47262652305881114,1456,-0.021139899196438775,0.489010989010989,-0.0027365999943627923,-0.7182120923545751,0.47262652305881114,0.0007153678042308391,0.0009002335715930812,0.000908864095863889,0.0010061506913405208,0.0010538058225431617,0.0009925153545933115,0.0009790213213401754,0.0008975383167840586,0.000884886750521763,0.0007373585142116439,2.1990720857242456e-05,0.07008906230809998,-0.13939393939393938,0.09548564749952965,0.009801085296553188,2.007099889718325,-0.0012007566719558372,-0.3141001110462068,-0.010273020825741259,-1.9982345113370115,-0.008826474599030153,-2.7117577676673754,-0.05144545807090359,-0.1256932708651743,-0.17519181272802142,-0.19531452370509939,-0.05906657033333787,0.09821139258501417,0.002083022553911228,0.005554345139599109,202.58104395604394,1.0,,,,,
mom_12_1,momentum,False,1,validation,-1.0,-0.0010666387895141719,-0.2554315195262665,0.7983898289354943,1213,-0.008003759338660061,0.5094806265457543,-0.0010666387895141719,-0.2554315195262665,0.7983898289354943,7.75337175342603e-05,0.00028814874814782516,0.00024232027797354346,0.0003427551227023039,0.0003728425827451956,0.00037131235700385746,0.0003205729309122135,0.00029679431366606477,0.00032111610872687086,0.0002455006870854903,0.00016796696701844093,0.4347813141857004,0.28484848484848485,-0.6162233808077017,0.018208342173911946,3.1060390435018097,0.009103868556411316,1.6942860849137844,0.004880875214079685,1.09569897463556,-0.009937222690469136,-2.7922695415639716,-0.04642405895216145,-0.10946365185935039,-0.1514900471308097,-0.19016348850018833,-0.028908514142948344,0.08338570490368909,0.003067600851577552,0.003630684017835635,339.03050288540805,1.0,,,,,
mom_12_1,momentum,False,5,discovery,-1.0,-0.002790872457530181,-0.3575808934163796,0.7206569789766881,1452,-0.018378608017546552,0.4965564738292011,-0.002790872457530181,-0.3575808934163796,0.7206569789766881,0.0033486305180992115,0.004217004374663764,0.004577235194293698,0.004911076095717007,0.005235923295710748,0.00502043023467701,0.004637023274127204,0.0045629598671591345,0.004479125959695784,0.0035724733533877015,0.00022384282513512792,0.16660487199954901,0.04242424242424241,-0.02880995311298801,0.019496977295361068,1.9962314037377649,-0.0008348334441073726,-0.10695985309564032,-0.01752883896807435,-1.7366688886921366,-0.014825037502763854,-2.195059277683123,-0.05670502681146329,-0.09047775865267722,-0.11299291321348652,-0.15351724409143425,-0.027683532891742746,0.22336462857945727,0.002088760908054234,0.013684538160335304,202.45592286501378,1.0,,,,,
mom_12_1,momentum,False,5,validation,-1.0,-0.0007761214982481932,-0.09227162845424058,0.9264822293976653,1209,-0.005257438219968061,0.5078577336641853,-0.0007761214982481932,-0.09227162845424058,0.9264822293976653,0.0004174623527260119,0.0014563969799436314,0.00145054317146687,0.0016038476994402067,0.0017824250714351202,0.0019249525107140016,0.0016770890705169789,0.0016036490528688234,0.0015970188728471097,0.0011642774887186264,0.0007468151336214586,0.44535768721639163,0.2121212121212121,-1.0641958639842803,0.031756669529417116,2.731597567046851,0.015404765080201022,1.4471432468288181,0.008945383094844427,0.9996841775256786,-0.016031642596992184,-2.216414376479884,-0.04285491910058571,-0.07125104836723349,-0.09018180121166534,-0.14443782178826411,0.0012753228374441266,0.18780508774237953,0.0030777500686216468,0.005136071115992563,338.7551695616212,1.0,,,,,
mom_12_1,momentum,False,20,discovery,-1.0,-0.004311177538672794,-0.26706009841445727,0.7894228889720492,1437,-0.02641906474346349,0.5142658315935977,-0.004311177538672794,-0.26706009841445727,0.7894228889720492,0.012378236808097227,0.017081252560889975,0.018328317238539678,0.019497605227478513,0.020787707048052655,0.021143465147909164,0.019515560141370413,0.01919405169340526,0.018817155689395935,0.01576412771683156,0.003385890826450696,0.659902851882253,0.22424242424242422,-0.23612066687830216,0.03879563439057857,2.0057114277337416,-0.004697491118277565,-0.292111523364793,-0.031825368050508604,-1.5406831455081254,-0.02579669385564999,-1.799923742505749,-0.07400272769420424,-0.08914255495357755,-0.09923577312649311,-0.14344047033569746,-0.035406377425834884,0.40052453067125177,0.0020993852345616393,0.029862826289226693,201.98956158663884,1.0,,,,,
mom_12_1,momentum,False,20,validation,-1.0,-0.0024038820259221962,-0.15326763775125404,0.8781872204402658,1194,-0.015709662038961996,0.5385259631490787,-0.0024038820259221962,-0.15326763775125404,0.8781872204402658,0.0013692234397742835,0.00576359538566979,0.00648356316465481,0.007152355645763111,0.0073826194810203295,0.007851728518375059,0.00665374740358185,0.006715418457407095,0.00671052592804568,0.005211862429878329,0.003842638950784015,0.5893487204795388,0.22424242424242422,-0.7520981945201728,0.048007247893942416,2.1207113298967974,0.02889355786731478,1.4558950257428998,0.012369778224938257,0.741752985107977,-0.02732794493008982,-2.0688645242439874,-0.05047727532916574,-0.06385340427704285,-0.07277082357562759,-0.12652339573051324,-0.0002546308137071884,0.353865845181934,0.0031124459767957503,0.007116087054610689,337.7185929648241,1.0,,,,,
macd_dif_12_26,oscillator,False,1,discovery,-1.0,-0.037879327247642675,-8.4519039979251,2.8659021308588475e-17,1456,-0.23662841980818594,0.3949175824175824,-0.037879327247642675,-8.4519039979251,2.8659021308588475e-17,0.0013054000408231701,0.0012111098876339957,0.0011986037187347728,0.0010722645389272653,0.0011261486018601327,0.0009327805401277636,0.0009005901450629088,0.0006999209588014354,0.00043910546326947293,-0.0002772758055144365,-0.0015826758394973444,-4.039859000433999,-0.9878787878787878,0.3831042926243248,-0.025138841473213127,-4.572289630488809,-0.037287363374076364,-8.123720260109684,-0.03964138764969521,-5.891473981051742,-0.04387343866638995,-10.792211276802993,0.11507926025497174,0.05006812839179035,0.006727373816336053,-0.0354683543020831,0.15013306743140017,0.08599356066558388,0.004894346711967795,0.006974283768283715,228.21222527472528,1.0,,,,,
macd_dif_12_26,oscillator,False,1,validation,-1.0,-0.030642693149021717,-7.033056126705259,2.0205803681060563e-12,1213,-0.19724019616216815,0.41384995877988456,-0.030642693149021717,-7.033056126705259,2.0205803681060563e-12,0.00033544143123507767,0.00042755934235156213,0.00039506593347016244,0.00039888218871145844,0.00047969628669662385,0.0004904692831597201,0.0004982166831214482,0.00038059283584667835,5.360663029451401e-07,-0.001006233508474953,-0.00134167494762181,-3.3946759856935627,-0.2727272727272727,-0.455198963039187,-0.011128981467870027,-1.9325147801854503,-0.018465301842699382,-3.5948350311151205,-0.0266371646638425,-5.95619419625023,-0.04004509834651455,-10.093069263093517,0.0024987447877232753,-0.0556316354140636,-0.09438522221525485,-0.13906706363297056,0.0156306407784039,0.0768920373039509,0.0011695607921211487,0.0040221298543424615,355.8722176422094,1.0,,,,,
macd_dif_12_26,oscillator,False,5,discovery,-1.0,-0.05734377117068991,-6.629191227383641,3.375310862941648e-11,1452,-0.33774913375659765,0.3849862258953168,-0.05734377117068991,-6.629191227383641,3.375310862941648e-11,0.005980953543177608,0.005804632325411895,0.005948876555135719,0.005610636254399546,0.005299713093522982,0.0046771696301397435,0.004353997932582059,0.0035506824390098743,0.002064632885028628,-0.000459375002557209,-0.006440328541615469,-4.046026004940355,-0.9878787878787878,0.018879478630853104,-0.038034240891532387,-3.517013915231595,-0.05350516706379339,-6.095371073247312,-0.06616964095926103,-4.930722292000952,-0.06907045415183666,-8.808106944516396,0.08603918679373311,0.036910503144889695,0.004158047378994098,-0.04715449199523381,0.12164042315938935,0.32492515640769454,0.0049078297607610955,0.01594344428843067,228.07920110192836,1.0,,,,,
macd_dif_12_26,oscillator,False,5,validation,-1.0,-0.048247148591804394,-5.902570509297167,3.5788108219217497e-09,1209,-0.32031512336065787,0.3738626964433416,-0.048247148591804394,-5.902570509297167,3.5788108219217497e-09,0.0014811380066477105,0.0019230062405134556,0.0020346008490749776,0.002089689771206264,0.0023836647527669783,0.0022795613918657255,0.002347044592040887,0.0018157031477954394,9.089736590136691e-05,-0.0037769058842696338,-0.005258043895562613,-3.2894915587230416,-0.2727272727272727,-0.9694699585187341,-0.019019117980119016,-1.7952894610343435,-0.027073552627293617,-2.83990183768068,-0.04326375622440838,-5.219947369769232,-0.06354827555025504,-8.360955787450662,0.007515183140957454,-0.03789478307411232,-0.06816809388415884,-0.11049109152192974,0.03763663425325256,0.3003304643853821,0.0011714977603960348,0.0048768294931253045,355.6368899917287,1.0,,,,,
macd_dif_12_26,oscillator,False,20,discovery,-1.0,-0.07123563871767158,-4.215610497603756,2.4910338371219655e-05,1437,-0.40248480001792164,0.3674321503131524,-0.07123563871767158,-4.215610497603756,2.4910338371219655e-05,0.02204321280868275,0.02256740440649752,0.02228488255752512,0.02097461779196393,0.020504306414938608,0.019643693166890432,0.018569722345742844,0.015547407261552064,0.01194132934403937,0.004729311767396016,-0.017313901093420972,-2.8597389061936007,-0.9636363636363635,0.25835952240716537,-0.04362913841090145,-2.116208461985413,-0.06312167323753533,-3.9515245260685785,-0.0823329724452962,-3.26578460966948,-0.08682509516373522,-5.77080059474833,0.05096428723810127,0.02276016402575084,0.003957415217517214,-0.051661578473135475,0.09039104633809332,0.7461408257235564,0.004959059716510167,0.0339313103357575,227.571329157968,1.0,,,,,
macd_dif_12_26,oscillator,False,20,validation,-1.0,-0.06348603684986533,-4.207015524965453,2.587653709607773e-05,1194,-0.42568762329361054,0.34338358458961477,-0.06348603684986533,-4.207015524965453,2.587653709607773e-05,0.006906749152930292,0.007962784860188804,0.00841477988687131,0.008395395242067762,0.008335810466710815,0.007892243527084106,0.00748234684259761,0.005436564326483315,0.0011318594044688376,-0.007540249927323031,-0.014446999003113851,-2.452195941443741,-0.6727272727272726,-0.11214334561194872,-0.03845217779363678,-2.1459409404373933,-0.032925528672833264,-1.9783221136130273,-0.05696245426216246,-3.7971309220408855,-0.07898445788149253,-5.621011342887843,0.016759751288900497,-0.010418524707426305,-0.028537375371644174,-0.07457170733245419,0.04903152659044855,0.719002010484836,0.0011862150689437236,0.008019233760314758,354.7403685092127,1.0,,,,,
macd_dea_12_26_9,oscillator,False,1,discovery,-1.0,-0.027378236060295612,-6.306075133352619,2.8620014370207553e-10,1456,-0.17870333925838816,0.42376373626373626,-0.027378236060295612,-6.306075133352619,2.8620014370207553e-10,0.0013035414015196162,0.0011929667337977452,0.0011760122990762557,0.001135926991696977,0.0009818060326270764,0.0009193386053432874,0.0008336100641604839,0.0006873308481677308,0.00042587991710903666,-4.7549319211052185e-05,-0.0013510907301098327,-3.5011210792179326,-0.9999999999999999,0.580112805613861,-0.01712274422356541,-3.130647665030253,-0.026444939785965738,-5.9948283230721255,-0.03126912476957627,-4.867538259837956,-0.031897229862936784,-8.20400096991099,0.11471851430939331,0.06607112056606483,0.03363952473717921,-0.027394220937050018,0.16694395663143272,0.06434840442239215,0.006809574457212955,0.006973228622502954,228.21222527472528,1.0,,,,,
macd_dea_12_26_9,oscillator,False,1,validation,-1.0,-0.02492277737267352,-5.823631050570571,5.75826220308937e-09,1213,-0.1636183985996581,0.4245671887881286,-0.02492277737267352,-5.823631050570571,5.75826220308937e-09,0.00041649604108050356,0.00043788904071355396,0.0003654141588242088,0.0003970640763824648,0.00041684785010627474,0.0003734123412641378,0.00034956930138182763,0.0002560926510526431,-1.082521314744703e-06,-0.0006113587855914597,-0.001027854841866823,-2.617083315162126,-0.8545454545454544,-0.17148192351135483,-0.007800461940483865,-1.3393479702994393,-0.014400574493057153,-2.8205884406118025,-0.021345977845467566,-4.868606996773255,-0.03274447295626597,-8.513055401284484,0.03323635633346486,-0.008566625826304823,-0.03643528059948462,-0.09253298569019847,0.06459865228322763,0.055294949946785306,0.001596431045578785,0.0034904252123149067,355.8722176422094,1.0,,,,,
macd_dea_12_26_9,oscillator,False,5,discovery,-1.0,-0.04944062854513481,-5.811107699237647,6.206081982268332e-09,1452,-0.2987200548495948,0.3918732782369146,-0.04944062854513481,-5.811107699237647,6.206081982268332e-09,0.006113206394198622,0.005961517125994081,0.005628495299044351,0.005251059504104283,0.004929098998976789,0.004591945307887371,0.004368593380341503,0.003102839589235012,0.0025174874993431694,0.0003680416820649399,-0.005745164718903529,-3.6548974215141246,-0.9999999999999999,0.1037309978465825,-0.03255541181583381,-3.001460470984254,-0.043660858489772476,-5.1183046394485565,-0.060286801795628155,-4.599593951441281,-0.05895944761599691,-7.736584813136715,0.09199392479884048,0.05133913166280931,0.024235936238788523,-0.04029430685810709,0.14128112594456207,0.26888090698433315,0.006828333615497288,0.016174389764418973,228.07920110192836,1.0,,,,,
macd_dea_12_26_9,oscillator,False,5,validation,-1.0,-0.045120247815181196,-5.577993783068925,2.433083486391638e-08,1209,-0.3035773173995606,0.3870967741935484,-0.045120247815181196,-5.577993783068925,2.433083486391638e-08,0.0019485854519979797,0.0020490216137756486,0.002070971635647389,0.001993732944395382,0.0021011003030134943,0.0019781065070753217,0.0017114544905981958,0.001347976444822748,4.0875475072954463e-05,-0.0025733108230712198,-0.00452189622473856,-2.7820539011894296,-0.7333333333333332,-0.3283761345192062,-0.02038954599581661,-1.9213851459482847,-0.027223605107252406,-2.8842550905330544,-0.04068050734471845,-4.942435899316951,-0.05736689989990685,-7.707040198996348,0.032022332375207616,-0.004872375078516558,-0.02946884671433267,-0.07935284559838254,0.07218627942552722,0.2440126154346837,0.0015997803223845484,0.004840916293042321,355.6368899917287,1.0,,,,,
macd_dea_12_26_9,oscillator,False,20,discovery,-1.0,-0.06560385548536392,-3.9136400452745828,9.091513199075718e-05,1437,-0.3765619605601257,0.36812804453723036,-0.06560385548536392,-3.9136400452745828,9.091513199075718e-05,0.02229991210741639,0.02228815808936854,0.02141417619554269,0.02029666620153739,0.01957075598835362,0.019263963158653016,0.01818655180969303,0.015307927093734878,0.013002739994282317,0.0071728147766020635,-0.015127097434426154,-2.588421963531707,-0.9999999999999999,0.3204408730904959,-0.03981106542659953,-1.9427529417100748,-0.05761422627878531,-3.6112752772153534,-0.07240341934897343,-2.994685576493165,-0.07889920677282278,-5.222375180382146,0.05351513821151229,0.02660425736753147,0.008663670138210918,-0.04914912054252677,0.0908703067389329,0.7119280646555773,0.006899610584343815,0.0340820204146743,227.571329157968,1.0,,,,,
macd_dea_12_26_9,oscillator,False,20,validation,-1.0,-0.06053902578886857,-3.832160497791925,0.00012702282364019158,1194,-0.40055877693797926,0.3559463986599665,-0.06053902578886857,-3.832160497791925,0.00012702282364019158,0.007628435996569532,0.008156098895909403,0.008056553507143665,0.008335133189714206,0.007789285786732684,0.007365852628398634,0.006373890937782568,0.0046564256898235235,0.0011847961682277745,-0.005128500289294905,-0.0127569362677172,-2.075171324838319,-0.8424242424242423,-0.009811588922180828,-0.040339267448822644,-2.1855821147975854,-0.03372769315190033,-1.925464220378385,-0.053086231714013145,-3.3625477773958865,-0.07271490779399867,-4.975709441785189,0.02578626455785648,-2.7143702393134548e-05,-0.017236082542559532,-0.06452240231217166,0.0614450460620362,0.6828943984193019,0.0016159644160088982,0.007682726896325847,354.7403685092127,1.0,,,,,
macd_hist_12_26_9,oscillator,False,1,discovery,-1.0,-0.03513842367241383,-9.899056818755069,4.202192832019182e-23,1456,-0.253368853002297,0.39697802197802196,-0.03513842367241383,-9.899056818755069,4.202192832019182e-23,0.0008294694481979345,0.0008694816576310556,0.0009544893279787367,0.0009817590191025353,0.0011382855910436933,0.0011694308813057707,0.0011604192754980382,0.0010365330362173313,0.0007847698800101346,-0.00031587724042387417,-0.001145346700288608,-3.5770947001900284,-0.06666666666666665,-0.2779908574820827,-0.028849577662135792,-6.341383038172427,-0.03506685490906933,-9.55624196334976,-0.029798830931605406,-5.664773488475468,-0.03979307266942899,-12.367069180789008,-0.005350490223017564,-0.1228084372494543,-0.20111373526707876,-0.19053717745247062,-0.03577236412391458,0.15536765479687398,0.0023963324494396367,0.008860260642045382,228.21222527472528,1.0,,,,,
macd_hist_12_26_9,oscillator,False,1,validation,-1.0,-0.023760132465783835,-7.1993861913126524,6.048421612979648e-13,1213,-0.1925782971131883,0.4237427864798021,-0.023760132465783835,-7.1993861913126524,6.048421612979648e-13,-0.00015942762616244008,0.00029763422030291075,0.00040030279770522756,0.0005318326840921771,0.0005343307795214125,0.0006716617816220891,0.00055523715680837,0.000502063122792873,0.0002799610731335221,-0.0012131975924422767,-0.0010537699603017647,-3.5847858513145554,-0.01818181818181818,-0.44529325403381964,-0.016242325730475553,-3.862547694090973,-0.01810536141283854,-4.5717958178868425,-0.02111986483125048,-6.167572917880989,-0.02941715695743479,-9.352732158354632,-0.1429531487896457,-0.2531390468387023,-0.32659631220474,-0.32018452927291874,-0.18878465780344708,0.14574854239293197,0.0008568149833553774,0.004699730662696573,355.8722176422094,1.0,,,,,
macd_hist_12_26_9,oscillator,False,5,discovery,-1.0,-0.029517295399533853,-4.466561013611109,7.948700004077412e-06,1452,-0.20948000411227977,0.4118457300275482,-0.029517295399533853,-4.466561013611109,7.948700004077412e-06,0.0035165001282338113,0.0044815457584165925,0.005001340587805617,0.005224015292265433,0.005395488777801141,0.00549827253804166,0.005396703906489949,0.004852140445116915,0.0035895460023036294,-0.00012302621605368954,-0.0036395263350265648,-3.0135256591804134,-0.07878787878787878,-0.2676315244484763,-0.02462710500978233,-2.8458778739273605,-0.030550690973125436,-4.516683097240509,-0.028827808731008285,-3.1030841269449265,-0.037973872471927725,-6.366038045763703,-0.039293800663612016,-0.12297525395525281,-0.1787628894830133,-0.17340065550449404,-0.06775729286562449,0.5534487651563544,0.0024029339162425006,0.017063221954977906,228.07920110192836,1.0,,,,,
macd_hist_12_26_9,oscillator,False,5,validation,-1.0,-0.020962857894728563,-3.5334317683081933,0.0004102019567568419,1209,-0.18235580554750067,0.42100909842845324,-0.020962857894728563,-3.5334317683081933,0.0004102019567568419,-0.000668889312319671,0.0013105129286715461,0.0017969539219350227,0.0022044660124120458,0.002519586699337799,0.002520731392653862,0.0025478719252810342,0.002392385131865587,0.0015383463980636974,-0.00349341360096181,-0.0028245242773204723,-2.6294494595928604,0.12727272727272726,-1.2144204340049316,-0.005090177356567067,-0.6517802551303179,-0.008750812533982138,-1.2248064889051926,-0.01590197487024404,-2.574128882092356,-0.032419985477304465,-5.726951229470653,-0.10105975675495604,-0.18213237237133087,-0.23618078278224744,-0.23797362724439736,-0.1278380700770057,0.5361945477273466,0.0008596497723821942,0.004432963754679789,355.6368899917287,1.0,,,,,
macd_hist_12_26_9,oscillator,False,20,discovery,-1.0,-0.021305497106446903,-2.0054697613851067,0.04491285029622245,1437,-0.15430823323947387,0.4551148225469729,-0.021305497106446903,-2.0054697613851067,0.04491285029622245,0.015406195200912388,0.018822169782490027,0.019728895123478394,0.020774531566333805,0.020947197533868644,0.02104869464512671,0.0202549315447589,0.018787277612335663,0.015545419338577289,0.007489609270963007,-0.007916585944570917,-1.9810651796552075,-0.2121212121212121,-0.8201251284572403,-0.017412915354623023,-1.2270280800667708,-0.021911668532522757,-2.071927789073848,-0.037814804792274725,-2.4440473262625355,-0.0303244707280517,-3.239757869186998,-0.0301244402762125,-0.06519161348252094,-0.08856972895339324,-0.10990025236241079,-0.01841011473683514,0.9277029948758847,0.0024280167337398127,0.03640528548918483,227.571329157968,1.0,,,,,
macd_hist_12_26_9,oscillator,False,20,validation,-1.0,-0.026563378969473386,-3.067342745354672,0.002159710634938693,1194,-0.23034523938566487,0.4036850921273032,-0.026563378969473386,-3.067342745354672,0.002159710634938693,0.0018659569940092972,0.006450403544859397,0.007141478791534037,0.007953473890843018,0.008919662186599453,0.008654380470841508,0.008458974655253986,0.007320008463580624,0.004100803662675716,-0.006444836224496975,-0.008310793224297825,-2.8411694159065592,-0.05454545454545454,0.4120975424625814,-0.007948532888052981,-0.6906589146735405,-0.013107799395191104,-1.1524236749005772,-0.02625603601093414,-2.8618618042666926,-0.038229775466056076,-4.554618443013648,-0.04625604223291332,-0.08104674871033613,-0.10424055302861801,-0.1187240487170566,-0.04376734446778154,0.9203890602492807,0.0008665448660342962,0.007497454996351808,354.7403685092127,1.0,,,,,
macd_dif_6_13,oscillator,False,1,discovery,-1.0,-0.047142843581061425,-10.981454338694428,4.693068056427491e-28,1456,-0.2919436540501903,0.36813186813186816,-0.047142843581061425,-10.981454338694428,4.693068056427491e-28,0.0012067146144874908,0.0011078191573875341,0.001062539436611337,0.0011578182684750893,0.0010699793430411285,0.0010213993979177858,0.0010628545748879738,0.0008822258941880956,0.0005999384697368076,-0.0005623756908859762,-0.0017690902970751087,-4.782544952848656,-0.8787878787878788,0.07072558478489886,-0.033738906788550176,-6.6183646864580385,-0.04712033711501255,-10.606310399891939,-0.0450565505649701,-6.916983024001513,-0.05381379210202895,-13.502121428037102,0.08779971554354496,-0.029143053426386307,-0.10710489940634052,-0.10210728356184849,0.060419045309342986,0.15468620234117894,0.0032184402588537413,0.0077801543970113865,228.21222527472528,1.0,,,,,
macd_dif_6_13,oscillator,False,1,validation,-1.0,-0.03344087432418767,-8.187676735629806,2.6631698407589107e-16,1213,-0.2244297890886014,0.4031327287716406,-0.03344087432418767,-8.187676735629806,2.6631698407589107e-16,7.913824003382618e-05,0.0002855180844147327,0.0004630458113214732,0.0005578820683063013,0.0006200797906500818,0.0006738968592217842,0.0005963415765869984,0.00038599397237445743,0.00012196284514919745,-0.0013835519977195047,-0.0014626902373542554,-4.120933081589326,-0.10303030303030303,-0.7770682780913798,-0.01625396114707791,-3.136579666625918,-0.021925507953725616,-4.612345675252289,-0.030038650388533237,-7.086724698668177,-0.04276216550610346,-11.17227850212643,-0.08189969955505912,-0.18962622146961525,-0.26144390274598595,-0.2607510706172509,-0.1276147007089688,0.14249539935787847,0.0008676625346351855,0.004680135598873009,355.8722176422094,1.0,,,,,
macd_dif_6_13,oscillator,False,5,discovery,-1.0,-0.0567806507230756,-7.14599892144408,8.934376105010283e-13,1452,-0.3481250980537122,0.3725895316804408,-0.0567806507230756,-7.14599892144408,8.934376105010283e-13,0.0049531495565208975,0.00556051377444211,0.00569360783275961,0.006002919211502906,0.005703602842854945,0.005102455464332183,0.004900403501500673,0.0037044005602616913,0.002341687658103679,-0.0011307020191933521,-0.006083851611128169,-4.21981333435973,-0.709090909090909,-0.2582299006697116,-0.040084850212750565,-4.129556524814273,-0.05679629615135062,-6.92553161378148,-0.06074453583882051,-4.9817408626004385,-0.06877564299706257,-9.354514178767994,0.03258551191729792,-0.04540700248526304,-0.09740201208697033,-0.10846052619123996,0.024633004048693063,0.5158235079534454,0.0032273064854621536,0.016044602479231507,228.07920110192836,1.0,,,,,
macd_dif_6_13,oscillator,False,5,validation,-1.0,-0.04063711438582813,-5.510067313094564,3.586965009219764e-08,1209,-0.29046094013591756,0.38875103391232424,-0.04063711438582813,-5.510067313094564,3.586965009219764e-08,0.0001403677907163902,0.0015031769951655489,0.0021417719027786828,0.0025063888639868903,0.002714376852894842,0.0027532693334879382,0.0028052600478577043,0.0020693728138972255,0.0005480076895103174,-0.004513443409792232,-0.004653811178081942,-3.3306149942519765,-0.06666666666666665,-1.82553970479579,-0.013657372594900862,-1.4218557758880677,-0.020153254125491817,-2.3391210617751104,-0.03649689832797977,-4.850870798278493,-0.05638020162513632,-8.096840719351723,-0.06053989915626179,-0.1347406421833856,-0.1842078042014682,-0.19369157200819248,-0.0714952254734429,0.49074565494129535,0.0008705332129962613,0.004966218645951724,355.6368899917287,1.0,,,,,
macd_dif_6_13,oscillator,False,20,discovery,-1.0,-0.05823156592870896,-4.037344101502104,5.405974637279952e-05,1437,-0.3555540603570726,0.3792623521224774,-0.05823156592870896,-4.037344101502104,5.405974637279952e-05,0.019038889262160824,0.020820780793776267,0.021988837342468665,0.021847217445646466,0.021800508657355257,0.0208039938664823,0.019956903313737034,0.016941589510783277,0.01224176863731215,0.0033668667106342273,-0.015672022496721474,-2.954360799912755,-0.6727272727272726,-0.22625805200904117,-0.036540459567659105,-2.0359099540768146,-0.05371544782141612,-3.900234153225261,-0.07544085651511745,-3.320155408620339,-0.07365972490167205,-5.8968652888671675,0.013492406381253028,-0.019387212557651932,-0.04130695851692191,-0.07888704337329433,0.03731828699999455,0.8698311888599196,0.0032609944446005895,0.0348643363664405,227.571329157968,1.0,,,,,
macd_dif_6_13,oscillator,False,20,validation,-1.0,-0.05111759886778198,-4.35354400129681,1.3395419369358316e-05,1194,-0.3805169523337605,0.37269681742043553,-0.05111759886778198,-4.35354400129681,1.3395419369358316e-05,0.004011985418312949,0.00678677109137434,0.008150526839294668,0.00906580109247571,0.009195532605776763,0.009366347680737653,0.00841070812702809,0.0061065383135727016,0.002169384809311054,-0.008844440550320775,-0.012856425987938777,-2.791518197897469,-0.309090909090909,-0.24414170875068492,-0.023532879885480404,-1.630596217572052,-0.02284554149345647,-1.6925743382157525,-0.04862926251743111,-4.07691614650861,-0.06794190379953836,-6.1321059339379245,-0.01930784999656397,-0.05147577487263327,-0.07292105812334615,-0.10066471022429527,-0.0065090869677915525,0.851003303599717,0.0008795127353336119,0.007887519071373146,354.7403685092127,1.0,,,,,
macd_dea_6_13_5,oscillator,False,1,discovery,-1.0,-0.037828741086981366,-8.858593232450557,8.103045427168891e-19,1456,-0.2391995721063869,0.3901098901098901,-0.037828741086981366,-8.858593232450557,8.103045427168891e-19,0.0011468276473815071,0.001087320802708336,0.001134812853061893,0.0011696813045134504,0.0011617676034947491,0.0009463990599225316,0.0009723204626733864,0.0007736435228018089,0.0004915469332575283,-0.00027487270855105166,-0.0014217003522040055,-3.7457725899072605,-0.7939393939393938,-0.2766922696256816,-0.026875228728470944,-5.141295202922619,-0.03760786148104471,-8.644161560118594,-0.03861808484447031,-6.037393937816491,-0.04345584464067043,-11.156531435726524,0.08002865267348205,-0.003938606224987623,-0.059916778823967454,-0.08503616799201019,0.09479499708449603,0.11106780277575357,0.004350733715729982,0.007451659513817804,228.21222527472528,1.0,,,,,
macd_dea_6_13_5,oscillator,False,1,validation,-1.0,-0.028516859074977197,-7.08562072839552,1.3842243412766363e-12,1213,-0.19285444862346593,0.4229183841714757,-0.028516859074977197,-7.08562072839552,1.3842243412766363e-12,8.49664518353245e-05,0.00032092963528290735,0.00039906081386208934,0.00048491569025745903,0.0005078533300631837,0.0006420013233050071,0.0005498042175551606,0.000395537742347446,1.7178864337901047e-05,-0.0010020685607868018,-0.001087035018023985,-3.0063798762145892,-0.17575757575757575,-0.591270437239866,-0.011798276951552755,-2.207874488668455,-0.0177923233331742,-3.727388890275987,-0.025645889049497265,-6.184850910034508,-0.037123942472929265,-10.058876703989112,-0.06606069825042485,-0.14275109912455797,-0.19387803304064677,-0.21749927066978164,-0.08046228041756925,0.10144232919858884,0.00116122647469613,0.004078967547426515,355.8722176422094,1.0,,,,,
macd_dea_6_13_5,oscillator,False,5,discovery,-1.0,-0.04870077831052166,-6.019117696553005,1.753703255768342e-09,1452,-0.2993967192037966,0.3987603305785124,-0.04870077831052166,-6.019117696553005,1.753703255768342e-09,0.004767966901328927,0.005441204617045139,0.005747357169318441,0.005765168665019007,0.005564437088456999,0.004964330226382615,0.004520197272981167,0.003640570975033723,0.002355087944517897,6.632387412186585e-05,-0.004701643039659371,-3.1511261428555737,-0.7333333333333332,-0.5454418903718758,-0.03406816825713013,-3.3589517994240667,-0.047892991534647364,-5.822830065588862,-0.05753979109853598,-4.662956885964678,-0.059414963388110614,-8.038496616356634,0.023806460275413846,-0.043527286477911306,-0.08841645098012807,-0.11566414593799508,0.030926708978182636,0.4453290129188171,0.004362719208059817,0.015978857111916992,228.07920110192836,1.0,,,,,
macd_dea_6_13_5,oscillator,False,5,validation,-1.0,-0.040357388645487616,-5.390477937781224,7.027054279131372e-08,1209,-0.2877079768413315,0.39536807278742764,-0.040357388645487616,-5.390477937781224,7.027054279131372e-08,0.00039511672221304717,0.0015573654067153734,0.0019109060694722268,0.0022550263256110813,0.0025667870474698692,0.0027628776709104096,0.0027065262911281393,0.0019742776427498976,0.00031975915922363105,-0.0037804686894992844,-0.004175585415753528,-2.897683556942513,-0.11515151515151514,-1.323219319301105,-0.013292101822340243,-1.3430463313153642,-0.02120740585338892,-2.3953060412298206,-0.03668528964628288,-4.798158933673032,-0.05555007557220109,-7.92861897235373,-0.047211446369641565,-0.11121266825817429,-0.15388014951719609,-0.1765333279919938,-0.04347495313921472,0.42328850455378775,0.0011631358687198166,0.004711226911828649,355.6368899917287,1.0,,,,,
macd_dea_6_13_5,oscillator,False,20,discovery,-1.0,-0.059144734380373515,-3.896788003980185,9.747687356567542e-05,1437,-0.35376420524369045,0.38343771746694505,-0.059144734380373515,-3.896788003980185,9.747687356567542e-05,0.019842346548052163,0.02117041119023838,0.02187106945457319,0.02150967476740316,0.021654308268113348,0.020550159779933637,0.01901758070607526,0.016585158137152948,0.012143247863505844,0.004463459001012492,-0.015378887590365037,-2.7251124359827705,-0.7333333333333332,-0.1446708140302872,-0.03881500908565318,-2.045538687647372,-0.05307473355629325,-3.7414551508798417,-0.07570885371631815,-3.205089772919306,-0.0735855074369309,-5.595998094903147,0.023058241546035245,-0.009529499117137817,-0.031254659559253176,-0.07603022944233088,0.05360638162284011,0.8621095413537845,0.004408259074532257,0.034891402554000285,227.571329157968,1.0,,,,,
macd_dea_6_13_5,oscillator,False,20,validation,-1.0,-0.054309370056745354,-4.292209201304013,1.769041539054821e-05,1194,-0.39628257765309133,0.34505862646566166,-0.054309370056745354,-4.292209201304013,1.769041539054821e-05,0.0051099382426933754,0.007209983750717538,0.008075886276048758,0.008836394876268106,0.008734924826438457,0.008786189065888796,0.00811045690451049,0.005745377470085812,0.0015931854036680428,-0.007785364238540813,-0.012895302535124416,-2.5987360901181917,-0.34545454545454546,-0.06661007481040941,-0.0292679260210801,-1.8560910199683556,-0.026205843003795106,-1.8344194721230556,-0.0510880571404036,-4.00842632072815,-0.06970070584762421,-5.861529633200725,-0.0057630863227630235,-0.03761003815830191,-0.05884133938199447,-0.09239575399427037,0.010456416222513608,0.8425119533211343,0.0011777481283771008,0.007807477590685689,354.7403685092127,1.0,,,,,
macd_hist_6_13_5,oscillator,False,1,discovery,-1.0,-0.038745915068530236,-10.848926390206836,2.017814947401777e-27,1456,-0.2916283547892726,0.3392857142857143,-0.038745915068530236,-10.848926390206836,2.017814947401777e-27,0.0009744115017643448,0.0007452446222916958,0.0008774219063694035,0.0009735958362257753,0.0011975178875481866,0.001165046323823812,0.00111295489329445,0.0010699248221119357,0.0007326529840838703,-0.0002402427750253538,-0.0012146542644336728,-3.568382593402646,-0.17575757575757575,0.6330572900865672,-0.03266858946868264,-7.272829159273829,-0.04088559788874341,-11.193783737566122,-0.027536391177521168,-4.982817521157439,-0.04135882400125091,-12.65462869489423,0.018668855403286846,-0.19306188181033165,-0.33421570661941064,-0.2617973203806574,-0.10663598566838665,0.28006711271642654,0.0012174834366785465,0.009434734632012916,228.21222527472528,1.0,,,,,
macd_hist_6_13_5,oscillator,False,1,validation,-1.0,-0.02399282980600043,-7.126241208796419,1.0314689538003889e-12,1213,-0.2004569147314371,0.403957131079967,-0.02399282980600043,-7.126241208796419,1.0314689538003889e-12,-2.8392795346934656e-05,0.0004657128341053795,0.0004886962498696384,0.0005561045251566523,0.0005541676015154724,0.0005702791439796413,0.0005102048652349241,0.000581460957059036,0.00016482820478382534,-0.001462607946465585,-0.001434215172121005,-4.627622149897282,0.0303030303030303,-0.20895231557670443,-0.0218732000433403,-4.93816625930448,-0.020950948398016405,-5.284536047652645,-0.021746274842447826,-6.196288158628813,-0.027069208158487904,-8.377439386460315,-0.12762356198259964,-0.3286576219046148,-0.4626803285192914,-0.407371505947285,-0.2521700059977215,0.26591806867991413,0.0007449776741928634,0.005426295126979497,355.8722176422094,1.0,,,,,
macd_hist_6_13_5,oscillator,False,5,discovery,-1.0,-0.03764378185067812,-6.2451109215614835,4.2349946780836155e-10,1452,-0.2800538777302103,0.3581267217630854,-0.03764378185067812,-6.2451109215614835,4.2349946780836155e-10,0.0038026250764262894,0.004681460245934305,0.00518977535564512,0.005566197317037688,0.005912627758602653,0.005922927034560707,0.005568973044359224,0.0047123622021425626,0.002685424567694638,-0.0012101903754909754,-0.005012815457369222,-4.473724042125869,-0.19999999999999998,0.9192207985953836,-0.03303864627170215,-4.269310996651394,-0.04028732150171472,-6.585982953971496,-0.02226750638781246,-2.416466577002097,-0.04254924900074916,-7.811971886938437,-0.02591748572290083,-0.14536678463563094,-0.22499965057745103,-0.19928341388971443,-0.08679785613788295,0.7900085906926594,0.0012208373855399199,0.017275090534438844,228.07920110192836,1.0,,,,,
macd_hist_6_13_5,oscillator,False,5,validation,-1.0,-0.014297666925306969,-2.510743014774635,0.012047736651057961,1209,-0.12374566157163182,0.46898263027295284,-0.014297666925306969,-2.510743014774635,0.012047736651057961,-0.0007913875395853362,0.0017545090302728515,0.002386542058026717,0.002388408099911473,0.002525133746831442,0.00252338199217212,0.0023150944655312266,0.002188505850453066,0.0011738572454769692,-0.0037951364677386973,-0.0030037489561002004,-2.8532675800432328,-0.19999999999999998,-1.475154650608135,-0.012559437367685217,-1.6490447910476682,-0.0064325733519543645,-0.9588856007396372,-0.00931322017061675,-1.5420920970171423,-0.01968346898860887,-3.6984376788844195,-0.10840303408972937,-0.22510655453835735,-0.3029089015041092,-0.2765139878206496,-0.17007144957599268,0.771848680215793,0.0007474424473084726,0.005120549740953828,355.6368899917287,1.0,,,,,
macd_hist_6_13_5,oscillator,False,20,discovery,-1.0,-0.0091046481895601,-1.2359295359435312,0.2164847570523759,1437,-0.06877380173508124,0.4627696590118302,-0.0091046481895601,-1.2359295359435312,0.2164847570523759,0.012286711106228816,0.017879414351022055,0.018974736313521198,0.020165416900121868,0.02127492275410059,0.02169338951585389,0.021336433039140398,0.019868846387172536,0.016897607384272536,0.008428032852443734,-0.003858678279506631,-1.5364583675977144,-0.01818181818181818,0.030019493820416437,-0.0026708200414771654,-0.3002553554977352,-0.012938811507280339,-1.7500451109089374,-0.01519135720312461,-1.3372480811499579,-0.016190312464279818,-2.4857821853095965,-0.06797575667090168,-0.10237416431133892,-0.12530643607163042,-0.13671688577543528,-0.06568399432534143,0.9100107841385514,0.00122856552062573,0.036261793031249,227.571329157968,1.0,,,,,
macd_hist_6_13_5,oscillator,False,20,validation,-1.0,-0.007871693801218492,-1.3589435424260614,0.17416447967266013,1194,-0.06882899691884616,0.48408710217755446,-0.007871693801218492,-1.3589435424260614,0.17416447967266013,-0.0002298064847435879,0.0056479448094296685,0.0070204344654948014,0.007784559687992125,0.00793040228085103,0.008399863194906754,0.008380513411825791,0.007771467642709059,0.006015896030236962,-0.004301613251184514,-0.004071806740045775,-2.085249484600487,0.06666666666666665,-0.021293096681430524,0.003681670130186416,0.47853228874665715,-0.0020982933955758865,-0.29388436680012736,-0.006810589867347953,-1.1067478201305947,-0.015918041060407024,-2.759580401596789,-0.07129461874030504,-0.1052721498738298,-0.12792383729617957,-0.1401529847619568,-0.06667862579979862,0.898876485013882,0.0007490096693714984,0.007246568971594337,354.7403685092127,1.0,,,,,
rsi_6,oscillator,False,1,discovery,-1.0,-0.04557873054859356,-11.234306116615057,2.7665887200646746e-29,1456,-0.3068557950370737,0.3557692307692308,-0.04557873054859356,-11.234306116615057,2.7665887200646746e-29,0.0007752475977078255,0.0009834733820776908,0.0009953931658134064,0.000977979778841881,0.001083131560862979,0.00115750231320767,0.0011383347258790489,0.001008721650571835,0.0008956334427339924,-0.0004066582283326982,-0.0011819058363271523,-3.551408247321368,-0.006060606060606061,0.4411710364106436,-0.03358683047961996,-6.697960637285421,-0.049358037108149705,-11.21874802622357,-0.0400543960534006,-6.3823699703834915,-0.05127796315147342,-13.170371977057094,-0.04138775917559857,-0.312545479568455,-0.4933172931636927,-0.3911452905067517,-0.2186101313973969,0.3586742333238842,0.002128382110910664,0.009087796244325095,228.21222527472528,1.0,,,,,
rsi_6,oscillator,False,1,validation,-1.0,-0.03183758994672624,-8.405944610882017,4.2443143259465606e-17,1213,-0.23106775631102108,0.40643033800494643,-0.03183758994672624,-8.405944610882017,4.2443143259465606e-17,-0.00022609984764448697,0.0002935035816617506,0.00044935942378475466,0.0006160723579335722,0.0006907380992917829,0.000707030892327384,0.0006229838120157501,0.00044398161749734853,0.00014593172864510944,-0.0013431848785952234,-0.001117085015081066,-3.4912203393374126,-0.10303030303030303,-0.28917276385946905,-0.013916029832227983,-3.066405010992337,-0.024878389226219533,-5.529346555809006,-0.03024108645452746,-7.411379363017601,-0.03908366121048717,-10.87762376503188,-0.17825539593665765,-0.4381840641476024,-0.6114698429548988,-0.5201684642816812,-0.3712658225369245,0.34382098969701685,0.0004934165421381949,0.0050552202233551755,355.8722176422094,1.0,,,,,
rsi_6,oscillator,False,5,discovery,-1.0,-0.04915217480274354,-7.215062883570397,5.390905853079823e-13,1452,-0.33610650315439855,0.3643250688705234,-0.04915217480274354,-7.215062883570397,5.390905853079823e-13,0.003963480627961954,0.0053719108461921595,0.005460715405326693,0.005698168331770978,0.005772410376696327,0.005727625168525345,0.005422607228803348,0.00425934235884349,0.002759006704391967,-0.0016036011567645673,-0.005567081784364478,-4.822307726024261,-0.3696969696969697,0.26696805391326056,-0.03642163869541881,-4.423063309512232,-0.0514027347911926,-7.038533995025526,-0.04314757890308784,-4.242746884106752,-0.0604828759817494,-9.397789243208148,-0.017856117685372108,-0.12438125465871767,-0.19539801264094808,-0.16869739833607503,-0.07168968347216562,0.7045313291887935,0.002134245422510969,0.01552723504724135,228.07920110192836,1.0,,,,,
rsi_6,oscillator,False,5,validation,-1.0,-0.026382297142340572,-4.017098634436044,5.891906758586924e-05,1209,-0.20386552882078907,0.43672456575682383,-0.026382297142340572,-4.017098634436044,5.891906758586924e-05,-0.0005590599692585068,0.0012768271474604298,0.0019104894802117625,0.002223586779727224,0.0026299349428746716,0.002727944611576568,0.0025743441834025307,0.002098115954543884,0.0008784671151161084,-0.003092731238706848,-0.002533671278189721,-2.1273296594334514,-0.04242424242424241,-1.928115861793608,-0.0024304994422478473,-0.2983231710364602,-0.013097759633217387,-1.6894301687517133,-0.02536076414511509,-3.6534070079669054,-0.037812082215468036,-6.082812073071541,-0.09864003135524932,-0.20312216501247762,-0.2727769207839631,-0.2550931226538275,-0.15210983277742712,0.6910194024948959,0.0004950490203586686,0.005209583263363569,355.6368899917287,1.0,,,,,
rsi_6,oscillator,False,20,discovery,-1.0,-0.02804407159422029,-2.511067914709286,0.012036653757642693,1437,-0.1910598892034144,0.43771746694502434,-0.02804407159422029,-2.511067914709286,0.012036653757642693,0.014627149343459076,0.01875268731792853,0.020148102481098988,0.020955509262510007,0.02115567206301427,0.020837674048779994,0.020278528762449993,0.01839999992174696,0.01538600867539355,0.008266066725462182,-0.0063610826332184305,-1.598369498303276,-0.24848484848484845,-0.49277312697063524,-0.014241740769499092,-1.006315745385707,-0.027111735329493798,-2.4219976244078802,-0.040432936098193706,-2.411522602484362,-0.041498942841417155,-4.306665022137597,-0.04217543599124401,-0.07581293594017564,-0.09823793590613007,-0.11667509510714776,-0.04108615171820618,0.8898809510299375,0.0021540113049445878,0.032845570943198406,227.571329157968,1.0,,,,,
rsi_6,oscillator,False,20,validation,-1.0,-0.02593011332838055,-3.041303848419398,0.002355559890972436,1194,-0.21371342924099626,0.4288107202680067,-0.02593011332838055,-3.041303848419398,0.002355559890972436,0.0015199431601870443,0.005103833913441271,0.006826956203667197,0.007456384443621253,0.008321807635881823,0.008784064850343647,0.008168514947092217,0.006924111597092429,0.004100073793569067,-0.00278745961366141,-0.004307402781138885,-1.3294023989515946,-0.04242424242424241,-0.159889339599861,-0.003631529128771756,-0.3245008353504468,-0.007493181567923033,-0.7126793991652046,-0.027045953143620082,-3.042761252710352,-0.03955792970014982,-4.792011497755007,-0.051911486072544887,-0.08555523406710316,-0.1079843993968087,-0.12075740376706434,-0.05047192354814234,0.890046243242283,0.0004993114045975571,0.008253283623974128,354.7403685092127,1.0,,,,,
rsi_14,oscillator,False,1,discovery,-1.0,-0.04517570953290128,-10.374545523770513,3.23749160430933e-25,1456,-0.2923997719545396,0.3743131868131868,-0.04517570953290128,-10.374545523770513,3.23749160430933e-25,0.0008837291994929408,0.0010717317631343366,0.001097191915631649,0.0010989327938031922,0.0009857466828793304,0.0010384077433180585,0.001089638433045066,0.0009774230146032611,0.0008085564092014535,-0.00044286779746059636,-0.0013265970020846318,-3.8529793129998424,-0.5030303030303029,0.6029292286815015,-0.030185963398153135,-5.698916214963038,-0.0468423634499961,-10.063668053325907,-0.0431243536873078,-6.6625761751388834,-0.05236629741309296,-12.711920476794779,-0.022783736517514905,-0.20552957024855642,-0.32736012606925075,-0.2902548328891113,-0.11445955437520271,0.24172729329502846,0.0027923606416712012,0.008337365961339386,228.21222527472528,1.0,,,,,
rsi_14,oscillator,False,1,validation,-1.0,-0.03564212904650561,-8.614222077995516,7.041808083687269e-18,1213,-0.243239655722026,0.3882934872217642,-0.03564212904650561,-8.614222077995516,7.041808083687269e-18,-3.798931432897365e-05,0.0003198240589775887,0.0004005217884195462,0.000531355240917124,0.000621948866002583,0.0007616307351952823,0.0006526696518504281,0.0004832904509188672,2.2685410715420757e-05,-0.001355465440395525,-0.0013174761172430284,-3.703210902282556,-0.01818181818181818,-0.4050297983569676,-0.01294476555702643,-2.554792826601429,-0.025007949386571006,-5.143413767763285,-0.032592397766648074,-7.357135550071046,-0.04539536669040721,-11.74923430586765,-0.12551029176588527,-0.30098070579953784,-0.4179609818219728,-0.3867585974420104,-0.2279448850571863,0.23210372226673615,0.000543726424464721,0.004894944054887669,355.8722176422094,1.0,,,,,
rsi_14,oscillator,False,5,discovery,-1.0,-0.055700185048764235,-7.1050175293778075,1.2030726873910317e-12,1452,-0.35392092048666807,0.36363636363636365,-0.055700185048764235,-7.1050175293778075,1.2030726873910317e-12,0.004418772823548111,0.005597192359538378,0.005772987788653708,0.005938178715635233,0.005468361394103656,0.005318603406259409,0.004918014432563317,0.003892835609560991,0.0027987831793709907,-0.0012913497675146846,-0.005710122595475755,-4.351331847358204,-0.6969696969696969,0.2968500839551452,-0.034675803729780366,-3.646634166681234,-0.054556574095695594,-6.620795126163475,-0.055841534220217835,-4.771599701110133,-0.06962152531399093,-9.549915609675397,0.0045073863432053786,-0.073150716777762,-0.1249227855250736,-0.12947630873998514,-0.010649157449743778,0.5136117931280911,0.002800053095229524,0.01492172754825075,228.07920110192836,1.0,,,,,
rsi_14,oscillator,False,5,validation,-1.0,-0.04022944205165337,-5.4284062772800645,5.685949064475589e-08,1209,-0.2902110936618488,0.38461538461538464,-0.04022944205165337,-5.4284062772800645,5.685949064475589e-08,0.00024141554026240025,0.0014806599380724232,0.0017709849988706114,0.0022051923871711852,0.0026589812098735256,0.0028492143725529512,0.0025437065271548,0.00201037896289754,0.00036793199411789906,-0.0034598238958348784,-0.0037012394349921936,-2.7118242836569277,-0.04242424242424241,-1.9117247637459673,-0.008344722207518359,-0.8933589493542152,-0.02147393626206369,-2.4587015762636266,-0.03759618470983973,-4.841661667452509,-0.05516874766525229,-7.918076656046683,-0.057133600553870414,-0.13276966935713466,-0.1831937152259775,-0.19164010122085695,-0.07461625648942163,0.5002385502861392,0.000545525353908773,0.0051234577502439075,355.6368899917287,1.0,,,,,
rsi_14,oscillator,False,20,discovery,-1.0,-0.047763878101480535,-3.316195916405715,0.0009125183322727189,1437,-0.29531032296163934,0.39526791927627003,-0.047763878101480535,-3.316195916405715,0.0009125183322727189,0.016726339471775913,0.020519486613839878,0.020934865901016397,0.02147850862711677,0.02113252099332508,0.02074413381316994,0.019516328977884908,0.01725537409099364,0.013719667521253767,0.006777895799859455,-0.009948443696090775,-2.001674927397289,-0.5030303030303029,0.11990621066965532,-0.021795691023536377,-1.210486516774145,-0.04143013229380491,-2.9753909950934196,-0.06055989347345951,-2.8237977254824997,-0.06585507260719252,-5.234947613893746,-0.01665914460892265,-0.04695784730770688,-0.0671569824402297,-0.10054928454579155,0.0012875137978860076,0.8015529814493183,0.002829281206870751,0.031747247610421345,227.571329157968,1.0,,,,,
rsi_14,oscillator,False,20,validation,-1.0,-0.04725664029924998,-3.9723001218078196,7.118195766263236e-05,1194,-0.3582540742808617,0.3685092127303183,-0.04725664029924998,-3.9723001218078196,7.118195766263236e-05,0.004191299565173117,0.006386922917354271,0.007119640348565391,0.007968029681200936,0.008406003043949612,0.008711763307883836,0.007823713040601695,0.005904646395589176,0.002126746910889234,-0.004220931560120025,-0.008412231129775108,-1.8931405865767796,-0.309090909090909,-0.459084553135825,-0.01798712505590277,-1.230139851937629,-0.019804316304361993,-1.450681614506805,-0.04408728235249454,-3.6593639029279,-0.06417717383662194,-5.618274956843031,-0.01781795116812143,-0.048188610374052934,-0.06843571651134062,-0.09788718885800574,-0.0009178986775902574,0.803456592749511,0.0005504218629410044,0.008323814910430917,354.7403685092127,1.0,,,,,
rsi_24,oscillator,False,1,discovery,-1.0,-0.04339376188128661,-9.798301455561015,1.1449468757181985e-22,1456,-0.28102116596186943,0.3784340659340659,-0.04339376188128661,-9.798301455561015,1.1449468757181985e-22,0.0009786203963325793,0.001147143975995877,0.001125402363480579,0.001106723429273558,0.0010449235710882601,0.000996572372013521,0.0009476689198942954,0.0009110926128131608,0.000703750500876125,-0.0003535692094573988,-0.0013321896098464744,-3.8414950559170724,-0.8181818181818182,0.7619289202080767,-0.026835787965755226,-4.965750998666641,-0.04434643663631545,-9.359448330548329,-0.042458316323378285,-6.553266106838963,-0.05124004432430381,-12.357473754115363,0.0004567428008679888,-0.14112732737208092,-0.2355167074873802,-0.2257636777702549,-0.051268462853771575,0.18728051610178426,0.002940085125513948,0.00788449416443025,228.2129120879121,1.0,,,,,
rsi_24,oscillator,False,1,validation,-1.0,-0.036701151509581156,-8.489511491533031,2.0750749838158414e-17,1213,-0.24501061396087742,0.3948887056883759,-0.036701151509581156,-8.489511491533031,2.0750749838158414e-17,0.00015542261880474914,0.00039962846768043747,0.00040071884497910605,0.0004900015208856664,0.000634046174882472,0.0005686949452835528,0.0005844337575601693,0.00045610692548991725,2.165364372200143e-05,-0.0013100982349849202,-0.0014655208481442695,-3.844443283600406,-0.13939393939393938,-0.13599791114054782,-0.012052789603039975,-2.243229504363075,-0.0243224805906965,-4.751451552988841,-0.03195528162358801,-6.931682706452712,-0.04763374867956926,-12.001376745200611,-0.07574055258958981,-0.2108673686510803,-0.3009519126920739,-0.3034155514340416,-0.1298321157419231,0.17873917468451117,0.0006029859332249539,0.004772487993452695,355.8722176422094,1.0,,,,,
rsi_24,oscillator,False,5,discovery,-1.0,-0.05903586705804608,-7.208467872579428,5.658491800990516e-13,1452,-0.3671024357908436,0.3581267217630854,-0.05903586705804608,-7.208467872579428,5.658491800990516e-13,0.004863111163391713,0.005976772064943929,0.005936148607976346,0.005682845024390561,0.005336956677920095,0.005122336223293866,0.0045697005019502655,0.0036228227424729862,0.002607806369027603,-0.0008860918187415073,-0.005749202964534936,-4.189078753600679,-0.8181818181818182,0.40657399693206575,-0.033142737303271795,-3.309645799713478,-0.05625821570100933,-6.538504639959633,-0.06087481887267632,-4.99774860550714,-0.07428146895261346,-9.865666409244183,0.02518371446891582,-0.03659678212790625,-0.07778377985912095,-0.10147571888743205,0.029640615386601694,0.4086011679683999,0.002948184533573215,0.014739964059849087,228.07988980716254,1.0,,,,,
rsi_24,oscillator,False,5,validation,-1.0,-0.04709942282608504,-6.01220034472458,1.83021933658593e-09,1209,-0.327195701610371,0.3746898263027295,-0.04709942282608504,-6.01220034472458,1.83021933658593e-09,0.0009869471738490052,0.001772887714590072,0.0019141798416678632,0.002133238624643884,0.00256854821148313,0.002358927807480931,0.002491626310248333,0.001565905089716856,0.00035036858267635545,-0.00347376602872238,-0.004460713182296951,-2.9747341052187632,-0.2727272727272727,-1.3990353798073387,-0.011699344667819002,-1.1955105332306128,-0.02542716852963938,-2.7370598290138983,-0.04182312574297983,-5.091076244249652,-0.06367660486257795,-8.745091290158191,-0.01961065927489065,-0.07923012653180583,-0.11897643803641596,-0.14500827965231328,-0.016155576246648908,0.39430864587906866,0.0006030483775663539,0.00516787126627223,355.6368899917287,1.0,,,,,
rsi_24,oscillator,False,20,discovery,-1.0,-0.05779392500319285,-3.680947894228108,0.00023236849196632523,1437,-0.346352949834911,0.3792623521224774,-0.05779392500319285,-3.680947894228108,0.00023236849196632523,0.018394381879406282,0.021646583993608734,0.021374032722641503,0.02071286380197689,0.02091761701558299,0.020379425735748073,0.01876692445949125,0.016541239952599495,0.01323553624879436,0.006839088858090331,-0.011555292973288049,-2.159553679363525,-0.7333333333333332,0.4346706673633135,-0.023146925826776465,-1.180586859923528,-0.05019728945228943,-3.2684369419398993,-0.07064671715736917,-3.065104930467388,-0.07811363320919201,-5.59878777841728,0.004506223337125685,-0.021908486631257044,-0.039518293276845536,-0.082894881300013,0.029286015315511022,0.6988018510154161,0.002978958902399658,0.03175654790734272,227.57202505219206,1.0,,,,,
rsi_24,oscillator,False,20,validation,-1.0,-0.05736120738799264,-4.139114969413815,3.486482071497104e-05,1194,-0.40821460919848895,0.34505862646566166,-0.05736120738799264,-4.139114969413815,3.486482071497104e-05,0.005438658127544539,0.007250424449908462,0.007683400067197629,0.007875963219057468,0.008489182483556987,0.007910313623736571,0.007530676232076307,0.005378093045768539,0.0016337567789655493,-0.004773133753523153,-0.010211791803395778,-1.9487061123654108,-0.4545454545454545,-0.38383362626730416,-0.022959216432440192,-1.397776371157624,-0.024463834759715752,-1.54673484581064,-0.050186279162178965,-3.558709997916406,-0.07653075539048428,-5.858864568688762,-0.0018936857596641155,-0.028196063182873883,-0.04573098146501372,-0.08576729494184969,0.02519982318713431,0.6958300905611048,0.0006086675376495599,0.008200033506810653,354.7403685092127,1.0,,,,,
kdj_k,oscillator,False,1,discovery,-1.0,-0.035881170704669785,-9.837239642899453,7.78165756157548e-23,1456,-0.26234033134193663,0.38324175824175827,-0.035881170704669785,-9.837239642899453,7.78165756157548e-23,0.0008985877705322059,0.000880368872372146,0.0009329010019495559,0.0010486488663719602,0.001104947150830446,0.0012827757216956773,0.0012272768810998218,0.0012022718100508246,0.0008005992338459672,-0.0007694219283725044,-0.0016680097047196045,-5.234290025548465,-0.04242424242424241,-0.37646014218647,-0.030802376703922073,-6.882772394031698,-0.038046768958368345,-9.73146078681996,-0.030706060122490542,-5.423797185788826,-0.04055858410669276,-12.079964267494367,0.019452925505954857,-0.16301550330807663,-0.2846611225174309,-0.21901320034319804,-0.09196680398801416,0.2413603555741157,0.0060286705347307665,0.006987142015842127,228.21222527472528,1.0,,,,,
kdj_k,oscillator,False,1,validation,-1.0,-0.020663086799115087,-5.620989506147522,1.8986680703275634e-08,1213,-0.159466060873443,0.4229183841714757,-0.020663086799115087,-5.620989506147522,1.8986680703275634e-08,-0.00016334975024074683,0.00020305893222307558,0.000437869454174292,0.0005150312917376576,0.0006186676203158338,0.0006758405849465651,0.0005915648211671512,0.0004910154608193109,0.0001490343634789175,-0.0011184305357948682,-0.0009550807877689997,-3.1169864671482284,-0.04242424242424241,-0.7685716109730044,-0.009485202850508415,-2.0602744703739075,-0.014966420266702035,-3.4678502539692144,-0.021435612375753917,-5.511866466009784,-0.024923382764789663,-7.171095574131578,-0.11984707005148014,-0.300918511671577,-0.421632806084975,-0.35740151127391473,-0.25371292286814673,0.2395124889154721,0.0007627392872962225,0.003426276060989816,355.8722176422094,1.0,,,,,
kdj_k,oscillator,False,5,discovery,-1.0,-0.021970150611387674,-3.2979565042996577,0.0009739121953982452,1452,-0.15708237771275232,0.4428374655647383,-0.021970150611387674,-3.2979565042996577,0.0009739121953982452,0.002813310931472967,0.004210450672233682,0.004915146672991854,0.005452631666566182,0.005673519852929075,0.005726739729633972,0.005684193831522872,0.004889369610317378,0.0036780157865567253,-0.00021213242658988006,-0.003025443369241113,-2.500510996113523,-0.07878787878787878,-0.08782818088032243,-0.023693002342132945,-2.884081831378865,-0.025617715533256414,-3.6194139003517374,-0.01970451686786299,-1.8959254223306465,-0.029849558162121547,-4.828790066784246,-0.07551601817185581,-0.18250491866091417,-0.25383085232028646,-0.23242909121999658,-0.12879170933649778,0.707598548208058,0.006042801085526006,0.015388884521493581,228.07920110192836,1.0,,,,,
kdj_k,oscillator,False,5,validation,-1.0,-0.011523166846863836,-1.7494111041208826,0.0802199828162413,1209,-0.09175441748108773,0.4747725392886683,-0.011523166846863836,-1.7494111041208826,0.0802199828162413,-0.0007294770595226743,0.0008945233969353821,0.0016686182483759715,0.0021158949243061205,0.002498621660107716,0.0026259555349354225,0.002298751828346707,0.0020179595721262164,0.0010570125534573858,-0.0017787734394018925,-0.0010492963738727165,-0.862326503222772,0.04242424242424241,-2.0196878041021513,0.004521599071403862,0.5293243839995091,-0.0012461130355187343,-0.16193644450092515,-0.01125353107668827,-1.6422568740060852,-0.020502534843209016,-3.2534318187999998,-0.10303367903175138,-0.20918225326060608,-0.2799479694131758,-0.25918643085214466,-0.1615472219354463,0.7020408348469226,0.0007652628250540265,0.004049805403364293,355.6368899917287,1.0,,,,,
kdj_k,oscillator,False,20,discovery,-1.0,-0.004732013038865426,-0.4368395880545217,0.6622276865750664,1437,-0.03283168621258449,0.5212247738343772,-0.004732013038865426,-0.4368395880545217,0.6622276865750664,0.013267254619590234,0.01733737153727976,0.018474734721973227,0.019897914720156597,0.02079347099326694,0.020915253332592428,0.02043107173107724,0.01903218920415637,0.01697505075461952,0.011679582014291524,-0.001587672626114241,-0.3938707558030154,-0.04242424242424241,-0.906253531187759,-0.003910032518553202,-0.2834873145698579,-0.0039747706171117765,-0.3726358347996708,-0.01631269940407828,-0.9570051217798923,-0.015450456989117333,-1.6559624271691962,-0.057110514646631604,-0.09117644844192047,-0.11388707097211304,-0.13135589403138,-0.05429725317528115,0.9012151797695466,0.0060958654743540844,0.03282170186727259,227.571329157968,1.0,,,,,
kdj_k,oscillator,False,20,validation,-1.0,-0.013020182049134674,-1.498980702934018,0.13387863825203036,1194,-0.10758441706524483,0.49246231155778897,-0.013020182049134674,-1.498980702934018,0.13387863825203036,0.0010727701207133044,0.005008802976799324,0.006764795513725105,0.007543442175371075,0.007919110472787327,0.008129118994016913,0.007502099825284418,0.006354725429054737,0.004344191451233426,-0.00022121038303185578,-0.0012939805237083405,-0.371721924542279,-0.13939393939393938,0.4210619458577803,0.0027303491976059524,0.234130655259819,-0.0019911618951871,-0.18291399806142342,-0.015043487055352935,-1.643844766382767,-0.023134347623685797,-2.724091550841057,-0.056183781602847184,-0.09049822030487098,-0.11337451277288686,-0.1278160329852781,-0.05333859515808235,0.9077893836514235,0.0007748766796401322,0.007358856843761051,354.7403685092127,1.0,,,,,
kdj_d,oscillator,False,1,discovery,-1.0,-0.02507151842503721,-6.887227352701029,5.689026442811898e-12,1456,-0.18815721105919486,0.4141483516483517,-0.02507151842503721,-6.887227352701029,5.689026442811898e-12,0.0007350052061564544,0.0008233776012515351,0.0009279557738894224,0.0011205757630270746,0.001229188001386549,0.0011328152935491814,0.001151829887382499,0.0010269732150511661,0.0007915587788268631,-0.0003308082536657641,-0.0010658134651548806,-3.294825380514538,-0.04242424242424241,-0.7763954244564096,-0.022286752520788038,-4.981063679336322,-0.026507459177302514,-6.938596882915035,-0.022530704795571,-4.028512239227169,-0.029180400636945266,-8.751633753266283,-0.020199239483828863,-0.14400621152534004,-0.2265441928863475,-0.20911601093068893,-0.068352939890922,0.16376583603374495,0.006388459540295906,0.006795434410438187,228.21222527472528,1.0,,,,,
kdj_d,oscillator,False,1,validation,-1.0,-0.015320843914997828,-4.194252090087032,2.7377338368283627e-05,1213,-0.11943930744136154,0.4517724649629019,-0.015320843914997828,-4.194252090087032,2.7377338368283627e-05,-0.0001523054457935908,0.00012435260019915334,0.0003587641422035296,0.0004170284610176834,0.0005763837048740806,0.0005895026987952863,0.0005323529841012506,0.0003750764582394586,0.000160619002942214,-0.0005813497202185919,-0.00042904428756693707,-1.380193898845546,0.04242424242424241,-0.7437619049400636,-0.005383055962767448,-1.1194667874574409,-0.010060227789124512,-2.3354771608241287,-0.016042633634823607,-4.1780259988574775,-0.019593667925068135,-5.743301497450845,-0.11141999969943245,-0.23306626288929813,-0.3141637716825419,-0.2886959401063636,-0.18146184087531886,0.16090775554215034,0.0009790210599219466,0.003151178575924737,355.8722176422094,1.0,,,,,
kdj_d,oscillator,False,5,discovery,-1.0,-0.011068053968349855,-1.616556697794563,0.10597400540845602,1452,-0.07955547472526285,0.49173553719008267,-0.011068053968349855,-1.616556697794563,0.10597400540845602,0.002554773803372887,0.003887933962872791,0.004427692296541598,0.005267987423160252,0.0053871489107431125,0.005722462505216067,0.0052451027810749805,0.00502349568540428,0.004169863113246455,0.0011450513539031978,-0.0014097224351438948,-1.1191300947461977,0.006060606060606061,-0.343226250711406,-0.014597668679313253,-1.705377804849496,-0.013805318399273816,-1.9279988394201977,-0.013803875523257337,-1.3022044012915421,-0.017986599379597946,-2.8397068535282095,-0.08940820867072576,-0.18276705130120077,-0.24500627972151742,-0.24012722032861364,-0.1210881674107506,0.617452662899967,0.0064035812453764485,0.015301658117055852,228.07920110192836,1.0,,,,,
kdj_d,oscillator,False,5,validation,-1.0,-0.010059187787437298,-1.520365156348414,0.12841922662455535,1209,-0.081121331617282,0.47642679900744417,-0.010059187787437298,-1.520365156348414,0.12841922662455535,-0.0008007358553409774,0.0007615129701605054,0.0014928866813444595,0.0019669600966165704,0.002287643223649374,0.0024451271745734395,0.002362072867313608,0.0019183481695541195,0.0011772002688061243,-0.0009421914497884986,-0.00014145559803359334,-0.11400957589539652,0.06666666666666665,-1.3021712926610778,0.0058523013284751514,0.6560208749525409,-0.0010735310320970396,-0.13751508303151044,-0.010222723985740235,-1.4884325597690182,-0.019408488903377905,-3.06176591005742,-0.1060050107796667,-0.19919276522151255,-0.26131793484940974,-0.24946242461295348,-0.14938632380147235,0.616321127260885,0.0009803276237892256,0.004070222705357683,355.6368899917287,1.0,,,,,
kdj_d,oscillator,False,20,discovery,-1.0,-0.0046646355108442466,-0.3925278798105842,0.6946682157422746,1437,-0.03160419171332409,0.5205288796102993,-0.0046646355108442466,-0.3925278798105842,0.6946682157422746,0.013710674687674566,0.017603728284324407,0.018109874034540407,0.019719108656711025,0.020731451607149443,0.020952021988271206,0.020211538220207957,0.01864657974987796,0.016902739009706177,0.012216552405764115,-0.0014941222875104554,-0.34046480711923877,-0.04242424242424241,-0.7420926794421712,-0.004207307521133966,-0.27915843296307796,-0.00302464363944469,-0.26598452614639206,-0.016918922828696024,-0.9154925746098322,-0.014743984160886814,-1.4444479060348354,-0.051795107250971736,-0.0858428205607595,-0.108541296100618,-0.13208324570188748,-0.04467848356976434,0.9007331563435915,0.006460411606645555,0.0328237936560132,227.571329157968,1.0,,,,,
kdj_d,oscillator,False,20,validation,-1.0,-0.016049248594394022,-1.6523530773687192,0.09846259503587143,1194,-0.13057934165242222,0.46063651591289784,-0.016049248594394022,-1.6523530773687192,0.09846259503587143,0.0019052436737168363,0.005198976279058828,0.006817045297038184,0.007624208738162456,0.007548488677641835,0.0077087375803469756,0.0074414500332892,0.0059783105369715,0.003768200827993682,0.00042707667150780875,-0.0014781669944242404,-0.3787209099539421,-0.1515151515151515,0.6833450674517045,-0.002972109391705708,-0.226066803276465,-0.0056092152136783206,-0.47184756154410656,-0.017724547353720855,-1.7359847505375106,-0.02489965921816306,-2.6475935686456626,-0.045848071522810806,-0.08023994984884583,-0.10316786873286918,-0.12254806446100852,-0.03733871956847752,0.9098380509533075,0.0009926432974549195,0.00743038583234096,354.7403685092127,1.0,,,,,
kdj_j,oscillator,False,1,discovery,-1.0,-0.04183205781152667,-12.158765640580047,5.15314377480624e-34,1456,-0.32353281130272765,0.3399725274725275,-0.04183205781152667,-12.158765640580047,5.15314377480624e-34,0.0010861551534356215,0.0009313856438536719,0.0009663360812445952,0.0010563982025297164,0.001139633642811372,0.001152471253871911,0.0010860444613094067,0.0011685076682122419,0.0008431579214906418,-0.0008207552140996418,-0.001906910360348475,-6.714793802662935,-0.16363636363636364,0.023592500699133642,-0.03554545246058027,-8.434272948827644,-0.044522063564437594,-12.062207292727335,-0.03397641631991251,-6.445690942398021,-0.045379677935678264,-14.232176719237293,0.06928618327461979,-0.18815359189004918,-0.3597801086664951,-0.23068030682318355,-0.12086964478275058,0.340528803127869,0.004869541601862523,0.007312019149949365,228.21222527472528,1.0,,,,,
kdj_j,oscillator,False,1,validation,-1.0,-0.021795316917439893,-6.301669674539324,2.944561963009111e-10,1213,-0.17847143807745247,0.4253915910964551,-0.021795316917439893,-6.301669674539324,2.944561963009111e-10,-9.502699623299093e-05,0.00024354235088256047,0.00045341831394536127,0.0005899234822999388,0.0007213290122749412,0.0006959229988182668,0.0005748988716825103,0.00043286194479506563,0.0001227150438864776,-0.0013388033119791098,-0.0012437763184528592,-4.52922164927399,-0.1515151515151515,-0.7478357669579969,-0.013002893430580479,-3.066344321329063,-0.01653034326602168,-4.019041576479741,-0.022249489752399165,-6.012849623382634,-0.025100699871450406,-7.536395110565318,-0.10917943034729469,-0.3643376946099287,-0.5344432041183513,-0.4204143365425336,-0.30849842766679875,0.33751093156433065,0.000633166711362845,0.0037213692935651995,355.8722176422094,1.0,,,,,
kdj_j,oscillator,False,5,discovery,-1.0,-0.030464245083829295,-5.048159248532062,4.4608724504390246e-07,1452,-0.2307941741091661,0.4090909090909091,-0.030464245083829295,-5.048159248532062,4.4608724504390246e-07,0.0033649880856889466,0.004468674650863159,0.005264802207051311,0.00572501551368658,0.005859062815046649,0.005820740209764718,0.005382166675967422,0.00478001585178266,0.003169366967164104,-0.001003282420949632,-0.004368270534536796,-4.137552723178139,-0.24848484848484845,-0.12067724333532465,-0.03125947766973685,-4.278840022884135,-0.033786771546818306,-5.243348194633264,-0.01938853069978125,-2.0497540515793413,-0.03654257820309579,-6.542799779426466,-0.048461697375702995,-0.1790455168791325,-0.2661013965480855,-0.21876225751765146,-0.1326630419128192,0.8636495998904068,0.004882956317019169,0.015129991876796535,228.07920110192836,1.0,,,,,
kdj_j,oscillator,False,5,validation,-1.0,-0.009013869383782468,-1.4930128231685091,0.13543383030255984,1209,-0.07538816579809487,0.49545078577336643,-0.009013869383782468,-1.4930128231685091,0.13543383030255984,-0.000279484696455676,0.0010228798496303647,0.0016313420899360565,0.002150191481170752,0.0024706811687353327,0.0025688561616769292,0.0022183392977482377,0.0019638923718210055,0.001112967721355195,-0.0021912070433734365,-0.0019117223370991297,-1.8390901218172921,0.04242424242424241,-2.545112450694155,0.001597138079187761,0.20728292420256691,-6.041011360059496e-05,-0.008524206647357525,-0.007712357038559047,-1.2173513462342365,-0.015337253464063776,-2.6840660219522317,-0.08061944226775261,-0.21051642432266418,-0.29711441235927183,-0.2502761898345914,-0.16963327125761646,0.8591070241726954,0.0006352615557345996,0.004098625399358725,355.6368899917287,1.0,,,,,
kdj_j,oscillator,False,20,discovery,-1.0,-0.003258180543061744,-0.4174064749664004,0.6763811196110207,1437,-0.024708685052877183,0.5170494084899095,-0.003258180543061744,-0.4174064749664004,0.6763811196110207,0.013311293795701399,0.017161510845222525,0.01873064712241241,0.019629934253835593,0.020227272203643256,0.020836217723167266,0.02001106739450266,0.01935385652285856,0.017345328115888195,0.01219980527852855,-0.001111488555922259,-0.41480790625641906,0.04242424242424241,-1.116917995105047,-0.002397923606749081,-0.23964677436063025,-0.003493535084908027,-0.4246614524906082,-0.009390751487794082,-0.8033269616452969,-0.012171381742141012,-1.8015169461259495,-0.056777244053641984,-0.09115425907409609,-0.11407226908773219,-0.11699651269866825,-0.06895470242671739,0.9094448418109551,0.004931423416790256,0.0321184322647893,227.571329157968,1.0,,,,,
kdj_j,oscillator,False,20,validation,-1.0,-0.005999719413237235,-0.9734588753200628,0.3303252898347597,1194,-0.0535426345573337,0.49246231155778897,-0.005999719413237235,-0.9734588753200628,0.3303252898347597,0.0011983796257489644,0.004519217090845946,0.00604144693192016,0.007375645078644319,0.007555546820278485,0.008399731755937497,0.007481339952105456,0.006720800275532268,0.004939389486821139,0.00018549777926894496,-0.0010128818038762102,-0.46910705046392037,0.04242424242424241,-0.29512002765752604,0.00834289383322782,0.9992513153839205,0.003416453657992195,0.4247548166784386,-0.007913141541339154,-1.2060902473574897,-0.015517265812989869,-2.5477464271041117,-0.054518934939109,-0.08879639392678233,-0.11164803325189787,-0.10902706063048846,-0.06706933428510534,0.9068110843299821,0.0006393377019413802,0.006900695628187053,354.7403685092127,1.0,,,,,
wr_14,oscillator,False,1,discovery,1.0,0.0354518400670933,9.045497295269271,1.489854624033656e-19,1456,0.24425519294196035,0.6201923076923077,0.0354518400670933,9.045497295269271,1.489854624033656e-19,-0.00042165207899797977,0.001242735221263279,0.00140696650116697,0.0015629307907564327,0.0014883318295226767,0.0012112822904330111,0.000882938748900847,0.0012922571020856817,0.0008266757274170519,0.0006452973558653121,0.0011084666892028144,3.8477842219807368,-0.23636363636363633,-0.10249122769739001,0.02736094703008708,5.721498416928782,0.03914322282479499,9.197631976164738,0.032716575394233574,5.304220324952998,0.04017427534167687,10.788680155934008,-0.07113987676237124,-0.40777799787798813,-0.632203411955066,-0.4632634669458633,-0.3356567443396408,0.4452885199942022,0.0015970603700415078,0.0072613756536476694,223.97115384615384,1.0,,,,,
wr_14,oscillator,False,1,validation,1.0,0.023485461513173347,6.369462012883706,1.8969239344053227e-10,1213,0.18009287092317539,0.5754328112118714,0.023485461513173347,6.369462012883706,1.8969239344053227e-10,-0.0016146484036819871,0.000495049246459453,0.000667539136271865,0.0007789420470195864,0.0006714998971739924,0.0006862339048808602,0.0006505310424366085,0.0004367534224078698,0.00012691640465611043,-0.0002776970747355202,0.001378485326419485,4.597971538301033,-0.18787878787878787,0.287021508907289,0.007553107973367824,1.7061976407156225,0.017602335189093352,4.119070808844698,0.02340376244755864,5.962711284980356,0.02916715911585322,8.179969172174397,-0.16116091738666763,-0.5169381242397243,-0.7541229288084287,-0.5939974780829917,-0.45648288983077806,0.4706047709696517,0.0004681158254786048,0.0038868236357978833,358.2555647155812,1.0,,,,,
wr_14,oscillator,False,5,discovery,1.0,0.027882649814283487,4.1300301301666,3.6271569473240115e-05,1452,0.19384396370952323,0.5743801652892562,0.027882649814283487,4.1300301301666,3.6271569473240115e-05,-0.0007540360351129508,0.004111897978121809,0.005546187325434598,0.005827795625195377,0.006137351531119917,0.0058397210271903185,0.005620447240468155,0.005264583307068563,0.004726613675529892,0.003651116109900709,0.003947153043752194,3.690684987330939,0.04242424242424241,-0.2850236157121447,0.02229775099158986,2.7803619251231875,0.030152172789629814,4.187198621788854,0.024216416809153544,2.311635915376865,0.03772466493702461,5.9545146810692104,-0.05143622914319249,-0.16332450574111154,-0.23791669013972427,-0.20663393267184368,-0.10652224968588146,0.7400018293513164,0.0016014599853859748,0.015126391785083333,223.84710743801654,1.0,,,,,
wr_14,oscillator,False,5,validation,1.0,0.01466162945249798,2.353859598142091,0.018579627305661994,1209,0.11819959743141738,0.5244003308519437,0.01466162945249798,2.353859598142091,0.018579627305661994,-0.002832383800834218,0.0016630506229894963,0.0023916036054176934,0.002534322134387659,0.002563567828570704,0.002497288405362233,0.0022983135252377723,0.0016054745669019073,0.0009069898624147754,-0.0005544713965058221,0.0023114539511387214,2.112296820444681,-0.18787878787878787,2.0698038547162647,-0.005289835464882389,-0.684448251508843,0.004795179108252697,0.6609116592052671,0.014232458497926334,2.1909617483945447,0.024094426691355635,3.97216130057308,-0.08757378852634985,-0.19965618792285572,-0.27437778752052633,-0.24105679496480112,-0.15732367936707742,0.7412857102943512,0.00046966459578622635,0.004078844892136665,358.03308519437553,1.0,,,,,
wr_14,oscillator,False,20,discovery,1.0,0.011344732822421466,1.0539450017064251,0.29190809793360695,1437,0.07807872604962456,0.4968684759916493,0.011344732822421466,1.0539450017064251,0.29190809793360695,0.009961104089159963,0.017699131561080186,0.01958180674960723,0.020313423155709755,0.021204352357317328,0.020620457000511246,0.02026183575761904,0.0198324372476101,0.01772191057770054,0.014154451510918107,0.003220063294460755,0.8815461184480106,0.10303030303030303,1.007785168056841,0.005973915727590742,0.446559442227679,0.010487355784816126,0.9658178884878368,0.024267242314875915,1.387523568855827,0.022872875133734996,2.451733870940852,-0.04849649130755892,-0.08285209624724119,-0.10575583287369601,-0.12244267728884281,-0.04447147247598404,0.9088784375577315,0.0016181766866948054,0.03144858898669507,223.36395267919275,1.0,,,,,
wr_14,oscillator,False,20,validation,1.0,0.015192988109101649,1.910483889051634,0.05607093881045585,1194,0.13308313883572484,0.5309882747068677,0.015192988109101649,1.910483889051634,0.05607093881045585,-0.0023175546975195615,0.005432791584385002,0.007271457296509297,0.008184540894790806,0.008426767107438173,0.008090254427920746,0.007492742342285994,0.006232118837668385,0.0046701879856016005,0.0011778737639288103,0.0036724192002996537,1.253722361390025,-0.06666666666666665,0.03109539192686838,-0.00408696937787989,-0.3961168332349633,0.0015965377399025148,0.15751288791255,0.01688514077744961,1.9788960677590437,0.027028373142801283,3.456247481613156,-0.04904657730419868,-0.08340657814515132,-0.1063132453724531,-0.1132824185683969,-0.05245987245497223,0.9089947312421336,0.0004736034975112595,0.0069359739598080245,357.178391959799,1.0,,,,,
cci_14,oscillator,False,1,discovery,-1.0,-0.0364821265214291,-9.508579462140359,1.9328380381906234e-21,1456,-0.25297806900954295,0.3894230769230769,-0.0364821265214291,-9.508579462140359,1.9328380381906234e-21,0.0007672152474499823,0.0009214801772179663,0.0010560594142004578,0.001059474647350241,0.001092274766943564,0.0010743936238318734,0.0011603397636717576,0.0009795739136842392,0.0009078362467594811,0.00025845029519079896,-0.0005087649519887087,-1.6556391331253197,-0.07878787878787878,1.0980553660432941,-0.023777837857513796,-5.104512286065634,-0.03666223909940677,-8.889343411675968,-0.02846680656637324,-4.735252821266358,-0.043102975543743614,-11.680572928866695,-0.020041552718610616,-0.30520108875534496,-0.4953074461131679,-0.35724060725066914,-0.23084273289839555,0.3771951534877439,0.0006971299951476465,0.007245871187558726,216.33035714285714,1.0,,,,,
cci_14,oscillator,False,1,validation,-1.0,-0.026931336466488365,-7.479518995694213,7.459512949531185e-14,1213,-0.20392738434245605,0.4171475680131904,-0.026931336466488365,-7.479518995694213,7.459512949531185e-14,-5.231676481035125e-05,0.00029189077646160416,0.0004027393851560145,0.0005552514611097294,0.0006780645084452461,0.000631406431248154,0.0005392390386525374,0.0004782750801700842,0.00019403012179505149,-0.00092605655741175,-0.0008737398033653773,-2.9280699454241326,-0.09090909090909088,0.06050663791162992,-0.010548987803061863,-2.3548021220704656,-0.020685214230534533,-4.8401086641121545,-0.02516774633157915,-6.534146059703126,-0.0338339739192489,-9.791560771082317,-0.09563001998816112,-0.38784479188943005,-0.5826546398236092,-0.4575680401899788,-0.33166230228979265,0.3865274760598794,0.0004822293704149896,0.0036357260995942974,353.14509480626543,1.0,,,,,
cci_14,oscillator,False,5,discovery,-1.0,-0.04185854407702966,-6.324569154450988,2.539401088747585e-10,1452,-0.2936546207186401,0.378099173553719,-0.04185854407702966,-6.324569154450988,2.539401088747585e-10,0.004132693930276622,0.005161611926281488,0.005545882400502572,0.005617794281298345,0.006022673834856127,0.005878090759320166,0.005623847692198389,0.004616385794128174,0.003229046450569162,-0.0008533359206974189,-0.004986029863899733,-4.790599429234896,-0.28484848484848485,0.6594484658860827,-0.028941603454801054,-3.6763869481196343,-0.04250602391086742,-6.025859635244593,-0.03151448194666478,-3.145153682096024,-0.052824426278740816,-8.33192688962816,-0.0115370694995814,-0.1349456838028885,-0.21721809333842654,-0.17527110937483986,-0.0821289208284495,0.8161945390430364,0.0006990504634538383,0.015040507199199095,216.18526170798899,1.0,,,,,
cci_14,oscillator,False,5,validation,-1.0,-0.025145356934581777,-3.986921241875661,6.693623282210353e-05,1209,-0.20266688626659307,0.4292803970223325,-0.025145356934581777,-3.986921241875661,6.693623282210353e-05,0.0002546468382218549,0.001186651667672601,0.0017447582094650292,0.002285947463330443,0.0026861337769171012,0.0027838320990304505,0.0028721076878332665,0.0023299445179584275,0.0010509400145077227,-0.003432902505195553,-0.0036875493141781688,-3.436496679967701,0.04242424242424241,-1.903433842877275,-0.004442412766158406,-0.5487480738022371,-0.015413465125926689,-2.0667849062609878,-0.023119604050080123,-3.457818802961956,-0.03551505228532913,-5.915373861309443,-0.05467898286965409,-0.1816642127598172,-0.26632103268659263,-0.22647086131789168,-0.1366853544541758,0.8398494040354704,0.00048382483566036593,0.004497088884589677,352.90570719602977,1.0,,,,,
cci_14,oscillator,False,20,discovery,-1.0,-0.02569972664986189,-2.6763201892716726,0.007443549517961086,1437,-0.18270434219094073,0.4405010438413361,-0.02569972664986189,-2.6763201892716726,0.007443549517961086,0.01531867461973557,0.0187163850225733,0.020140843422973582,0.020790924306094263,0.021540569653912794,0.021481148538155553,0.021146988508693225,0.018972574428508734,0.01617912084869823,0.007804676360924529,-0.007513998257464204,-2.3368754603377364,-0.11515151515151514,-1.098107605173951,-0.013396320969070997,-1.077084318579015,-0.025546993223408636,-2.539452463729065,-0.034958426624617615,-2.5795887215690656,-0.03887049770925178,-4.708230228105782,-0.033133827219361,-0.06746836725046161,-0.0903580606045287,-0.09961833628575784,-0.037319748389518945,0.9083211648439315,0.0007037795657549953,0.032262391987092735,215.62212943632568,1.0,,,,,
cci_14,oscillator,False,20,validation,-1.0,-0.027319027643846357,-3.5852543352570567,0.0003367498654701726,1194,-0.24276887372236017,0.4028475711892797,-0.027319027643846357,-3.5852543352570567,0.0003367498654701726,0.002619784538938639,0.005403408138813171,0.006628161550071726,0.007856781557843891,0.008841821399410204,0.009255629562983606,0.008952152948223562,0.007362829548482702,0.00400582486030882,-0.004761717012050188,-0.007381501533301669,-2.9037576525687108,-0.01818181818181818,-0.34543382229004527,-0.009888695506449696,-0.9727706978709153,-0.012333381573415722,-1.2801378664477936,-0.028869331801966165,-3.6044014326523692,-0.039408190715064365,-5.4309268069057675,-0.03655325182220412,-0.07064980168815202,-0.0933808349321173,-0.09751682631034785,-0.037130832246319315,0.9020251287287803,0.0004840279807269548,0.007284911607011491,351.9865996649916,1.0,,,,,
boll_pos_20,channel,False,1,discovery,-1.0,-0.0350496455526549,-8.748052902275202,2.170655061089945e-18,1456,-0.23745736390425287,0.3983516483516483,-0.0350496455526549,-8.748052902275202,2.170655061089945e-18,0.0005598584414626233,0.000844322676667931,0.0009133654478538809,0.0010945196192956295,0.0011099694062738888,0.0012166336620018207,0.0011177844326209527,0.0012178593653802236,0.0010964196488196455,0.00010049961537543613,-0.0004593588267368262,-1.4286983782948064,0.32121212121212117,0.8029572668433602,-0.021475312170658293,-4.408875360398915,-0.03691126540361988,-8.624360712067888,-0.03226932883285623,-5.127205039143254,-0.04164789695297149,-10.784557526329975,-0.0719196756484822,-0.3395793767195887,-0.5180191774336596,-0.3897813168428046,-0.26212322428565915,0.35404722363902974,0.0019110662753599092,0.006893212075318353,221.43956043956044,1.0,,,,,
boll_pos_20,channel,False,1,validation,-1.0,-0.029311253035703935,-7.6626833082125145,1.820879642434636e-14,1213,-0.21492847384472386,0.41302555647155814,-0.029311253035703935,-7.6626833082125145,1.820879642434636e-14,-0.0003386969480195477,0.0002442466970097295,0.0004733991726098581,0.0005842674910882281,0.0007001116430470943,0.0007489891676671296,0.000715629563332462,0.0005852889008326965,0.0001991597247135108,-0.0012736807474713792,-0.0009349838020086138,-2.934127359127233,0.0303030303030303,-0.3524828466012697,-0.009790068660678091,-2.1267471638406232,-0.022367066188547398,-5.041103679547781,-0.0270747945089765,-6.605431294477645,-0.037511091581874,-10.170608628845864,-0.17188861092682298,-0.44752653217886135,-0.631285146346887,-0.5233198890028992,-0.3845900902074719,0.3646004249365587,0.0004411595422461297,0.003859660247692444,354.00412201154165,1.0,,,,,
boll_pos_20,channel,False,5,discovery,-1.0,-0.03967203498551015,-5.699431525345795,1.2020759486250096e-08,1452,-0.2711509663783976,0.38980716253443526,-0.03967203498551015,-5.699431525345795,1.2020759486250096e-08,0.003616130622767065,0.004717793292941418,0.005437033997536636,0.005706369211750352,0.005805251566612204,0.006004996536406676,0.005527164779156741,0.0050224376399810805,0.003694726663347326,-0.0008528963049915041,-0.004469026921582524,-4.129256664107973,-0.13939393939393938,0.18199767190870506,-0.02648170730043297,-3.155796210972539,-0.041172398486604866,-5.602312581054178,-0.033104969517458144,-3.1101899297249167,-0.05135635591037353,-7.751696188394211,-0.03856466146706616,-0.14755121067411708,-0.2202089101454844,-0.18464651225517165,-0.09462840493117922,0.7208105106286438,0.0019163309207465757,0.014487508422382094,221.30785123966942,1.0,,,,,
boll_pos_20,channel,False,5,validation,-1.0,-0.028670982873576445,-4.367422267416614,1.257215184262524e-05,1209,-0.22647642179833982,0.4218362282878412,-0.028670982873576445,-4.367422267416614,1.257215184262524e-05,-0.0005272613015996391,0.0011837657249902012,0.001969040331468864,0.002403833668597778,0.002766580149593761,0.0028966906994424124,0.0030865619643081488,0.0024089411509289147,0.0008199492070645506,-0.003677795119861164,-0.0031505338101385115,-2.7957771033317576,0.04242424242424241,-1.672785959328479,-0.0038589985174789596,-0.4558957331302244,-0.017462535245462048,-2.251431856242287,-0.026109813163852073,-3.722564906025636,-0.041004280331752144,-6.540057260613926,-0.09397230581993422,-0.20623125633204178,-0.2810705566734467,-0.2553164488508798,-0.1567748779999178,0.7424533764028273,0.00044261912716671243,0.00450415503252159,353.76509511993385,1.0,,,,,
boll_pos_20,channel,False,20,discovery,-1.0,-0.03174362530405734,-2.7695284804609894,0.005613749607576652,1437,-0.21510663919696096,0.42379958246346555,-0.03174362530405734,-2.7695284804609894,0.005613749607576652,0.015280726738444224,0.01862132809046816,0.020353802395207263,0.021715142488955848,0.021583529555183858,0.02178350085797739,0.02067558128765491,0.018897981572618044,0.015598095453793056,0.006831879917974895,-0.008448846868602929,-2.152606105373073,-0.1515151515151515,-0.5689624414131563,-0.01726472440224259,-1.169206007372715,-0.03084757431152754,-2.6301723774321557,-0.04480867924064236,-2.733406415456953,-0.04547344608808157,-4.764773311229171,-0.034093465429468936,-0.0682000868903686,-0.09093783453096839,-0.10697851273526122,-0.030108683584700025,0.9022915730396741,0.0019337569890646219,0.03177666679888616,220.79540709812107,1.0,,,,,
boll_pos_20,channel,False,20,validation,-1.0,-0.033941541743227645,-3.8761430116852593,0.00010612532349763075,1194,-0.2951578061841994,0.3936348408710218,-0.033941541743227645,-3.8761430116852593,0.00010612532349763075,0.0023564087467617552,0.005418643513457876,0.0073121199900534695,0.008516163948942947,0.008595319690546334,0.009338963035060042,0.009320868155844672,0.007150490042598907,0.003381502899056633,-0.00563562915605987,-0.007992037864662457,-2.692174282599064,-0.07878787878787878,-0.4879303119258203,-0.013684157191438779,-1.1757066996522934,-0.01675056761729927,-1.5209443387078994,-0.03418871842194534,-3.71498770543302,-0.047516386353720366,-5.710437149757854,-0.04032929656816817,-0.07437074015553603,-0.09706503588044793,-0.10374679834934195,-0.03684821730973846,0.9005672906711074,0.00044426601984611457,0.007198563253918859,352.8500837520938,1.0,,,,,
boll_width_20,channel,False,1,discovery,-1.0,-0.02056483394991009,-4.815323603872887,1.4696153478701745e-06,1456,-0.12451455234485743,0.43063186813186816,-0.02056483394991009,-4.815323603872887,1.4696153478701745e-06,0.0010381716620624932,0.0010340463612854883,0.0010103121028147857,0.0009609855017610604,0.000971337866617857,0.0009089532718125266,0.0009187589451452728,0.0008894629089225888,0.0008456179733398061,0.0006933435458348628,-0.00034482812267155026,-0.9139748485182266,-0.9757575757575757,0.8074498919824867,-0.015413549584436723,-3.050475883032391,-0.020306958852905573,-4.916128710747112,-0.020710661729213254,-3.06917641983928,-0.02684606420509906,-6.87814030423192,0.024337007134616985,-0.07396740341748752,-0.13950367711889053,-0.16840763369523662,0.01086395026139584,0.13003228909008532,0.0007066737899139708,0.004806698732184257,221.43956043956044,1.0,,,,,
boll_width_20,channel,False,1,validation,-1.0,-0.031195559684977846,-7.64819448499046,2.038207908196879e-14,1213,-0.2059490430811282,0.4171475680131904,-0.031195559684977846,-7.64819448499046,2.038207908196879e-14,0.0003470418987497618,0.0004538163712295905,0.0004761715460457002,0.0004326871549170483,0.0004726867511683633,0.0004334420437807009,0.00029670806740892975,0.00017097338436396277,0.00011650418797840669,-0.00056145649355809,-0.0009084983883294686,-2.688239831571048,-0.7333333333333332,-0.5134023158099248,-0.010519800224572483,-2.048209541705304,-0.023232274465927863,-5.115632144689532,-0.02530476717474482,-6.537025590855053,-0.03999273011447272,-9.642859464600326,0.029139321671780065,-0.06029542159193796,-0.11991858376775,-0.13239812277141205,0.010565522654777148,0.11829992495200797,0.0004873496631155772,0.0018166838976211373,354.00412201154165,1.0,,,,,
boll_width_20,channel,False,5,discovery,-1.0,-0.03408150247756264,-4.186162313365882,2.83710502330775e-05,1452,-0.2014808767950064,0.3787878787878788,-0.03408150247756264,-4.186162313365882,2.83710502330775e-05,0.00385172910671967,0.004591970469922691,0.004977558963252878,0.005023816431455061,0.004887499206734556,0.004890237508207867,0.0047795700503298665,0.0044314065060126135,0.003920023953870233,0.0033242927769714203,-0.000527436337972537,-0.35264503357379057,-0.35757575757575755,0.6503649065626325,-0.02550217751923903,-2.6526124451250217,-0.03262472298789342,-4.228161074248223,-0.03253862658267889,-2.419576985028306,-0.04592448975120861,-6.0632866449026395,-0.034271676471416115,-0.10069937435950671,-0.14498450628490045,-0.17142489436853708,-0.02569475079871734,0.4393366262439854,0.0007035190295030365,0.011612321280447134,221.30785123966942,1.0,,,,,
boll_width_20,channel,False,5,validation,-1.0,-0.046610274506807554,-5.778247508593369,7.54827127869327e-09,1209,-0.315266480891278,0.3523573200992556,-0.046610274506807554,-5.778247508593369,7.54827127869327e-09,0.0008084943476914446,0.0017206971290944233,0.0022299615234768057,0.002252580887708012,0.002346482724449162,0.0020355578322685175,0.0017326160334917272,0.0014185216989895373,0.0006912545266141889,-0.0019056492160450236,-0.002714143553276903,-1.924866601975325,-0.43030303030303024,-0.5512253875867256,-0.009630998919291015,-0.9824641192258612,-0.032006183821420495,-3.6705187847076837,-0.03661819670055288,-4.796137068007518,-0.06243510266885689,-7.434450125824858,-0.027078034451849853,-0.08920371323489863,-0.13062083242359782,-0.15831616320623965,-0.021799121781460623,0.4108841189355077,0.0004889620689488793,0.00379401184056136,353.76509511993385,1.0,,,,,
boll_width_20,channel,False,20,discovery,-1.0,-0.03851094309267881,-2.430230191009655,0.015089236020556092,1437,-0.22149259145461048,0.37230340988169797,-0.03851094309267881,-2.430230191009655,0.015089236020556092,0.014142172605757813,0.017577117914484446,0.019167033731925458,0.0199725138080159,0.020251156028678826,0.020157331968993268,0.019863906383122545,0.018951969616723376,0.017546088595586363,0.013713442934545208,-0.00042872965480372695,-0.0768431606441122,-0.1515151515151515,1.4732629937416257,-0.03466833001142214,-2.021843415483633,-0.038583927579909194,-2.8078385771780274,-0.042838615513932504,-1.6653660233249519,-0.05469474934240427,-3.7055382902858183,-0.05307088358966435,-0.08084528098272373,-0.09936154591143001,-0.14619168316948825,-0.014114162004735642,0.7347724178058037,0.0007108626519404378,0.02503899318018958,220.79540709812107,1.0,,,,,
boll_width_20,channel,False,20,validation,-1.0,-0.053320433300605465,-3.335642697332306,0.0008510246527041546,1194,-0.3515006487055883,0.33752093802345057,-0.053320433300605465,-3.335642697332306,0.0008510246527041546,0.0028712208420761673,0.005827329237924049,0.007403388599087251,0.007745511870717858,0.008094978030417383,0.007370737616410509,0.007035396044153562,0.006188130685057261,0.004719443737098608,-0.0015036808047867755,-0.004374901640951989,-0.812461713813363,-0.2606060606060606,-0.17441507202455028,-0.011377729644124916,-0.5871035071084587,-0.03308875491781739,-1.8119748252288914,-0.041491580777338444,-2.5784936188431122,-0.07253388995153212,-4.610867677617306,-0.034633633832070174,-0.0611587941847088,-0.0788422344198012,-0.12185714095850028,-0.008001828090853227,0.7017238188528735,0.0004931479839489513,0.006892096909571133,352.8500837520938,1.0,,,,,
dist_high_20,channel,False,1,discovery,-1.0,-0.027545540611389606,-6.407202216872418,1.482141854238614e-10,1456,-0.17270170354882491,0.4210164835164835,-0.027545540611389606,-6.407202216872418,1.482141854238614e-10,0.0013800925114212856,0.0009383130463166765,0.0009291853590077658,0.0009322210797881405,0.0009567818552827103,0.0010334042500645224,0.0011073366398115147,0.0011193573896086271,0.0010272240483972892,-0.00015007102189139293,-0.0015301635183197584,-4.0538825389008,-0.09090909090909088,-0.4328205688714417,-0.02475251421944679,-4.731113522683917,-0.030199575055731048,-7.284203117440231,-0.02516879533970358,-3.793125109125219,-0.02808305960467136,-7.40465389308966,0.1503935964272894,-0.0032898035405598785,-0.10574540351912604,-0.08870560185462247,0.09475193794023139,0.2032849205923932,0.002339151357863467,0.007686668486272977,221.43956043956044,1.0,,,,,
dist_high_20,channel,False,1,validation,-1.0,-0.005119199088134523,-1.2229441304323132,0.22135079893518161,1213,-0.03432682731701661,0.4806265457543281,-0.005119199088134523,-1.2229441304323132,0.22135079893518161,0.00010172029311338043,0.00022825019777845937,0.0003725191886111592,0.0004570511439983506,0.0005102308873762105,0.0005365289193319117,0.0005994976593245655,0.000591824955012142,0.0005686766999313346,-0.0013242115167247008,-0.0014259318201818028,-4.374415435034091,0.406060606060606,-0.13393919468020524,-0.0046451481027570485,-0.9113529799703296,-0.002410372617249772,-0.5171331163233469,-0.008612436862329084,-2.1089200356978632,-0.00589747761159255,-1.4560733350570634,-0.05491441135558997,-0.18401415398953702,-0.27008064907883506,-0.25669290338754686,-0.11498765641142383,0.1707668553359088,0.001037269854313108,0.004231967971915869,354.00412201154165,1.0,,,,,
dist_high_20,channel,False,5,discovery,-1.0,-0.013678662396422858,-1.7027805887478142,0.08860913679713119,1452,-0.0816274406148943,0.49931129476584024,-0.013678662396422858,-1.7027805887478142,0.08860913679713119,0.004943558345273805,0.004878118117433014,0.004934708325766176,0.005043823853130629,0.005092327502628337,0.005164862833024233,0.005277088735349311,0.004766546787806583,0.004123288716802247,0.00045917613600117337,-0.004484382229349633,-3.188777008384344,-0.35757575757575755,0.2864772001078507,-0.013002322522844618,-1.3449596422636385,-0.01543609426273389,-2.028309738427573,-0.014168351551070692,-1.0932385778989262,-0.016313118637811715,-2.201203583865497,0.03578030157950106,-0.03879433718504685,-0.08851076302807878,-0.113560721137582,0.0369782156277278,0.49321851034753905,0.002345595300998077,0.0177675763502032,221.30785123966942,1.0,,,,,
dist_high_20,channel,False,5,validation,-1.0,0.009933802502693594,1.306330131327778,0.1914403146350936,1209,0.06912180601787725,0.5665839536807279,0.009933802502693594,1.306330131327778,0.1914403146350936,-0.0003475838898485827,0.001039719058567518,0.0015755923869493244,0.0020515305683061987,0.0023114255082919456,0.002342712199954016,0.002331962657146469,0.002083286385911324,0.0018025551007449514,-0.0018562605564677113,-0.0015086766910709201,-1.1746234386826808,0.18787878787878787,-1.332170301819801,0.008945611584070413,0.9219530949265686,0.014508999077412037,1.7314805709832743,0.00498598017088343,0.6996534066084948,0.007597847604395967,0.9978540276241632,-0.08295924892061535,-0.1487839065647582,-0.19266701166085348,-0.21030118845712545,-0.08471737510480733,0.43534826484221484,0.0010407016817880895,0.00479211583228996,353.76509511993385,1.0,,,,,
dist_high_20,channel,False,20,discovery,1.0,0.004446183733215002,0.3017935806089455,0.7628094247782404,1437,0.025974025539062435,0.5873347251217815,0.004446183733215002,0.3017935806089455,0.7628094247782404,0.017603502473848204,0.01901865574128239,0.019108210982502146,0.01922949641856821,0.019393178122342102,0.019383968170745208,0.019878970309429998,0.019159541863155154,0.018008476385472292,0.010574460278035243,-0.007029042195314224,-1.352244745711256,-0.01818181818181818,-0.41852865474696116,0.01802364382336796,1.0634846865293786,0.004586082171185976,0.3413909387446921,-0.0034678064144318104,-0.1299958952287975,-0.0009930843932055857,-0.07495109762015917,-0.09201724623350034,-0.1256822630135443,-0.14812560753357357,-0.18962334084915472,-0.06340028087802377,0.8906089095249721,0.0054949057094361336,0.0356065432716708,220.87125956854558,1.0,,,,,
dist_high_20,channel,False,20,validation,1.0,0.01200650267982713,1.0401341889448021,0.29827756163226526,1194,0.0913578910833931,0.5954773869346733,0.01200650267982713,1.0401341889448021,0.29827756163226526,0.0014745874766690752,0.0051309891080120506,0.006970696644230111,0.007926785604802799,0.007967470669463513,0.008146272148129489,0.007577917950192854,0.006254829607200346,0.005474005543846012,-0.0011640436258031016,-0.002638631155055291,-0.6636852238368416,-0.05454545454545454,0.06561962158001808,0.007365971221028687,0.48598571903832344,0.017677516055311322,1.3250827980754283,0.005425428060480775,0.49099385997954625,0.009996559303184634,0.8656779692796204,-0.08389885161934706,-0.11727249138615159,-0.13952158456402128,-0.16222007655126927,-0.07875242358641957,0.8829005229313369,0.012713419858887293,0.006180572287036009,352.90871021775547,1.0,,,,,
dist_high_60,channel,False,1,discovery,-1.0,-0.030559550174415223,-6.334001942859529,2.3888250265748204e-10,1456,-0.1852303572552074,0.4271978021978022,-0.030559550174415223,-6.334001942859529,2.3888250265748204e-10,0.001658019841327844,0.0010936556627546446,0.000909679520153484,0.0008893220608890253,0.0007928226643467486,0.0008027016320154091,0.0008778140324221357,0.0009235618368879241,0.00104869415323342,8.37413762905431e-05,-0.0015742784714178185,-3.797066653503581,-0.5151515151515151,-0.41266885626647615,-0.01897848761307234,-3.2945394796416676,-0.03140475736208478,-6.661690818311918,-0.028118318837470013,-3.8130345283554488,-0.03411072239589586,-8.064136377062177,0.21839675918763007,0.12130097167867959,0.05657044667271258,0.027417311597550606,0.221462704110166,0.12843358136104563,0.0030285202823566518,0.007544165144381523,216.66758241758242,1.0,,,,,
dist_high_60,channel,False,1,validation,-1.0,-0.010894242511102077,-2.4033692685512196,0.016244774251371545,1213,-0.07092124387933704,0.46413849958779885,-0.010894242511102077,-2.4033692685512196,0.016244774251371545,0.0005434320833541374,0.0004276998862322963,0.0003008652075034489,0.0002443916090960436,0.000354247832655836,0.00027267862463410203,0.0003337223167816484,0.00044832406337922136,0.00038317505093520297,-0.0007048573668423107,-0.0012482894547442966,-3.3246032885967187,-0.34545454545454546,-0.48124236687719635,-0.0031850707147111895,-0.5463178554745434,-0.0036174339137404967,-0.7022539917658237,-0.012270871881854545,-2.7161198196074743,-0.014644537000152448,-3.513199028391635,0.06322367383045208,-0.013706413889013731,-0.06499313903532432,-0.10308721847320097,0.06671221069155721,0.1017593752902987,0.001259313772493161,0.0038075053836744946,353.6199505358615,1.0,,,,,
dist_high_60,channel,False,5,discovery,-1.0,-0.031239469423723347,-3.348160113639402,0.0008134999750789682,1452,-0.17006470939991677,0.46143250688705234,-0.031239469423723347,-3.348160113639402,0.0008134999750789682,0.0069593756912200745,0.005402865538354859,0.004736879758433229,0.004516263552866455,0.004300628044211908,0.004354093409861994,0.004298900464597486,0.004148867423475277,0.00425843688962164,0.0011563700476391974,-0.005803005618035868,-3.588663800673253,-0.9757575757575757,-0.21801870897256112,-0.00958545482429072,-0.8778392338208235,-0.030276256796514894,-3.369345625706806,-0.03387340976655976,-2.2901295710234235,-0.03925395543197091,-4.642524761803182,0.13651119845680046,0.08999742267714875,0.05898823882404762,0.00574432271792683,0.17182014253290906,0.3076307921934637,0.003036863313437524,0.017430642089927083,216.52685950413223,1.0,,,,,
dist_high_60,channel,False,5,validation,-1.0,-0.0064574179444661026,-0.7477549095160907,0.454608004219068,1209,-0.0408036509714256,0.5078577336641853,-0.0064574179444661026,-0.7477549095160907,0.454608004219068,0.0017051643234239683,0.0015349799571943515,0.0014582099432218464,0.0012436658863137437,0.0015215443883723504,0.0016146351264273247,0.001680831038828374,0.001959677928351188,0.0015478247907137397,-0.0009408220324191053,-0.002645986335124047,-1.7165498166236677,-0.05454545454545454,-1.3396099174874145,-0.00034068048964589647,-0.030313443933756967,0.00399795307789416,0.41461723183175264,-0.009661724286102511,-1.1494293258491382,-0.011221993115836118,-1.3831634741872243,0.019943023781656317,-0.018079606006543635,-0.04342802586534361,-0.0998336330568228,0.06620782236453693,0.2514724192341267,0.0012596151439089411,0.00506795494223277,353.3771712158809,1.0,,,,,
dist_high_60,channel,False,20,discovery,-1.0,-0.02396247662080837,-1.3410728345211331,0.17989680623546356,1437,-0.12645553175909785,0.5059151009046625,-0.02396247662080837,-1.3410728345211331,0.17989680623546356,0.022532489813532296,0.020853724602595634,0.019133862417377332,0.018507194784099977,0.018017731308413124,0.017874610190290914,0.017258307713228945,0.017113359483860124,0.016735007057478466,0.011030430710465316,-0.01150205911774896,-1.890196688649755,-0.9999999999999999,0.34692432533119616,0.013839522258418424,0.6730848368040641,-0.019651201546128816,-1.1834485343217993,-0.02905655500572611,-1.0175242609541482,-0.03707960070688964,-2.2413083017609514,0.06179162184987998,0.03858124073086765,0.02310765331819275,-0.038151553770783005,0.10141831003920687,0.6140312465347179,0.0030685633480245548,0.037142189157214185,216.00278357689632,1.0,,,,,
dist_high_60,channel,False,20,validation,-1.0,0.0010231557748776937,0.07088047169347067,0.9434928856091758,1194,0.006982873204432547,0.5644891122278057,0.0010231557748776937,0.07088047169347067,0.9434928856091758,0.003326041757574124,0.005268525042519343,0.006145356885745257,0.006066169144221107,0.0071899355254627425,0.007520957831504433,0.0069548719085856464,0.007077953109590063,0.00588593144888824,0.0004568998971214936,-0.0028691418540907378,-0.5467869525095578,0.09090909090909088,-0.3083607890217725,-0.002443536877248185,-0.1333297631015069,0.01354324167542736,0.8552649324718347,-0.0023440746906357897,-0.1649438601465877,-0.0013209882399099556,-0.09880818160408096,-0.027174801515725655,-0.047708190828383526,-0.0613971170368221,-0.11299444484278891,0.015765063171770274,0.5432113574777216,0.0012734826302024812,0.007585053058564226,352.4530988274707,1.0,,,,,
dist_high_250,channel,False,1,discovery,-1.0,-0.01981886482498849,-4.263233771130118,2.0148952891299216e-05,1456,-0.13048555610900614,0.44024725274725274,-0.01981886482498849,-4.263233771130118,2.0148952891299216e-05,0.0013094564507827482,0.0009412344438021717,0.0009757787067257113,0.0008544049850411783,0.0008911847016523043,0.0007942246507939971,0.0008357905670782652,0.0007853319425193534,0.0008790449183112327,0.0005038606764298822,-0.0008055957802083627,-1.9822212028088404,-0.8303030303030302,-1.059649968768035,-0.002816702835863887,-0.478431871887663,-0.018251317083583102,-3.977434359049644,-0.02380673789182357,-3.4451934919656395,-0.028020253904602353,-6.848255522523177,0.12736641393900508,0.07117234030569634,0.033709624550157205,-0.023558821580193047,0.17118275535737992,0.07433078522924436,0.0031552772347272916,0.006869102877457268,200.44848901098902,1.0,,,,,
dist_high_250,channel,False,1,validation,-1.0,-0.006370253354812545,-1.4208692295734884,0.15535477990242572,1213,-0.044858594040471066,0.482275350370981,-0.006370253354812545,-1.4208692295734884,0.15535477990242572,0.0005381249778674033,0.0005371770655658301,0.000354597280905535,0.00030822382906558365,0.0002587301507389698,0.00016776506615831762,0.00012202440993875359,0.00012621685348197578,0.0001726445113924755,7.513518790145314e-05,-0.00046298979207745123,-1.1959795849810004,-0.9151515151515152,-1.5210637110435057,0.009948065202836384,1.7228099399480432,0.006359278507913046,1.2009535622590146,-0.0031699839948122954,-0.7000094852665641,-0.014603387657922453,-3.6852964037789695,0.06395119988342332,0.023067694767758537,-0.004187975309351354,-0.0679856718556756,0.10980600019831563,0.054078710470456086,0.0018062461549546707,0.0035284879695707035,343.66199505358617,1.0,,,,,
dist_high_250,channel,False,5,discovery,-1.0,-0.020316238207579614,-2.2767070324583907,0.022803726295961144,1452,-0.11751879618642347,0.4662534435261708,-0.020316238207579614,-2.2767070324583907,0.022803726295961144,0.005610782865981181,0.005026672075766301,0.0046957745393897765,0.00435064338129414,0.004358142429223573,0.004152904319008151,0.004082425128042052,0.004063777170455124,0.003783189553524882,0.0026710384717758147,-0.0029397443779625547,-1.8293086983544238,-0.9878787878787878,-0.7166014144216414,0.010804467692636054,0.9381122754974686,-0.017514086794031734,-1.9867332183100967,-0.038479825085793756,-2.816520575534764,-0.036429028688049966,-4.574286343121462,0.06815864134857166,0.04142803595008986,0.02360763235110198,-0.04472572501558055,0.12623098388274576,0.17678971824392717,0.003163969458514419,0.014873280250865033,200.31542699724517,1.0,,,,,
dist_high_250,channel,False,5,validation,-1.0,-0.006719548696017452,-0.7558978991293946,0.4497104136576745,1209,-0.042780145553015084,0.49958643507030603,-0.006719548696017452,-0.7558978991293946,0.4497104136576745,0.0022589196951252975,0.0021709340017314824,0.0015865680609977626,0.001414048876187052,0.001136573124735921,0.0008640697134145321,0.0006846668160651882,0.001099616096653907,0.0015217625268738445,0.0009173631960067958,-0.0013415564723121044,-0.8051952900306317,-0.6969696969696969,-2.3824163242540486,0.017242805502148087,1.5088599435249543,0.013918243668909125,1.3311996157057475,-0.0034681629316632486,-0.3856047678321177,-0.01944450411625632,-2.4763109338766456,0.04944803675280533,0.029776046956951307,0.01666138709304864,-0.046885197163952674,0.11182973044887475,0.1301057526180821,0.0018122221554673413,0.004852316501751431,343.38626964433416,1.0,,,,,
dist_high_250,channel,False,20,discovery,-1.0,-0.011567161203773269,-0.6045951452701664,0.5454480331567721,1437,-0.060917589603680836,0.49269311064718163,-0.011567161203773269,-0.6045951452701664,0.5454480331567721,0.01949231707518201,0.0194711682797674,0.018466966520252998,0.01725616668706481,0.01702046572828157,0.01688079783798584,0.017645663810074874,0.017187080398063128,0.016928599211278123,0.01493179052202084,-0.004560526581766264,-0.6652003897807856,-0.8303030303030302,0.0723256286539762,0.04137091851152287,1.7245709189869085,-0.0075977634858072195,-0.41174437327619834,-0.050011298636180056,-1.6561474219729104,-0.037795627677934325,-2.164190340175422,0.02065127131841441,0.007253338640619077,-0.0016786164779111503,-0.06903953589245071,0.08655593364163917,0.35444266343373926,0.0031941902545710448,0.03202130111736727,199.8204592901879,1.0,,,,,
dist_high_250,channel,False,20,validation,-1.0,-0.0035632488855160383,-0.2129320435219035,0.8313799683507593,1194,-0.02202316720741467,0.5209380234505863,-0.0035632488855160383,-0.2129320435219035,0.8313799683507593,0.00603498264127137,0.00673623149265144,0.0049846443410904466,0.005270267106045971,0.005065348581849696,0.005320448464542158,0.005532033029700856,0.0066050795651667,0.007661282405338223,0.004264948508559247,-0.0017700341340603691,-0.27151511660859573,-0.05454545454545454,-1.7736902378923924,0.021462652634389824,0.9765573125650336,0.03170800427908531,1.6134289487565936,0.0014002317390562592,0.08123343585409386,-0.02078693552302287,-1.49057690789738,0.008209136550149607,-0.002373655255649381,-0.009428849792848696,-0.06810627870019079,0.06718572894336708,0.27996803719044927,0.0018271568845146316,0.007345698275829555,342.33668341708545,1.0,,,,,
dist_low_20,channel,False,1,discovery,-1.0,-0.04302745513143816,-11.233085717217582,2.805078791250862e-29,1456,-0.2854007221681799,0.3798076923076923,-0.04302745513143816,-11.233085717217582,2.805078791250862e-29,0.0005327643372190272,0.0009983989122284691,0.0014323584137532074,0.0010412032731425104,0.0012107711554603937,0.0014070625109140953,0.0014362876807809415,0.0011575448888409452,0.0009089803369604809,-0.00016288660547967074,-0.0006796437865368407,-2.213292708109226,-0.09090909090909088,0.5099113178248139,-0.030281736011812218,-6.385540245240871,-0.04510049196919131,-10.601869092811885,-0.04643846238336355,-8.045738762841548,-0.05262756679405062,-14.11299253589618,-0.10321329616292237,-0.40206310777189713,-0.6012963155112137,-0.4591793540777377,-0.32426178322822946,0.39530398360975494,0.0022160860286960966,0.006292900250528064,227.83516483516485,1.0,,,,,
dist_low_20,channel,False,1,validation,-1.0,-0.040634591246607364,-10.999195178298127,3.8555759945051148e-28,1213,-0.29282276481767605,0.36933223413025557,-0.040634591246607364,-10.999195178298127,3.8555759945051148e-28,-0.0006014798640305249,8.918671241484329e-05,0.0004637987402533651,0.000725439270835882,0.0008307981742795578,0.0008137605326999952,0.0007627254187021811,0.0005941540261965134,0.00020480370261364843,-0.0014554871206593804,-0.000919637138967245,-2.7195033705738743,0.0303030303030303,-0.47647713867271924,-0.014897670025090489,-3.214603205057174,-0.029353241389108668,-6.6182821299417185,-0.03499801162756428,-8.814495628608404,-0.0532029128222147,-15.175097172937908,-0.23556148660661,-0.5645513389809698,-0.7838779072305428,-0.6446098530044921,-0.498407288044483,0.43517176239994665,0.00036724990883324623,0.0033425903165642317,358.638911788953,1.0,,,,,
dist_low_20,channel,False,5,discovery,-1.0,-0.05509519197465916,-8.144543971459504,3.8071399412469093e-16,1452,-0.3845207514988831,0.35881542699724517,-0.05509519197465916,-8.144543971459504,3.8071399412469093e-16,0.003338197280570131,0.004953486192447327,0.005577446609011923,0.006208385323819624,0.006295668723550788,0.0059249385014888065,0.005505358813432927,0.004779563366127433,0.0032896634485484904,-0.000865697882194877,-0.003820258198016989,-3.258334064617014,-0.3939393939393939,0.16566231359706063,-0.03847241489112136,-4.546090943976738,-0.05461545032758746,-7.342968629309286,-0.060254255035666886,-6.083561330132541,-0.07339108438255174,-11.73007182219475,-0.06213028348289253,-0.16247543745096565,-0.2293722067630144,-0.20903962020023564,-0.1101365342562823,0.6636584257147693,0.002222190948885342,0.012831078068906128,227.72107438016528,1.0,,,,,
dist_low_20,channel,False,5,validation,-1.0,-0.04832385166795684,-7.263145481781679,3.781907904395742e-13,1209,-0.3779183026913475,0.3507030603804797,-0.04832385166795684,-7.263145481781679,3.781907904395742e-13,-0.001313910607700488,0.0008094697658023337,0.001859105413701055,0.0027528092710033735,0.0030695385675431042,0.0032272162418529667,0.003135793321307092,0.0026041696550796935,0.001001433419450252,-0.004508242154462736,-0.0032856195008763548,-2.5284219781800483,0.06666666666666665,-1.2960206615826642,-0.008939584766262703,-1.0424103404595937,-0.027964151724164592,-3.452273777243663,-0.03911352485103546,-5.530775230846847,-0.06916712566689409,-10.94960023901605,-0.12739046392050268,-0.23123359532628335,-0.30046234959680385,-0.2826309951063691,-0.1838519309807645,0.6867931971281791,0.00036846496229506014,0.003688476942781,358.4152191894127,1.0,,,,,
dist_low_20,channel,False,20,discovery,-1.0,-0.05068177054183522,-3.842309555576077,0.00012188197909323068,1437,-0.33907311935148077,0.37647877522616563,-0.05068177054183522,-3.842309555576077,0.00012188197909323068,0.01319808150641661,0.017883517981808122,0.020301766944953035,0.021564597823071904,0.022859464437178567,0.02256417157699276,0.0217988291383587,0.019531917542098414,0.015256848445242136,0.004814542650306639,-0.0077676737392936,-1.6441998026530065,-0.11515151515151514,0.3145819894102308,-0.038125005183613773,-2.3192313055775973,-0.04673057823861083,-3.6089411700286744,-0.07501393472971106,-4.551482728170185,-0.07079415361803207,-6.2782543590905435,-0.0617794160693109,-0.09399431782102625,-0.11547091898883648,-0.14359958703470682,-0.04623706784639572,0.8522460780877078,0.002245387096577256,0.026890032791526745,227.27557411273486,1.0,,,,,
dist_low_20,channel,False,20,validation,-1.0,-0.059806657371231045,-4.743257984315313,2.1030816002267376e-06,1194,-0.45447089546569003,0.3333333333333333,-0.059806657371231045,-4.743257984315313,2.1030816002267376e-06,0.0004922953706619824,0.0051996541164118885,0.0074697765214703045,0.009038797354530366,0.009591252916454074,0.01005827554755599,0.009602267917085397,0.007556113690651129,0.003345573401605376,-0.008088610920514513,-0.008801043868676623,-1.839116657206065,-0.01818181818181818,-0.18017266656964517,-0.018693275376415786,-1.1827024230750187,-0.030434592099168895,-2.011349651951019,-0.050037370729865686,-3.7100446980197535,-0.08498523363346942,-7.135980355758221,-0.05836248746849122,-0.09111561092814546,-0.11295102656791493,-0.1291850161171268,-0.0557147593352752,0.8664847476099005,0.00037113251184055603,0.006426868594342833,357.55862646566163,1.0,,,,,
dist_low_60,channel,False,1,discovery,-1.0,-0.03707087293079874,-9.120232474595966,7.49633528215437e-20,1456,-0.23650670692202777,0.4059065934065934,-0.03707087293079874,-9.120232474595966,7.49633528215437e-20,0.000570685949688935,0.001049225183068072,0.001201661036242344,0.0012388053777915842,0.0011982208583193707,0.0012237465813578071,0.0011569008961312367,0.000993449840433601,0.0005700306719632266,-0.0001150583467656211,-0.0006206027044853763,-1.8795260624670231,-0.41818181818181815,0.9473047456144036,-0.026604208978024763,-5.243565879625471,-0.03934198898452705,-9.044419329956844,-0.043265852585488616,-7.4000320415374405,-0.04655923854707098,-12.09206361938324,-0.09045775828059714,-0.28490811717639697,-0.41454168977359684,-0.35122791498247713,-0.19949784898638862,0.2572094694388887,0.0027422513965495534,0.005457710137396953,218.66895604395606,1.0,,,,,
dist_low_60,channel,False,1,validation,-1.0,-0.040086411515267886,-9.65024431817565,4.903875548460243e-22,1213,-0.26065326393674887,0.38746908491343773,-0.040086411515267886,-9.65024431817565,4.903875548460243e-22,-0.0006522791843562997,0.0002741576691858985,0.0006672832593246518,0.0007077331447955489,0.0007713130110192897,0.0008730942339308925,0.0006537826897762447,0.0004957091272455498,-9.789594618132431e-05,-0.0012142906102783,-0.0006439912840076918,-1.6680175555475971,-0.18787878787878787,-0.4090522075740161,-0.013442500886740403,-2.5671396804430784,-0.026499676284048933,-5.3637469247613385,-0.03268169674240471,-7.411867617652649,-0.053611565132346405,-13.77015799716932,-0.23932429076367703,-0.45494120354557444,-0.5986858120668394,-0.5420309854230506,-0.37880513049470504,0.2852075565898114,0.0004115770293571675,0.0031716124606084597,356.2209398186315,1.0,,,,,
dist_low_60,channel,False,5,discovery,-1.0,-0.05567077932981633,-7.09365954543459,1.3061121839996009e-12,1452,-0.3503085705601628,0.37052341597796146,-0.05567077932981633,-7.09365954543459,1.3061121839996009e-12,0.002949698620043199,0.00468403630287298,0.005670986996064951,0.006040688933827714,0.005786498572666335,0.005652419112541384,0.0050237445222823035,0.004345673725444021,0.002560873307385377,-0.00022224780563187316,-0.003299639386887852,-2.3656305756242304,-0.4424242424242424,0.8924662479866992,-0.043201167591568945,-4.447428129535532,-0.054976510476704744,-6.581249897956475,-0.06483045847950118,-5.667348413375651,-0.07236023972612855,-10.179145103313978,-0.06037542257587375,-0.1319390819356471,-0.179648188175496,-0.19101805796893195,-0.0691257155313619,0.47330462539532625,0.002749805808110296,0.012278146742741749,218.53374655647383,1.0,,,,,
dist_low_60,channel,False,5,validation,-1.0,-0.05449481462640726,-7.101260043215682,1.2362451040610478e-12,1209,-0.37848841467922817,0.35153019023986765,-0.05449481462640726,-7.101260043215682,1.2362451040610478e-12,-0.0016325620022125125,0.0012284653795427251,0.0025874230751109103,0.0030180167951925044,0.0034071806494526957,0.00338118912204167,0.002842281148485867,0.0020218299999431306,0.0001939771811703545,-0.004124543631932275,-0.0026165623191011784,-1.695908141616708,-0.1515151515151515,-0.6689063178001695,-0.014678607234824526,-1.5400266188752978,-0.0296365052702146,-3.2641076777824893,-0.042947576746472246,-5.319633863772151,-0.07643917018787755,-10.431250977226124,-0.1436792211078251,-0.220351519490118,-0.27146638507831333,-0.27408818275006425,-0.17009646768555875,0.5070919205178103,0.0004129387399588455,0.0037551500745552128,355.9867659222498,1.0,,,,,
dist_low_60,channel,False,20,discovery,-1.0,-0.06170827193484138,-4.070774674124966,4.685705593610297e-05,1437,-0.37891297060965545,0.35908141962421714,-0.06170827193484138,-4.070774674124966,4.685705593610297e-05,0.012385428017835699,0.017773496060899268,0.02056489070763579,0.022452211351666675,0.02294718820830324,0.022168142233895856,0.020568338648845205,0.01837154881210855,0.013668288065229246,0.005772144569871047,-0.006765627835236548,-1.2871355779156797,-0.17575757575757575,0.6394672947009473,-0.050533797349109205,-2.670696272402233,-0.0583808514960222,-3.7448411856687214,-0.08131160209369,-3.8234167884633283,-0.08060791289350232,-5.982227387383015,-0.06751079508124622,-0.09414549781639,-0.11190196630648588,-0.147368171309427,-0.038932873302215086,0.704621765479995,0.002778509417798295,0.025839476581894914,218.03061934585944,1.0,,,,,
dist_low_60,channel,False,20,validation,-1.0,-0.07097760435005163,-4.583709621483439,4.567984938705367e-06,1194,-0.4764302458612532,0.3324958123953099,-0.07097760435005163,-4.583709621483439,4.567984938705367e-06,0.0002819552315788253,0.006119231221685712,0.009079312559826616,0.010012899521523708,0.010742847316977739,0.010431943948989197,0.00870917632614364,0.006835894896341066,0.0012132849970874781,-0.008493911364572856,-0.009121298751629451,-1.5493982223796152,-0.19999999999999998,0.06912385135832823,-0.02808569001415896,-1.5555195494589267,-0.03828818200298589,-2.127409529124894,-0.05642690937647282,-3.4785560837269607,-0.09651375631321595,-6.5827804186400165,-0.061055804178481846,-0.08923502841195341,-0.10802117790093446,-0.13980450893272334,-0.045989009932303704,0.7454821225786129,0.0004161695880118065,0.006023488220036454,355.09547738693465,1.0,,,,,
dist_low_250,channel,False,1,discovery,-1.0,-0.030381821509273814,-7.53740704236779,4.794081379872835e-14,1456,-0.2025979041262278,0.41346153846153844,-0.030381821509273814,-7.53740704236779,4.794081379872835e-14,0.0008252055862782187,0.0011837968144501137,0.0012295833180472643,0.0012027483688881887,0.001060885977732756,0.0009752372661120097,0.0009619691847424017,0.0007232569891258648,0.00048533357595157204,0.0001222151581064931,-0.0007029904192607389,-2.1298270367546346,-0.709090909090909,0.8492450535171171,-0.018135826548054717,-3.7418255258556625,-0.030213456764188747,-7.262135869395592,-0.041845546578100606,-7.860775909022341,-0.0401413178050921,-10.92320517702903,-0.02527435278464579,-0.130191693144762,-0.20013658671817278,-0.19518779890304658,-0.04162329567141971,0.13877955074089446,0.0023132182960270567,0.0047516415783480466,200.44848901098902,1.0,,,,,
dist_low_250,channel,False,1,validation,-1.0,-0.03438192653087865,-7.922156092120723,2.334270149158935e-15,1213,-0.2191673102540148,0.41962077493816985,-0.03438192653087865,-7.922156092120723,2.334270149158935e-15,-0.0003106106053089471,0.0005677867588347988,0.0006860245806068586,0.0007388492233371667,0.0007203898546411532,0.0006077703196995509,0.0003155237456432178,8.069325105105697e-05,-0.000195332131445837,-0.0005715372789871558,-0.00034418679987652186,-0.8657452747027711,-0.406060606060606,-0.5389567504380902,-0.005598383126345273,-0.9767596988596404,-0.019311327591780954,-3.594459188939428,-0.025759027150547113,-5.510651705353124,-0.049011533919277414,-12.453321909149878,-0.13917805579371378,-0.2648790203820509,-0.3486796634409424,-0.3528581954404733,-0.18533601189907364,0.16627111718034018,0.0004897590203368875,0.002779556849283479,344.76504534212694,1.0,,,,,
dist_low_250,channel,False,5,discovery,-1.0,-0.0490405342212879,-6.110200849137882,9.950583143113756e-10,1452,-0.3043590744871917,0.38016528925619836,-0.0490405342212879,-6.110200849137882,9.950583143113756e-10,0.004359366023512868,0.005750410994109296,0.005790431794967361,0.005736900152181533,0.0050247646942090905,0.005012959480319414,0.004442484571834628,0.003274146062948886,0.0026275188812346253,0.0007760025984818825,-0.003583363436621719,-2.5560612309753368,-0.7333333333333332,0.5389132263611411,-0.02831611756915693,-2.9482147716767297,-0.04652002501896743,-5.741692214212759,-0.0703062090287222,-6.627771534101955,-0.06916364620108341,-9.534508182951043,-0.00970467151315115,-0.052209990278259386,-0.08054686945499823,-0.12032967407202293,0.02113373535336089,0.2811198331025678,0.0023195907982199687,0.011066689744165819,200.31542699724517,1.0,,,,,
dist_low_250,channel,False,5,validation,-1.0,-0.05007362076052882,-6.0258903185500605,1.6818121222935356e-09,1209,-0.32895155815375116,0.3730355665839537,-0.05007362076052882,-6.0258903185500605,1.6818121222935356e-09,-0.0005903810356067904,0.0021900355475163204,0.002890673698279683,0.003217196415296169,0.0031094405416834496,0.0026965001046751953,0.0015191491006525844,0.0009707097068523936,-0.00037717068916094925,-0.002014924610490097,-0.0014904943642429483,-0.8928779158780122,-0.406060606060606,-0.83339493343579,-0.006259276031358961,-0.573658222932242,-0.022091379552222908,-2.1563534614712334,-0.03581341756870044,-4.054417266385128,-0.07457750612779634,-9.69705045534011,-0.09344056068182877,-0.14323439220551223,-0.1764302798879679,-0.20664357300378144,-0.08450097794695317,0.3293242825640441,0.0004894468512361434,0.003362646377360413,344.4929693961952,1.0,,,,,
dist_low_250,channel,False,20,discovery,-1.0,-0.06460709626754026,-4.068943867332738,4.7226722299006594e-05,1437,-0.3966659446296573,0.32707028531663185,-0.06460709626754026,-4.068943867332738,4.7226722299006594e-05,0.01498315085754141,0.020620188064853048,0.021999977139554806,0.021953925322547498,0.020450513075579286,0.020282732864281047,0.019196248730667692,0.015738807658154764,0.013090856214707378,0.006962801887474456,-0.008020348966264417,-1.516915851592448,-0.6242424242424242,-0.06063388276463093,-0.03374970767656912,-1.7429983499732504,-0.057778439082207075,-3.476603604829691,-0.10462907099433119,-5.037038901966822,-0.09384573606340972,-6.358862035433726,-0.04493490969802612,-0.06281710773369334,-0.07473857309080485,-0.1210749116399555,-0.0005379408554620241,0.47307402210759886,0.002343803645800553,0.024797370610661448,199.8204592901879,1.0,,,,,
dist_low_250,channel,False,20,validation,-1.0,-0.06340205522922328,-3.668018804447598,0.00024443721040534085,1194,-0.3944683575005262,0.38358458961474035,-0.06340205522922328,-3.668018804447598,0.00024443721040534085,0.0006903577429066051,0.0074387513609310415,0.009124515512130879,0.010485499876247762,0.011077820009237406,0.00952626161757093,0.00632114125175174,0.004772751502390278,0.0006768529508626731,-0.002890485225742023,-0.003816438423572796,-0.5558973932891635,-0.4545454545454545,-0.23334252601892216,-0.006270394099101548,-0.28672393294075815,-0.022280899877477774,-1.0448449630200705,-0.043551519411742096,-2.3612815830372464,-0.09588955555391203,-5.931655659685489,-0.0579052626642109,-0.07867343593511933,-0.09251888478239163,-0.1362221382268254,-0.03310627419462138,0.5494225733044559,0.0004955956810255421,0.005413039602453148,343.4572864321608,1.0,,,,,
new_high_250,channel,False,1,discovery,-1.0,-0.019663209357920288,-12.996529916341787,1.280217140704854e-38,1367,-0.3265399394213844,0.35552304316020483,-0.019663209357920288,-12.996529916341787,1.280217140704854e-38,,-0.006238743430003524,0.0074290145268605555,0.0031457790378103586,0.0003070030478882304,0.008340579389563103,-0.0009346664883196354,0.005204872530885041,0.0020749897198952937,-0.0011581859404823497,,,-0.06666666666666667,0.17926224883589054,-0.016386932104055812,-5.5034039980881655,-0.022624588334263823,-10.368696104441849,-0.015625579746305376,-5.802738466269317,-0.023097133100757037,-14.125310520232519,0.009460931500921805,-0.010483028703769584,-0.023779002173563855,-0.024105568218295563,0.002454679363390629,0.02638089974165528,0.0021743763037183283,0.006201227031632008,1934.069368131868,1.0,,,,,
new_high_250,channel,False,1,validation,-1.0,-0.014456638761921568,-9.636350694784412,5.614864625980897e-22,1200,-0.2786276919010261,0.39166666666666666,-0.014456638761921568,-9.636350694784412,5.614864625980897e-22,,,,-0.0033512618392705917,0.0002259972775379983,0.008205750276549505,,,-0.009162519127130508,-0.0032178408240909903,,,-0.09999999999999999,-1.1389449945488763,-0.0040074772655738266,-1.3252263609541237,-0.014511168168423495,-5.922340548068364,-0.013324630960539856,-7.206513161173942,-0.01740860698298609,-11.881659548915598,0.021549428990459196,0.012418658083330831,0.00633147747857859,0.006337042268964084,0.018324681017778472,0.01207773929514334,0.0018641460831937367,0.002393532075654037,3373.0906842539157,1.0,,,,,
new_high_250,channel,False,5,discovery,-1.0,-0.020162243504710044,-7.456578719589991,8.87980515178651e-14,1363,-0.3304889897713098,0.35069699192956716,-0.020162243504710044,-7.456578719589991,8.87980515178651e-14,,0.02653944492340088,0.033292594365775585,0.02710029439421723,0.0020136165830222353,0.02629319973828878,0.050238700583577156,0.028704801108688116,0.022323643857915257,-0.004117111935270197,,,-0.3666666666666667,1.424317947032339,-0.012712124578923699,-2.5774938837686223,-0.018658311991496566,-4.953829798604056,-0.015918763231396103,-3.3077344629154948,-0.027145531759210424,-9.989044790178674,0.0025212694797171796,-0.005169344441990289,-0.010296420389795263,-0.014131589002974208,0.005060193190825171,0.050863848688541435,0.0021789715021501357,0.014088466320123996,1932.5984848484848,1.0,,,,,
new_high_250,channel,False,5,validation,-1.0,-0.016823552000182096,-6.4805216817157945,9.140601734634678e-11,1196,-0.3311145898966698,0.3595317725752508,-0.016823552000182096,-6.4805216817157945,9.140601734634678e-11,,,,-0.03378912806510925,0.001368904955868012,0.012844639418360133,,,-0.0436585359275341,-0.00804805942838486,,,-0.09999999999999999,-1.3478413071571138,0.001288425835982604,0.2813858505327636,-0.011183004889037031,-2.9056057200493948,-0.011842868073116736,-3.7818000948341144,-0.024871582029953647,-10.715257488075428,0.010393673602096577,0.007167086541363022,0.005016028500873981,0.002510454744714621,0.011424807848594575,0.021339861512788078,0.0018675946478639107,0.0037351787125856815,3370.167907361456,1.0,,,,,
new_high_250,channel,False,20,discovery,-1.0,-0.014643902458537734,-2.758540952793844,0.005806002979949326,1346,-0.22961421209595057,0.38410104011887075,-0.014643902458537734,-2.758540952793844,0.005806002979949326,,0.006372976116836071,0.04649425072129816,0.04386796023872857,0.01256380696301249,0.0783057138195855,0.002345695742405951,0.032354313880205154,0.026713071529426285,0.003405611804174331,,,-0.3,2.5982489968959244,-0.0006584486897387485,-0.07740487145633138,-0.011096442662539034,-1.8530437995402773,-0.016746315166082423,-2.1512912689915042,-0.026006549378194493,-5.0131386109657345,-0.0022722646205907866,-0.005516626016081899,-0.0076795336130759725,-0.01358528981249294,0.002720549840239816,0.08582966654738391,0.002199457107261199,0.031197282721248967,1927.1106471816283,1.0,,,,,
new_high_250,channel,False,20,validation,-1.0,-0.02021386483135682,-4.174028339582706,2.9926050600179467e-05,1181,-0.3800370905064348,0.3293818797629128,-0.02021386483135682,-4.174028339582706,2.9926050600179467e-05,,,,0.0052587054669857025,0.005588448961128252,0.03654557996644424,,,0.0026896886993199587,-0.013092783131879376,,,-0.6,-0.1616699745927127,0.004346616946641158,0.6082723267745658,-0.009632764318541326,-1.5895449354557303,-0.01221378413829891,-2.3199944030935824,-0.03181355106617329,-6.986969820529607,0.006223727054393795,0.004938331147594186,0.004081400543061112,0.001248325656767017,0.008230525093246446,0.03400518271956637,0.0018819690633926328,0.005746856252679413,3359.2688442211056,1.0,,,,,
vol_20,volatility,False,1,discovery,-1.0,-0.023727185856801992,-5.3990118663182125,6.700894232800435e-08,1456,-0.13398372623945093,0.44368131868131866,-0.023727185856801992,-5.3990118663182125,6.700894232800435e-08,0.0008858529725812337,0.0010330092310931042,0.0011171858130240423,0.0011306616481483042,0.001114033164366919,0.0010693266562655083,0.0010428510129377622,0.0008579393189926612,0.000638890242701134,0.0003810058560144024,-0.0005048471215719313,-1.2455107743314406,-0.5515151515151515,0.8249177128061972,-0.013853421210167373,-2.63234320898915,-0.023121168272964596,-5.550692678739181,-0.034680532261784046,-5.6486443032805935,-0.032584263050491676,-8.667674914236065,-0.02168141406197704,-0.10247495379037325,-0.15633731360930406,-0.19855657705895233,-0.013083730958612892,0.10686976154549764,0.0015890521766837931,0.004248244918666647,221.43956043956044,1.0,,,,,
vol_20,volatility,False,1,validation,-1.0,-0.043970465540224865,-10.280179842930279,8.656592054595624e-25,1213,-0.26264853107939085,0.4023083264633141,-0.043970465540224865,-10.280179842930279,8.656592054595624e-25,0.00028969977498766235,0.0005046353783007104,0.0005977344688970746,0.000614776156805471,0.0005988785304332563,0.0005513912189215926,0.0003157180601424207,0.00020957426805510597,-0.00014251005770665458,-0.0009010359028709046,-0.001190735674076441,-3.13896570050869,-0.5878787878787878,0.1084046168562596,-0.016019963544082458,-2.760360191648939,-0.033409866793150354,-6.731560831100399,-0.036960373072703015,-8.880509122790041,-0.05502076653629242,-13.278993649106509,0.015233912321220842,-0.055724610984236145,-0.10303029318787416,-0.1384388985065575,0.019756400488659908,0.0938604805627738,0.0003976437156852596,0.0017421298980120161,354.00412201154165,1.0,,,,,
vol_20,volatility,False,5,discovery,-1.0,-0.04707126928480952,-5.225920503959692,1.7329080606455465e-07,1452,-0.25539840879128956,0.378099173553719,-0.04707126928480952,-5.225920503959692,1.7329080606455465e-07,0.0039143446268590145,0.004884296814632138,0.00542919010909281,0.0054419213469543435,0.005396121899785379,0.005255026104736302,0.005225570315483923,0.004153594542687702,0.003357187183184288,0.0016212053562410114,-0.0022931392599846822,-1.3376970947101268,-0.4666666666666666,0.38050377523959134,-0.029391980737273116,-2.825509250366759,-0.04308461277921169,-5.142713653198724,-0.06968661764653664,-5.519345410922396,-0.06440747955871891,-8.249799157532244,-0.03524096262465616,-0.0786107879322254,-0.10752400480393817,-0.1596646882643561,0.011496404311253814,0.28683746896540496,0.0015934297308895337,0.0108477936920674,221.30785123966942,1.0,,,,,
vol_20,volatility,False,5,validation,-1.0,-0.06982501492278732,-8.219306094041512,2.046840131272671e-16,1209,-0.43945231713737937,0.3283705541770058,-0.06982501492278732,-8.219306094041512,2.046840131272671e-16,0.0010381760778594615,0.0022537786848361827,0.0026809534013705217,0.0027589561009174,0.0027130401584873347,0.002378489113310621,0.001887633062844883,0.0013051000432779231,6.613062772263939e-05,-0.0037507933772071584,-0.00478896945035139,-3.05087726696898,-0.5030303030303029,0.014735029493356396,-0.022542855114438414,-1.9736548419145208,-0.04834384761089759,-5.01368227931467,-0.05842258817331943,-7.091237871158595,-0.08935533290151541,-10.666038094688304,-0.01541968294476879,-0.05533783338870193,-0.08194993368465738,-0.13151286100775433,0.01411498771471167,0.2640089315074943,0.00039895932764782456,0.00371011769506122,353.76509511993385,1.0,,,,,
vol_20,volatility,False,20,discovery,-1.0,-0.06768608528907782,-3.7648923049917693,0.00016662088028211725,1437,-0.3561646682962352,0.31941544885177453,-0.06768608528907782,-3.7648923049917693,0.00016662088028211725,0.015314656004014283,0.018887789498847892,0.020568356065844694,0.020899944021700513,0.02082520575985007,0.02109229981698613,0.02092433081286884,0.01824931646685274,0.01588752001920468,0.008692405866867722,-0.006622250175826827,-1.0625748780726556,-0.16363636363636364,0.31652352536663253,-0.05693377445097039,-2.903281407528962,-0.06276551942217404,-3.8680769019565076,-0.10285003609100776,-4.264617977666773,-0.08735995634819303,-5.655434078430157,-0.0407113312967131,-0.0628686962777731,-0.07764027293181308,-0.13804619770245136,0.017563419287340343,0.5861736767476188,0.001610062609082535,0.022953998406496087,220.79540709812107,1.0,,,,,
vol_20,volatility,False,20,validation,-1.0,-0.09205048893575925,-5.604623775386926,2.087078015358073e-08,1194,-0.58647642939921,0.28391959798994976,-0.09205048893575925,-5.604623775386926,2.087078015358073e-08,0.004539872446674684,0.00839819382780504,0.009478052339186152,0.009893645589761663,0.009630810734595789,0.008689637108165007,0.00739467180501927,0.005662330203306325,0.0017306415755219814,-0.009663512476791116,-0.014203384882299358,-2.477292874134942,-0.5030303030303029,-0.1102491405311396,-0.02621135035481909,-1.1367620321923575,-0.059833304602365835,-3.13849578605025,-0.07993993593855267,-4.815882058178521,-0.11670713003625022,-7.284336378725709,-0.013640243933681555,-0.03479023508171789,-0.04889022918040878,-0.10367903145898685,0.02111823498823453,0.5595235753448764,0.0004039713795026967,0.006720902543504047,352.8500837520938,1.0,,,,,
vol_60,volatility,False,1,discovery,-1.0,-0.018198089705765096,-3.6799665356053186,0.00023326456304231344,1456,-0.09611969462461482,0.4649725274725275,-0.018198089705765096,-3.6799665356053186,0.00023326456304231344,0.0008613399821505989,0.0009869217441116863,0.000996363765573853,0.0010811200474768407,0.0010395217482455138,0.0009828511399265919,0.000897435136348864,0.0008558625860495688,0.0007917222845927616,0.0005882304914722466,-0.0002731094765484878,-0.5863146514741283,-0.6363636363636362,0.27089207471239524,-0.013968363730112957,-2.502114304605938,-0.020390856444934328,-4.442676833219624,-0.029552231332292067,-4.195759565296424,-0.025227104245809293,-6.037903710305318,-0.034878853651337,-0.06781532388544093,-0.08977297070817689,-0.17758813905288584,0.03718358793935519,0.043566759568920546,0.0009913732763699634,0.0039008547961942156,216.66758241758242,1.0,,,,,
vol_60,volatility,False,1,validation,-1.0,-0.03875358764453897,-8.303502986099586,1.010858336277352e-16,1213,-0.2198193192431395,0.41220115416323166,-0.03875358764453897,-8.303502986099586,1.010858336277352e-16,0.0003523424198596277,0.0005848963584864682,0.0005598140629363992,0.0005953365158161931,0.00047195199954162045,0.00040442708909288396,0.00025816535400394127,0.00017866082074167092,-0.0001298948623030077,-0.0006718911049162288,-0.0010242335392846589,-2.5560873240988427,-0.7818181818181817,0.6097341939071482,-0.016079630825633497,-2.5500593853151896,-0.03041266977411955,-5.71830416837228,-0.03358279025699519,-7.361227336710092,-0.046724250272486424,-10.469900881615052,0.03163791422002347,0.005110999256411904,-0.012573610719329163,-0.08153219933495313,0.08396008048467477,0.03508851185662907,0.00043288171398841145,0.0016178528057305358,353.6199505358615,1.0,,,,,
vol_60,volatility,False,5,discovery,-1.0,-0.03987286651187559,-3.906131466620921,9.378550033186648e-05,1452,-0.19352558158191804,0.41046831955922863,-0.03987286651187559,-3.906131466620921,9.378550033186648e-05,0.00415617166786295,0.0047091436026976755,0.0050702483071262275,0.005192279013339149,0.0049329459470228805,0.0046701151335202,0.004494410509671907,0.004369498504143747,0.003890273225505936,0.002646086684494644,-0.0015100849945978172,-0.7682461759918184,-0.5757575757575757,0.28603263528458317,-0.03335185686156808,-2.9363376550907736,-0.04286599132339723,-4.578714752215921,-0.06087209175385991,-4.184517147645132,-0.05346909117415465,-6.155844570310379,-0.025170716107989065,-0.04438363954976095,-0.05719225517760888,-0.1357508953698534,0.058537943380309966,0.12706959948261826,0.0009941043322277319,0.009482671949594249,216.52685950413223,1.0,,,,,
vol_60,volatility,False,5,validation,-1.0,-0.06598864490724263,-6.9980726311023025,2.5950756220741214e-12,1209,-0.3763734741802909,0.34739454094292804,-0.06598864490724263,-6.9980726311023025,2.5950756220741214e-12,0.001437305883732346,0.0026282561621387614,0.0027255378016045858,0.0027427754947201006,0.0024542945128889085,0.002178446730134013,0.0013556819959616836,0.0010901202222125764,-0.00015800888309641802,-0.003128113341856268,-0.004565419241165121,-2.727000777209162,-0.7696969696969697,0.613900124207949,-0.023406164261267133,-1.8512646723241868,-0.04813275836444536,-4.546322851977954,-0.05804362350749317,-6.327067773694097,-0.08046598449148445,-8.7547211035376,0.0046027316959726585,-0.011971233263040604,-0.02302054323571611,-0.09156950234845421,0.05793858685412947,0.10961617036384427,0.0004343139115533028,0.0033880139298958904,353.3771712158809,1.0,,,,,
vol_60,volatility,False,20,discovery,-1.0,-0.06777132535787733,-3.4394213997227148,0.0005829590375526215,1437,-0.32427336327975514,0.3326374391092554,-0.06777132535787733,-3.4394213997227148,0.0005829590375526215,0.01687413989001709,0.019365661416932748,0.019718812039857096,0.020203481641962128,0.019847772815878635,0.01954366754816988,0.018744119598543843,0.01768350367438809,0.0164200403103003,0.010652001265723257,-0.006222138613977365,-0.8961256155417009,-0.5030303030303029,-0.28686691116251034,-0.06896908197241242,-3.244048954903872,-0.07642047718310009,-4.361223549767321,-0.09865963408784714,-3.543185956800563,-0.08317331280777225,-4.97927568956376,-0.023306129539645885,-0.03496471780980763,-0.042737109989915464,-0.11706665597127563,0.05834631001132112,0.30842826111539007,0.001004481204171654,0.020350265685111158,216.00278357689632,1.0,,,,,
vol_60,volatility,False,20,validation,-1.0,-0.09897614970977152,-5.659585935480283,1.517386529073124e-08,1194,-0.5880863487793467,0.2948073701842546,-0.09897614970977152,-5.659585935480283,1.517386529073124e-08,0.0057000359558645915,0.009953313089265335,0.01039761563305862,0.010449953422456512,0.009811588561285228,0.00798563615495167,0.006403217082907596,0.004958140290345361,0.0008125682495882934,-0.010575480312690096,-0.016275516242394147,-2.659620472452427,-0.6969696969696969,0.20005642227814754,-0.03214524196985102,-1.2747255568153837,-0.07020362209911568,-3.4136432669672936,-0.09043880373456115,-5.149292039414712,-0.11943494474203659,-7.079487433437973,0.0010861270587572366,-0.00953236551316996,-0.016611360561121426,-0.08476654460252935,0.05030001600826341,0.28091250190283584,0.00043977011647231413,0.006244937882452916,352.4530988274707,1.0,,,,,
atr_14,volatility,False,1,discovery,-1.0,-0.020626017764928062,-4.062013453261265,4.865127261393834e-05,1456,-0.10858186370486753,0.4519230769230769,-0.020626017764928062,-4.062013453261265,4.865127261393834e-05,0.0007349056138914895,0.0009246548496208276,0.001022564682599935,0.0009791642614706668,0.000930577808919331,0.0009139791198267231,0.0008528734835625368,0.0007615350230487845,0.0006959631024222553,0.0007917857436610915,5.688011855114722e-05,0.11738410235718431,-0.4424242424242424,1.0146975875830477,-0.01203529592645022,-2.0721866010747094,-0.020411197591474174,-4.285969730531098,-0.030684592076419083,-4.043635268310516,-0.028674817741134475,-6.521900514641155,-0.07400372424274337,-0.1278501648740844,-0.16374779196164513,-0.2451921414724094,-0.02639784601808902,0.07122545057055694,0.0034677662426454863,0.004848429927753367,228.21222527472528,1.0,,,,,
atr_14,volatility,False,1,validation,-1.0,-0.043106237221161796,-8.990699568819117,2.45661718545941e-19,1213,-0.23318845716871006,0.4105523495465787,-0.043106237221161796,-8.990699568819117,2.45661718545941e-19,0.0002828959270158992,0.00043780233944326765,0.0004804428036658579,0.0005236896391442437,0.0004550019692496692,0.0004075479689777408,0.00021763294695709923,0.000157869455261215,1.7545891287699646e-05,-0.0005799532949866094,-0.0008628492263070502,-2.088252261764779,-0.7333333333333332,0.22593823000587465,-0.01722268632479768,-2.7331592771297823,-0.033350919464999726,-5.997044038816906,-0.03649385420485502,-7.83409964240779,-0.0531373844683764,-11.575444201459957,0.013457414752566017,-0.028172564407737362,-0.055925883847939575,-0.1146320483668135,0.04944916417276651,0.05506611000040127,0.00046748890420951727,0.0014648324155816094,355.8722176422094,1.0,,,,,
atr_14,volatility,False,5,discovery,-1.0,-0.042301951601042845,-4.149102325132424,3.3378159560626266e-05,1452,-0.20356014560162788,0.3884297520661157,-0.042301951601042845,-4.149102325132424,3.3378159560626266e-05,0.0035378886339874314,0.004424475717144262,0.0049490548129094945,0.0049889852361155555,0.0048350366152099065,0.004514749997867534,0.004402033515907721,0.004054410926677439,0.003763141923134117,0.0033630252967170047,-0.00017486327617142488,-0.08785511422896353,-0.43030303030303024,0.1741609975574277,-0.029334174875534712,-2.5515464186366055,-0.0407065163421248,-4.326829024724796,-0.060759816091749755,-3.995502075148634,-0.056348015602976156,-6.286690018671954,-0.054689311005797415,-0.08409843287084384,-0.10370451411420811,-0.17785283026686688,0.01219670417879722,0.19450477423972498,0.0034773193176940967,0.009759143356313369,228.07920110192836,1.0,,,,,
atr_14,volatility,False,5,validation,-1.0,-0.07090439076461236,-7.322959429991109,2.425611508040548e-13,1209,-0.3915641558945221,0.3416046319272126,-0.07090439076461236,-7.322959429991109,2.425611508040548e-13,0.001196393930890935,0.002043350492301544,0.0026437278225014795,0.002692852822774873,0.0024225898302151403,0.0021186303540818023,0.0013266366584783573,0.0011808073444050404,0.0001337007596138233,-0.0030902922587598644,-0.004286686183920945,-2.4704438010739187,-0.6121212121212121,0.133573064488906,-0.026265608073404233,-2.100285174089018,-0.05178231762058115,-4.726904727923559,-0.05947397806087772,-6.3457114593838595,-0.08830611139919718,-9.312309608730402,-0.006011885642097609,-0.030163764210265332,-0.04626501658904381,-0.1093562911746929,0.040220003926881645,0.1597346466148659,0.0004690356003359342,0.0027211714324882645,355.6368899917287,1.0,,,,,
atr_14,volatility,False,20,discovery,-1.0,-0.06575694729186135,-3.371472145713284,0.0007476759898514518,1437,-0.3138255579984511,0.32080723729993044,-0.06575694729186135,-3.371472145713284,0.0007476759898514518,0.015012449866121904,0.018510660556797953,0.01936598706058793,0.020496158893239063,0.019955744978170927,0.019623797829462407,0.01876826010427605,0.01786826238258161,0.016887012805139826,0.012318224906201993,-0.0026942249907604527,-0.3799659183483489,-0.309090909090909,0.14302010279780947,-0.05854877910365965,-2.733326169194573,-0.06559841692468807,-3.7462845532075533,-0.09294625326138065,-3.2607705535646536,-0.08159311005002617,-4.7131070038751925,-0.04427338938698245,-0.059499987985309866,-0.06965105371752815,-0.13887269392363277,0.02659173491213058,0.4028200687388206,0.0035136170141209662,0.019647704996687096,227.571329157968,1.0,,,,,
atr_14,volatility,False,20,validation,-1.0,-0.09688818030433446,-5.3262352108669475,1.0026927306941056e-07,1194,-0.5499942941756661,0.30569514237855944,-0.09688818030433446,-5.3262352108669475,1.0026927306941056e-07,0.004809410547348115,0.007972874046101799,0.010221425495488967,0.010343928076208628,0.008985277826684086,0.008004748098542671,0.006374432895187982,0.004748482965650033,0.001544221533281591,-0.008584857901143758,-0.013394268510209544,-2.1599719695747943,-0.6121212121212121,-0.21048259794597818,-0.03496921497293872,-1.4382754184510662,-0.06662169719421343,-3.133088226576409,-0.08426188780568147,-4.542019402307835,-0.1193081721845051,-6.759209275108271,-0.009090928236921958,-0.022136527473646923,-0.03083359363146356,-0.09919093543559053,0.03943869942584359,0.34512167292923185,0.0004749280073753304,0.004526102420104858,354.7403685092127,1.0,,,,,
amplitude_20,volatility,False,1,discovery,-1.0,-0.026336754467303145,-5.9661226493538235,2.429576870814646e-09,1456,-0.14636125813969406,0.4333791208791209,-0.026336754467303145,-5.9661226493538235,2.429576870814646e-09,0.0008821210912932935,0.0010151648434114098,0.001139819056054246,0.0010742323521410926,0.0010702896968368704,0.0011030892340222062,0.0009652610321692324,0.0009179906837569154,0.0007559797106875851,0.0003466603288995759,-0.0005354607561697536,-1.298370846102564,-0.5030303030303029,0.6797893305441565,-0.01629533483620125,-3.0349793411404415,-0.026096248686104485,-6.113530092381762,-0.04080499219454118,-6.823339493938094,-0.036221780766207745,-9.379822365907541,-0.026408519240590067,-0.080204477493966,-0.11606844966288324,-0.17039797481986715,0.0015189375314198755,0.0711586749383279,0.0015627932031178377,0.003772771464095318,221.43956043956044,1.0,,,,,
amplitude_20,volatility,False,1,validation,-1.0,-0.0445810949321852,-9.862228045205747,6.068752625666373e-23,1213,-0.24987904271074357,0.403957131079967,-0.0445810949321852,-9.862228045205747,6.068752625666373e-23,0.00019791787261532883,0.00040626032509896595,0.0005204988533871811,0.0005320354815262306,0.0005745398272522415,0.0004068564883799556,0.00037459679049681004,0.0002737213823017614,6.817045100534683e-06,-0.0006543483300121247,-0.0008522661985665935,-2.087934129260913,-0.49090909090909085,0.5474883311572789,-0.019337578489265584,-3.196364908318473,-0.03393962675823503,-6.367047063355073,-0.037807621227379434,-8.479704964894932,-0.05521547072282538,-12.766474678934228,-0.010899740598346464,-0.05463543275053945,-0.08379256085200147,-0.13637146017756235,0.021131244429785596,0.05785144464575792,0.0006279090562603465,0.0016969222399219564,354.00412201154165,1.0,,,,,
amplitude_20,volatility,False,5,discovery,-1.0,-0.05012564580099748,-5.428892004106065,5.6704981989124565e-08,1452,-0.2640646844678694,0.3808539944903581,-0.05012564580099748,-5.428892004106065,5.6704981989124565e-08,0.003926989630124773,0.0050749651400561445,0.0054256116616998844,0.005584221745754976,0.005401719728688878,0.005227116790059175,0.004787753859028389,0.004424744088091785,0.0036353310659656243,0.0011903503653419981,-0.0027366392982298812,-1.5462632557144904,-0.5272727272727272,-0.07999799602897063,-0.033843849048629554,-3.1418321306841173,-0.04756631683862493,-5.49097071456786,-0.07898384250018639,-6.3007723559042335,-0.06876815620050689,-8.587194489916769,-0.0372799234215518,-0.06917856845089809,-0.09044433180379566,-0.14875590330184782,0.016379975870971623,0.2109698745327137,0.0015645570707951285,0.009028515384016821,221.30785123966942,1.0,,,,,
amplitude_20,volatility,False,5,validation,-1.0,-0.07182976799131956,-7.914506418564037,2.482359159752255e-15,1209,-0.4222618147119278,0.34077750206782464,-0.07182976799131956,-7.914506418564037,2.482359159752255e-15,0.0009486040364857205,0.002114078638940907,0.002549799311569741,0.0026637617451240212,0.0027356908545717947,0.0022123194934398995,0.0018504348791290477,0.0012116582082762686,0.00024259285119430747,-0.003197934280388415,-0.0041465383085419905,-2.4304617373186894,-0.49090909090909085,0.24830285972201882,-0.029248416831443816,-2.452696964669199,-0.050573035351833065,-4.8434665640012335,-0.06023806396814416,-6.761259233337134,-0.0902598152895026,-10.176409246334186,-0.01810738107118591,-0.04505659847778892,-0.06302274341552427,-0.12078616628628998,0.02270088652221183,0.1782355648584855,0.0006299865055779985,0.0027080013696335384,353.76509511993385,1.0,,,,,
amplitude_20,volatility,False,20,discovery,-1.0,-0.07260280339917724,-4.04679371920418,5.192396034549274e-05,1437,-0.3821373781177434,0.30758524704244955,-0.07260280339917724,-4.04679371920418,5.192396034549274e-05,0.015149801253970425,0.01908451605406866,0.020856923439727757,0.021725577864348613,0.021579658665006437,0.02072039213447207,0.020024082945566183,0.01887610404686858,0.016015140923692325,0.007310008338196693,-0.007839792915026896,-1.2503096514440912,-0.34545454545454546,-0.12484856509201966,-0.0595002088595572,-2.9388775780508016,-0.06954729697516626,-4.249949479818944,-0.11523276000944041,-5.186668079158071,-0.0944786632844562,-6.046106920759935,-0.04290138008392036,-0.061379101654374324,-0.07369758270134363,-0.13358483176107452,0.016691681887585984,0.48882861297497254,0.001580888564227228,0.0195530517763674,220.79540709812107,1.0,,,,,
amplitude_20,volatility,False,20,validation,-1.0,-0.0971180346121772,-5.4314043601878375,5.591227922486496e-08,1194,-0.5734071390011141,0.29061976549413737,-0.0971180346121772,-5.4314043601878375,5.591227922486496e-08,0.004282637410050936,0.008305049528118716,0.009829233802291804,0.009951548410347425,0.00955984211404375,0.008977078009418046,0.00659084120597433,0.004693890134810288,0.002146781123194961,-0.008583641046391203,-0.01286627850191078,-2.023122899530089,-0.5272727272727272,0.3352878452938789,-0.03910562205041596,-1.6443776631886762,-0.0639423730616829,-3.052718068917682,-0.08371373773244041,-4.543569726175163,-0.12067337896481528,-6.949683548412782,-0.01609934632939742,-0.03250410993793934,-0.04344061901030062,-0.10695308408138918,0.02616544095900421,0.43398845525243174,0.0006379009089144056,0.004714360414033871,352.8500837520938,1.0,,,,,
max_ret_20,volatility,False,1,discovery,-1.0,-0.0326359279134112,-10.305260651016544,6.671058841235813e-25,1456,-0.25034654982745025,0.3866758241758242,-0.0326359279134112,-10.305260651016544,6.671058841235813e-25,0.0009618664224805029,0.0011933254851547086,0.0012477486041477363,0.0012763409019441326,0.0011262290644753602,0.0010280116475644388,0.0009508959292448848,0.0008621263398322798,0.0006305053511298936,-6.950107000683112e-06,-0.000968816525438432,-3.94915183017927,-0.7696969696969697,0.6240016585497763,-0.017320081977501744,-4.060471259779655,-0.028192281467694317,-8.312848542380397,-0.03972446958566236,-8.83590828557628,-0.04291391987145779,-14.99655942198592,0.027108653470428668,-0.05948122515401078,-0.11720781090363709,-0.12447706868091217,0.005572765077473445,0.11453687648735378,0.00163345981934901,0.0047815148141375835,221.42513736263737,1.0,,,,,
max_ret_20,volatility,False,1,validation,-1.0,-0.04560756088666939,-14.172058320787615,1.3644188690223578e-45,1213,-0.3471722691053512,0.37675185490519375,-0.04560756088666939,-14.172058320787615,1.3644188690223578e-45,0.00028861885647981684,0.0005892756912015826,0.0006479654245826841,0.0006323436802874409,0.0006027632895090451,0.0005219553508409386,0.00047149311133952237,0.00021607484481480765,-0.0002714183166652951,-0.0010597162455304667,-0.0013483350990628608,-4.637939260903809,-0.6727272727272726,-0.4925353629934108,-0.016171446732846994,-3.3854412748891685,-0.033741458208782535,-8.325759605007237,-0.037768697220359346,-11.656109635224587,-0.057551706290948,-18.504631035017546,0.011277649851893735,-0.06592478170572491,-0.117393069410804,-0.1333631081808469,-0.00392791871629991,0.10211961846245854,0.0004963787441101211,0.0020060985568321177,354.00741962077495,1.0,,,,,
max_ret_20,volatility,False,5,discovery,-1.0,-0.06204723971207564,-10.005255884527456,1.445175944688328e-23,1452,-0.4838385543944888,0.30922865013774103,-0.06204723971207564,-10.005255884527456,1.445175944688328e-23,0.004838103201188257,0.0059080335320200504,0.006186853889436407,0.006060382006281203,0.005465420963941212,0.004923176511154567,0.004391141427035254,0.004002646030872816,0.002783800126054646,0.00012437947758075945,-0.0047137237397842265,-4.5092808428099085,-0.7818181818181817,0.2397859765085124,-0.036439737530654936,-4.42090314665688,-0.051321521821654524,-7.901766239512439,-0.07628167713301949,-8.80501429607437,-0.08174833339193074,-14.832026222231276,0.01775983446635312,-0.04062013131414987,-0.0795401085011519,-0.10224706846389012,0.026524706510800744,0.38611088479168654,0.0016379597086585115,0.01138539779283486,221.29338842975207,1.0,,,,,
max_ret_20,volatility,False,5,validation,-1.0,-0.06982297875949357,-11.104969611308375,1.1865770121800907e-28,1209,-0.5872301424710271,0.28205128205128205,-0.06982297875949357,-11.104969611308375,1.1865770121800907e-28,0.001337932965189117,0.002596546389641514,0.0026592334075747587,0.0027881568157350142,0.002515070947245889,0.00227174229107269,0.0021840542777298642,0.0010460857276644085,-0.0007669391333936611,-0.003301306091973588,-0.0046392390393745235,-3.940162878915212,-0.6969696969696969,-0.19198130665555627,-0.020180407390823645,-2.174076923239654,-0.04711008756251072,-6.129989177320137,-0.05768846308918924,-9.226935231387106,-0.09016994636973237,-14.537109893745393,0.0008425354102082316,-0.05245037488127184,-0.08797898174225854,-0.11253514160556706,0.008687460828705446,0.35246633790661425,0.0004960839506438984,0.0033188458238216077,353.7684036393714,1.0,,,,,
max_ret_20,volatility,False,20,discovery,-1.0,-0.07894842765478036,-6.273335955536764,3.533932373219293e-10,1437,-0.5947016106479884,0.24913013221990257,-0.07894842765478036,-6.273335955536764,3.533932373219293e-10,0.01729992048361548,0.020584476102285927,0.022604987601841327,0.022952450421830098,0.021822387986895373,0.021453583988516968,0.019195392291719727,0.01647239187295199,0.01327680938478137,0.005682223805032231,-0.011617696655524678,-2.8768856008912387,-0.6121212121212121,0.2986461223799423,-0.05928270171983412,-3.850700181252291,-0.06560097760247154,-5.348118048458572,-0.0977576129704525,-5.433905980021903,-0.10034430484179714,-8.951290729233804,-0.013466897898853292,-0.04235861171053754,-0.061619754251660365,-0.09973005274292714,0.016014226946825173,0.7643310532191601,0.0016524800231969327,0.02433375706611021,220.78079331941544,1.0,,,,,
max_ret_20,volatility,False,20,validation,-1.0,-0.08988631891962591,-7.0143859221268094,2.3096108157344264e-12,1194,-0.7334274876011936,0.24371859296482412,-0.08988631891962591,-7.0143859221268094,2.3096108157344264e-12,0.005738565493277807,0.009981093070666455,0.010089526738889461,0.009404738234795089,0.008892207697840795,0.007636778617645339,0.007239086418934496,0.004220061557107192,-0.0004974328403538495,-0.006948889807415774,-0.012687455306229006,-2.820211396355838,-0.7333333333333332,-0.16554209470196235,-0.03141880726584676,-1.5947038325040441,-0.055971179349254156,-3.716801025367587,-0.07679501508848119,-6.003658664050036,-0.1138742326049329,-9.31337442235833,0.0018224598765209064,-0.025424239647554643,-0.043588705996938336,-0.08760736341859796,0.024355088774843117,0.7208121567215752,0.0005023161610791232,0.006256079279788,352.8525963149079,1.0,,,,,
min_ret_20,volatility,False,1,discovery,1.0,0.00450331786287479,1.1251985051133866,0.2605049264707362,1456,0.030253408417447298,0.5103021978021978,0.00450331786287479,1.1251985051133866,0.2605049264707362,0.0006888167287752866,0.0008660347473392493,0.000941335560805333,0.0009612142121535361,0.0010344799440481487,0.000990340483590294,0.0010826527980774309,0.0009937122520847885,0.000873468303445755,0.0008386316331070502,0.00014981490168573366,0.44236985146356855,0.24848484848484845,-0.16825002958983537,0.004908130472988257,1.0147685618728692,0.007181957969306085,2.0116490400241718,0.010950673224884829,2.02004580239129,0.00605771751723116,1.7822618586193748,-0.032982356061823405,-0.12013725797487722,-0.17824052591691306,-0.21265812542495674,-0.031577914641912924,0.11528426178975369,0.0016757502886760919,0.005154843497631181,221.44230769230768,1.0,,,,,
min_ret_20,volatility,False,1,validation,1.0,0.022464836333872196,5.453598898936358,4.936047265706755e-08,1213,0.14944743300574187,0.5614179719703215,0.022464836333872196,5.453598898936358,4.936047265706755e-08,-0.00017245175169527192,0.0001425759850652479,0.00022733175363082603,0.00033314252885672076,0.00041610078258439516,0.0004214034161355416,0.000450042908408318,0.0003732777360038504,0.0003582526816775662,8.89340571572679e-05,0.00026138581839211205,0.7639925521378088,0.3696969696969697,-0.6191741667631281,0.009498413904938675,1.778722600437159,0.01591607028518427,3.4189648478938466,0.017972583352937315,4.5523765870796735,0.028279148031328548,7.157228950161021,-0.03595597045344229,-0.11550528436302913,-0.16853816030275373,-0.19572250945504063,-0.044593000072584196,0.10522396019786621,0.0018029587753332064,0.00219754587785208,354.0,1.0,,,,,
min_ret_20,volatility,False,5,discovery,1.0,0.009555901807376739,1.162743691837436,0.24493350895014876,1452,0.05758813373147201,0.5275482093663911,0.009555901807376739,1.162743691837436,0.24493350895014876,0.003948072277100848,0.004664753122479418,0.004882963295060895,0.004919969238932833,0.004893922502897588,0.0047265300605784195,0.0048314734368324515,0.0045501017492716395,0.003933723433051492,0.003326799322652502,-0.0006212729313821319,-0.45261859461670534,-0.43030303030303024,0.04375253815200307,0.009641606180719228,0.9881013315154755,0.01171419158839172,1.680410338041605,0.022619036266625384,2.058606198095374,0.013690229091122146,1.9217726798942976,-0.06451188407310747,-0.12270591805207776,-0.1615019407047246,-0.19523305697999277,-0.04549254857934204,0.38488117710959174,0.0016803666806559157,0.013004221005452484,221.31060606060606,1.0,,,,,
min_ret_20,volatility,False,5,validation,1.0,0.037224771594696095,4.732455709542415,2.2181971573424397e-06,1209,0.2521885133542881,0.6153846153846154,0.037224771594696095,4.732455709542415,2.2181971573424397e-06,-0.00015290538194029675,0.0006245363026011969,0.0011300849775679291,0.0017106983895200341,0.0018495193270413547,0.0019760047988485016,0.002040725765029366,0.0018604006216187948,0.0017335302813346791,0.0005565087579160183,0.0007094141743719775,0.516204685168642,0.406060606060606,-0.38834029340055404,0.015073383324412703,1.4327524389225441,0.022520014518736906,2.5373922827303503,0.02913788368616489,3.9171040246409015,0.04824068981603734,6.242588494034224,-0.04075690222315943,-0.09378716025510686,-0.12914066560973853,-0.1665722059011876,-0.025521502218159565,0.3507292197880122,0.0018089238994865007,0.004246505799089351,353.76095947063686,1.0,,,,,
min_ret_20,volatility,False,20,discovery,1.0,0.020946095129611503,1.299662277785137,0.19371674454303378,1437,0.12047603899097362,0.5622825330549757,0.020946095129611503,1.299662277785137,0.19371674454303378,0.016361984624997068,0.018987014669982677,0.01965663580747131,0.019401031677201166,0.019008183260515923,0.01918933244401435,0.018805790072863326,0.017984492847543318,0.017217804028553326,0.014723852617799918,-0.0016381320074199334,-0.3166465388944559,-0.43030303030303024,0.21009822136842568,0.03527923258465302,2.0898200286325515,0.022240060791455074,1.6804210862869844,0.03768680827078411,1.7247169831818332,0.02496821441182205,1.7983076790156423,-0.04470187905844606,-0.07204534408410997,-0.09027432076788586,-0.14253329389800207,0.003905172732922945,0.7233720906260284,0.001697907042666938,0.02810750217757025,220.7988865692415,1.0,,,,,
min_ret_20,volatility,False,20,validation,1.0,0.04689810038454537,3.341852463269462,0.0008322128263875668,1194,0.33718311171871235,0.6507537688442211,0.04689810038454537,3.341852463269462,0.0008322128263875668,0.0033720606464933186,0.003193825494492018,0.004035049849548619,0.006408055189040687,0.006929044114378783,0.0068752817679772335,0.007551839284870893,0.007095694314298492,0.006667393480286285,0.0036254784336508705,0.0002534178033365027,0.05281700031608594,0.5030303030303029,-0.07180562308972138,0.004668933505581815,0.2423166829519545,0.029263916074040337,1.8001974910332985,0.036149992579258855,2.622649978850782,0.0628417183028283,4.543495172695452,-0.02563953169276157,-0.05191380458944796,-0.06942998652057222,-0.11216248521871455,-0.001339069464747012,0.6950865845684231,0.0018238171931571473,0.00715434276444254,352.8450586264657,1.0,,,,,
skew_20,volatility,False,1,discovery,-1.0,-0.01817626634910594,-5.837627881710015,5.294925140797657e-09,1456,-0.18875255333655996,0.3804945054945055,-0.01817626634910594,-5.837627881710015,5.294925140797657e-09,0.0008590532110344741,0.0009640923942547638,0.0011178136935528769,0.0010259616701934827,0.0010246763807162506,0.0009866671097685956,0.0008829607449575173,0.0009084990094321996,0.0007816368193554791,0.0004326177288076396,-0.00042643548430942743,-1.5792242606279958,-0.5272727272727272,0.06456396317222508,-0.0033380027430846525,-0.9216096520317574,-0.012441704291212283,-4.075594231180926,-0.017795710941397043,-3.342925065614624,-0.025504497504617314,-8.61600581458665,-0.010077986558782798,-0.1590738805137986,-0.2584044764838091,-0.23763942521428943,-0.07748816933712464,0.19708451581351294,0.0010319346175682578,0.005319249104634234,139.26991758241758,1.0,,,,,
skew_20,volatility,False,1,validation,-1.0,-0.019440753276801104,-8.68136592103799,3.910438513708539e-18,1213,-0.2614472666901284,0.38499587798845836,-0.019440753276801104,-8.68136592103799,3.910438513708539e-18,0.0004260248493183016,0.0005324689022946232,0.0005427802994971871,0.0004682873666089316,0.00041786518030813443,0.0003672031474106437,0.0003339173553348178,0.00019661107878229188,0.00013622786815736462,-0.0003216403316852202,-0.0007476651830425745,-4.01199277230716,-0.9151515151515152,-0.8205311811162337,-0.000788168464856405,-0.20798070771607788,-0.015089738906426377,-4.551888066135734,-0.013035873359870711,-5.1065324809213735,-0.02678446317073883,-11.60740503804387,0.045252943229515036,-0.09727312633866486,-0.1922905060507848,-0.1550170958830161,-0.03853796324790032,0.188526547047857,0.0008747054886622608,0.0025105745514727336,168.4608408903545,1.0,,,,,
skew_20,volatility,False,5,discovery,-1.0,-0.043351080264582585,-7.812255357351146,5.6173605199270755e-15,1452,-0.4008846966032367,0.28236914600550966,-0.043351080264582585,-7.812255357351146,5.6173605199270755e-15,0.005043368844621972,0.0053515749568573585,0.005384686313937482,0.005240633053730081,0.0050322691929422765,0.004624204967079473,0.004323629443040938,0.003755491953709306,0.0030010548083832583,0.0016325562618659298,-0.0034108125884422633,-3.4135801096733385,-0.9151515151515152,0.11002967792546596,-0.017065147059747123,-2.540688907598245,-0.03273768463745396,-5.778821939162497,-0.040022567924910143,-3.997615066070039,-0.054016469226809014,-10.516864057070265,0.03425678428807448,-0.04190879843836568,-0.09268585358932577,-0.0979039497510237,0.018775261530342167,0.5037406264976201,0.0010347774126579774,0.011896790550783092,139.36432506887053,1.0,,,,,
skew_20,volatility,False,5,validation,-1.0,-0.028829125596259685,-7.022559956373494,2.1783947284906706e-12,1209,-0.3837584544966918,0.33829611248966085,-0.028829125596259685,-7.022559956373494,2.1783947284906706e-12,0.001969985801006004,0.002281334538376896,0.0024677521124454546,0.002104077586960065,0.0018628403207637595,0.0015773253190395544,0.001486386241005248,0.0013930923372855281,0.0008069056951106213,-0.0005698266901175187,-0.002539812491151733,-3.6759909218261004,-0.9151515151515152,-1.1782729904181217,-0.00090062984331972,-0.12860213723109734,-0.01978600596698658,-3.2685431495867134,-0.019023045295812082,-3.9951536822425084,-0.040777115362895223,-9.457258533729853,0.03693055551419806,-0.03752770621329002,-0.08716654736494875,-0.0851638686829477,0.007417900924051144,0.49244882094899517,0.000877599468773633,0.002859091408153252,168.21505376344086,1.0,,,,,
skew_20,volatility,False,20,discovery,-1.0,-0.051367732727948506,-5.151228049110423,2.5878627721688517e-07,1437,-0.4479106124281315,0.2797494780793319,-0.051367732727948506,-5.151228049110423,2.5878627721688517e-07,0.019664882177546823,0.020473285335624234,0.02048311506429222,0.020108778456852255,0.0193466922427583,0.018151199901199844,0.01707181394095106,0.016104971049921125,0.014400694009690936,0.010855039060207764,-0.008809843122723876,-2.7458414260005344,-0.9151515151515152,-0.08317498340297137,-0.022336861534346292,-1.9456790551755672,-0.03711069585911741,-3.9500822994933,-0.046573694938531085,-2.2216271257554348,-0.062246250226391846,-6.896394766642481,0.019750056706326482,-0.013865959440506581,-0.03627663687172862,-0.052613811411697076,0.025919244241529825,0.8893125964770652,0.0010455788470281025,0.02538720965703007,139.72025052192066,1.0,,,,,
skew_20,volatility,False,20,validation,-1.0,-0.03759508043016531,-5.15076005293787,2.5943293013276757e-07,1194,-0.4726716257813727,0.2948073701842546,-0.03759508043016531,-5.15076005293787,2.5943293013276757e-07,0.008600504206205152,0.009558792173207938,0.008513747400612622,0.007580245650226467,0.007505249222224511,0.005747201739509814,0.005698743084259078,0.0057365294474046435,0.0033529516805338886,0.0012633178303106888,-0.007337186350588573,-3.203021458537504,-0.9757575757575757,-1.6740778304339943,-0.0212266884816415,-2.0272537109513133,-0.02080727071146097,-2.1547021490943896,-0.021369737453649004,-2.5151505106167673,-0.05366860749101115,-7.0834479950350175,0.03961875910448469,0.00603454441438169,-0.01635493204568698,-0.02889196794517681,0.0439225460265521,0.888471288097963,0.0008748806116032341,0.003967178579095371,167.28391959798995,1.0,,,,,
amt_ratio_5_20,volume,False,1,discovery,-1.0,-0.028574561625716272,-10.36547337275591,3.5599140759828396e-25,1456,-0.2537551809538216,0.38118131868131866,-0.028574561625716272,-10.36547337275591,3.5599140759828396e-25,0.0006345955312249167,0.0008596895698544522,0.001060989518686501,0.0011716655521266917,0.0012412223425769127,0.001249090563795527,0.001295605984057102,0.0011669498755680578,0.0008831141392795041,-0.0003013885917362706,-0.0009359841165500617,-3.8460949587660322,0.07878787878787878,0.08147676815674106,-0.016980404577190293,-4.6945767431321475,-0.02355099564539949,-7.8255135007028445,-0.02567415119461071,-6.53688668808076,-0.03576076124529089,-13.909558950899184,-0.05007422492190892,-0.2229134016146939,-0.33813951940988396,-0.26267771611742746,-0.18223269592955071,0.22862324959363092,0.0019149107252155522,0.006330409682749842,219.56112637362637,1.0,,,,,
amt_ratio_5_20,volume,False,1,validation,-1.0,-0.02573875467951791,-9.647608648401933,5.031533386587823e-22,1213,-0.257722028595543,0.3866446826051113,-0.02573875467951791,-9.647608648401933,5.031533386587823e-22,-6.855528089667476e-05,0.000258701803301441,0.0004056223139583427,0.0005586745020244866,0.0006033809632826858,0.000616595392482637,0.0005737600442724512,0.0005350794252445357,0.0001860974533023555,-0.0009350438524103887,-0.0008664885721064226,-3.3739937094064665,-0.04242424242424241,-0.4294612398111095,-0.009620898508293837,-2.5624699054271414,-0.020340501840715768,-6.213144017831539,-0.021503672180486422,-7.556597336324717,-0.03215727142863719,-12.322781833717213,-0.07659765352441966,-0.2274388313376432,-0.3279996165464589,-0.2692250672841154,-0.18526533751171956,0.1995253674778089,0.0016276272695576073,0.00253457325623545,353.66859027205277,1.0,,,,,
amt_ratio_5_20,volume,False,5,discovery,-1.0,-0.02198607591000872,-4.295409196791907,1.743714001800546e-05,1452,-0.19758457874339277,0.39325068870523416,-0.02198607591000872,-4.295409196791907,1.743714001800546e-05,0.0026308623374905076,0.0039398395456004135,0.005076502078636446,0.0054394289887982165,0.005875775806811432,0.0058956246064568885,0.005802780631543489,0.005296543704801632,0.004425155458279144,0.00011303441870383783,-0.002517827907530655,-2.952741666511,0.04242424242424241,-0.7375420899879751,-0.00806372962278555,-1.2219989813089358,-0.017164978558345863,-3.0349662157832324,-0.019778350980305805,-2.7550971644135247,-0.03403599586323433,-7.2250494664615905,-0.08080277141082713,-0.1843938211979091,-0.2534545210559637,-0.22285661120714018,-0.14588014409898348,0.685125990655304,0.0019201859613731708,0.014797441949670205,219.42561983471074,1.0,,,,,
amt_ratio_5_20,volume,False,5,validation,-1.0,-0.025829767458559125,-5.3162543763197325,1.0592504279032093e-07,1209,-0.2750375658109947,0.369727047146402,-0.025829767458559125,-5.3162543763197325,1.0592504279032093e-07,0.00018562852316261823,0.0012987767438052513,0.0018049428437359974,0.0022616233430110904,0.002425186049124633,0.0026148403406704465,0.0024280317236196466,0.0022794296667299594,0.0013722109096196836,-0.0030512257139381914,-0.0032368542327903013,-3.5001692533785915,0.11515151515151514,-2.1536785471987914,0.0009168107565816891,0.13707577183666592,-0.017131336908517394,-2.90489236380726,-0.01777493522680475,-3.3849856401732747,-0.038406016384868756,-8.084102369934657,-0.05437863433486136,-0.15070408537879731,-0.21492105274142123,-0.18419301515257708,-0.1143190104538812,0.6370730889149201,0.0016291381616370308,0.0036836870914406772,353.42928039702235,1.0,,,,,
amt_ratio_5_20,volume,False,20,discovery,-1.0,-0.023671675230150072,-2.938391770619009,0.0032991982696359092,1437,-0.2125312117499916,0.4022268615170494,-0.023671675230150072,-2.938391770619009,0.0032991982696359092,0.01579220286565649,0.018574469099378852,0.019730160172232544,0.020380720108894957,0.020926751894875095,0.021247339500463588,0.02093167891639138,0.019848474706496994,0.017281998899463257,0.0067573713760057195,-0.009034831462724156,-3.020235287362716,-0.01818181818181818,-1.0826494671623323,-0.0027184127205360626,-0.26120627672562174,-0.01149971605620709,-1.376403582445417,-0.031462448674058785,-2.503407270686332,-0.0392551393875463,-5.621336036920179,-0.025539406431647826,-0.060777094434950954,-0.08426888643715301,-0.09213754092072898,-0.024341624766601674,0.9322139683413522,0.0019376522701988017,0.03431141204861749,218.89839944328463,1.0,,,,,
amt_ratio_5_20,volume,False,20,validation,-1.0,-0.028420747136082676,-4.585842438009554,4.521595083505602e-06,1194,-0.3346559009288893,0.36515912897822445,-0.028420747136082676,-4.585842438009554,4.521595083505602e-06,0.0033733299323311693,0.006026938766238831,0.007139150799434559,0.008172597973074253,0.008208849206588466,0.008658652916327409,0.008195171369554565,0.007001143095591609,0.004239765506146729,-0.004899027746536288,-0.008272357700568885,-3.431704403504349,-0.10303030303030303,-0.6264955841481143,-0.005249773504806665,-0.611737475177176,-0.013835212509951712,-1.801432655774871,-0.02312123697507556,-3.342790072152718,-0.03942473933337225,-6.1069903777413215,-0.026085477696298636,-0.06123489763677509,-0.08466784426375937,-0.09366044868462825,-0.02828856984569328,0.9298788344041387,0.0016398114332433172,0.006930036401068807,352.51256281407035,1.0,,,,,
amt_ratio_20_60,volume,False,1,discovery,-1.0,-0.022871809618154257,-7.786232273348111,6.903698280442568e-15,1456,-0.20435996072122087,0.40315934065934067,-0.022871809618154257,-7.786232273348111,6.903698280442568e-15,0.001210724830332123,0.0010854847725432558,0.001041485381468365,0.001110651639596735,0.0011390977078058204,0.0010599141507447592,0.0010422128765368982,0.0008915139864545036,0.0007355244387055721,-9.454198957796707e-05,-0.0013052668161965281,-4.800409625005611,-0.8060606060606059,0.31690686405631646,-0.01352010219166554,-3.32971526433572,-0.019657769978853688,-6.315805151310501,-0.027496099758882998,-6.177365358464586,-0.027924641615904727,-10.527857189984239,0.08882927965866937,0.02531857318405885,-0.01702189779901487,-0.034860650215121025,0.08758284892148863,0.08400887099816208,0.0025457244412461807,0.005853449639699237,213.6414835164835,1.0,,,,,
amt_ratio_20_60,volume,False,1,validation,-1.0,-0.026972829328289216,-8.45296245939744,2.840030133863309e-17,1213,-0.2321210006561502,0.3973619126133553,-0.026972829328289216,-8.45296245939744,2.840030133863309e-17,0.0003641898892080649,0.00040306068842850957,0.00043180508518674346,0.0003717716399635833,0.0004699894962657927,0.0004269781811634657,0.00043866423836823977,0.00036405400486625746,0.00013328017844261146,-0.0007335344526570157,-0.0010977243464374846,-3.949064971974653,-0.43030303030303024,0.08180339764102133,-0.015920849794199988,-3.6599008257459795,-0.019399285218202868,-5.139204203714244,-0.024125468585916018,-7.236300313305252,-0.03227252190211298,-10.766591377121033,0.042096098922399634,-0.01184551502706099,-0.04780659099336808,-0.06537938155523625,0.042444482137160455,0.07135134120299023,0.0016654555099230852,0.0023861353691384773,352.4921681780709,1.0,,,,,
amt_ratio_20_60,volume,False,5,discovery,-1.0,-0.04261878094914996,-7.214084777398567,5.429792155230209e-13,1452,-0.3648430684612068,0.35055096418732784,-0.04261878094914996,-7.214084777398567,5.429792155230209e-13,0.005677093089813386,0.005189559247259028,0.005263026879305166,0.00544794241643439,0.005430883638768357,0.005208948341990895,0.004882468644008298,0.0041458341616984916,0.0035041499903511603,-0.0002667202945489277,-0.005943813383997451,-5.303344355413371,-0.8424242424242423,-0.18741946722112235,-0.025530473737786857,-3.1124180246788926,-0.03302098108721492,-5.452828024027834,-0.0522115719110781,-5.775950008412968,-0.05347752331920376,-9.996713377095595,0.06832307305348351,0.021017158576107583,-0.01052011774214301,-0.035859646312399567,0.08229695199484055,0.3128698047445497,0.0025527374562358397,0.015744841811997617,213.50757575757575,1.0,,,,,
amt_ratio_20_60,volume,False,5,validation,-1.0,-0.04318449302445816,-7.210855351931408,5.560149444216252e-13,1209,-0.3905637106521613,0.33416046319272125,-0.04318449302445816,-7.210855351931408,5.560149444216252e-13,0.0016770952476906483,0.0020316318572097614,0.001966579760846046,0.001994917666342046,0.0019373641210172156,0.0021157125721500375,0.002234431252076383,0.0016634127053732498,0.0005979184975688337,-0.00274687335558877,-0.004423968595139855,-3.9803109057072272,-0.43030303030303024,-0.10040145128970551,-0.027658431330674613,-3.463766428164657,-0.030257949334044684,-4.3155871900782525,-0.03742249922014037,-6.037387963848889,-0.05192462904398752,-9.017422852499516,0.02282126661956643,-0.020013136624161054,-0.04856940545331271,-0.07123494052782858,0.03244657769115232,0.2832963177495204,0.0016690331555107984,0.003986510097467463,352.24813895781637,1.0,,,,,
amt_ratio_20_60,volume,False,20,discovery,-1.0,-0.05646733359506258,-4.7804123774187,1.7493599159647344e-06,1437,-0.45232094229020053,0.3235908141962422,-0.05646733359506258,-4.7804123774187,1.7493599159647344e-06,0.021280838434008378,0.02102272092488496,0.021304716175711582,0.02084957036277806,0.020787575776803232,0.019079045667146608,0.018458484011181348,0.016656223091343597,0.014476310901570508,0.005940198976361088,-0.015340639503589115,-3.326197622765813,-0.9636363636363635,0.3775222323875474,-0.03613144554594427,-2.2738891227785594,-0.03959641194366289,-3.789364519081678,-0.07229053602504229,-4.347837545277539,-0.07026043301959618,-6.99409813905303,0.042795156064357895,0.012523621681757757,-0.007657401239975649,-0.043848320325825835,0.07179005547003078,0.8008342429259293,0.0025793839850065687,0.035114902686055494,212.9902574808629,1.0,,,,,
amt_ratio_20_60,volume,False,20,validation,-1.0,-0.04840534682910004,-4.023536621384319,5.7330664594873046e-05,1194,-0.4220881415837196,0.33752093802345057,-0.04840534682910004,-4.023536621384319,5.7330664594873046e-05,0.005311263985054614,0.007972765766982463,0.008038429760338443,0.008425043512475678,0.007682658063195247,0.007584565756187171,0.0071859313845762185,0.0054673309426943525,0.0025162045792272857,-0.003969888042567794,-0.009281152014587842,-2.154469516645853,-0.6121212121212121,0.14394130550219078,-0.040899444280483456,-2.9568400385141493,-0.02801172431176462,-1.9804907086033439,-0.0426103337500182,-3.47772306203658,-0.05524813662189473,-4.720668750505455,-0.0019366351276001107,-0.031297859841806205,-0.05087200965127693,-0.0810819150438539,0.015978782398785963,0.7767519765662987,0.0016880395014534767,0.006325453948822353,351.3140703517588,1.0,,,,,
pv_corr_20,volume,False,1,discovery,-1.0,-0.030876866377514158,-12.249126699888,1.6981466191923543e-34,1456,-0.32874981304299183,0.33653846153846156,-0.030876866377514158,-12.249126699888,1.6981466191923543e-34,0.0014337739019145994,0.0013116115533531119,0.0010793998313698256,0.001095705308693176,0.0010181263636893584,0.000915157750531572,0.0008456903950148514,0.0007849217944452563,0.0005970137794774347,0.0001788011179260988,-0.0012549727823200525,-5.912350003792317,-0.9878787878787878,1.355564454482407,-0.022766075451680214,-6.251415908807233,-0.029386516869075983,-10.412358786324484,-0.030792554290415306,-8.182622264884627,-0.036353629021715066,-15.547104675677238,0.13603849736060825,0.0011431655292458772,-0.0887870556916624,-0.04586475427588715,0.05154116395928965,0.1784329786129132,0.0031268051236990717,0.006205286172789184,220.28777472527472,1.0,,,,,
pv_corr_20,volume,False,1,validation,-1.0,-0.028947805582961453,-12.324649928532082,6.673264945998419e-35,1213,-0.331246326084531,0.35614179719703215,-0.028947805582961453,-12.324649928532082,6.673264945998419e-35,0.00039108341117358907,0.00046410657653529123,0.00040254553557852524,0.000422033103189639,0.0003773560527583467,0.00040664631223007777,0.00033319079422428196,0.00014344076894487424,0.00010605339033576597,-0.00040156303597481803,-0.0007926464478954787,-3.826065816066227,-0.8060606060606059,-0.6378758213058459,-0.016681553291440835,-4.063210259031781,-0.023791674850662126,-7.62863862545934,-0.025496416043182746,-9.622543187102579,-0.03484989497835675,-16.260322577689653,0.043840996648043105,-0.08071783522274618,-0.16375705646993904,-0.1292087709765818,-0.039133936979138695,0.16476035961744614,0.002853126817913411,0.002388710186410594,353.7790601813685,1.0,,,,,
pv_corr_20,volume,False,5,discovery,-1.0,-0.059783444458564955,-12.137909028237745,6.650382996550673e-34,1452,-0.6111173942202887,0.256198347107438,-0.059783444458564955,-12.137909028237745,6.650382996550673e-34,0.006772702402387208,0.00630755137327161,0.0057332224132401015,0.005348129602607614,0.005131671856659362,0.004609105160066365,0.004210164005508729,0.003615236433919057,0.002567591896406242,0.0003872363457840514,-0.006385466063279048,-7.4864202354336475,-0.9999999999999999,0.9470847942711103,-0.04943036539132227,-6.954772494726452,-0.053541669396496426,-9.978073820098837,-0.06287037284369433,-8.476143281786072,-0.06930756793189083,-15.259053660755097,0.12373401347751256,0.051437491213465455,0.003239809704100722,0.013807644607488217,0.09104265597400049,0.4781516022754438,0.0031354189119186283,0.016143843077171913,220.15495867768595,1.0,,,,,
pv_corr_20,volume,False,5,validation,-1.0,-0.045142121544526945,-10.191102878190895,2.1728503892792056e-24,1209,-0.5458766666521468,0.28287841191067,-0.045142121544526945,-10.191102878190895,2.1728503892792056e-24,0.0018657807793593753,0.00212351993064655,0.002181505829317935,0.002124599427258445,0.002166894855641121,0.001857863593884546,0.001638645318786486,0.0009473726608515259,0.0004158890478818218,-0.0019644789453947217,-0.003830259714618008,-4.664857388683702,-0.7939393939393938,-0.12928909141534442,-0.028059982310305466,-3.5613115175164256,-0.03495882928779316,-5.958883994806204,-0.04212595871928925,-8.505824424995472,-0.05398593510506287,-13.074729038650768,0.029342340601721233,-0.038618429612237715,-0.08392560975487698,-0.08091136385593843,0.0011128644916819695,0.44947599347856443,0.0028606293712587793,0.003565842344874718,353.5392886683209,1.0,,,,,
pv_corr_20,volume,False,20,discovery,-1.0,-0.06708589613072447,-7.907906252410084,2.617538022143125e-15,1437,-0.663633574933592,0.22268615170494085,-0.06708589613072447,-7.907906252410084,2.617538022143125e-15,0.021844506353170985,0.022237778656108844,0.02183883286198075,0.020514342966009697,0.020376152816878816,0.019280119571127886,0.018251380977795335,0.016110185022229752,0.014020839546504545,0.007084747634302885,-0.014759758756225106,-4.87079027397652,-0.9878787878787878,-0.5279134119516194,-0.0647562759853904,-5.642829469986688,-0.060100168129660105,-7.548988415060407,-0.07564260537427495,-6.470431727894871,-0.0782913417004019,-9.4979377723613,0.049570030218334046,0.015803370219639394,-0.006707736446157027,-0.017281232145382137,0.044009832491183606,0.8932978835633503,0.003168147710581662,0.0359196610908849,219.63813500347948,1.0,,,,,
pv_corr_20,volume,False,20,validation,-1.0,-0.06490355019860533,-7.993246713204076,1.3143074422078774e-15,1194,-0.774863114334829,0.20770519262981574,-0.06490355019860533,-7.993246713204076,1.3143074422078774e-15,0.009598153756584056,0.008766003427939772,0.008472576904644254,0.008568606691068044,0.008167857199024828,0.006771262050508932,0.005520393705192391,0.0036747092397115865,0.0014580148668158822,-0.005221862323533227,-0.01482001607282609,-5.276452409283553,-0.9878787878787878,0.7224856408426825,-0.05406380962180131,-3.7238042883540627,-0.03863585065173203,-4.2111475674691405,-0.05868722500134124,-7.115373963601508,-0.07672663706764078,-9.129017925384217,0.05161510848760299,0.018311668128083637,-0.0038906254449292675,-0.017981442787024824,0.051772136874701245,0.8810433957544803,0.0028906964524953284,0.005301324226129082,352.6247906197655,1.0,,,,,
obv_chg_20,volume,False,1,discovery,-1.0,-0.023710644748290294,-8.677580730412652,4.04276236539755e-18,1456,-0.2330991829507399,0.39903846153846156,-0.023710644748290294,-8.677580730412652,4.04276236539755e-18,0.0006929227401049285,0.0009532509816406194,0.0010020245562748437,0.000945504076666596,0.0010002958610808381,0.0010131439269816139,0.0010389911211666708,0.0009362901726300966,0.0008454038546725504,0.00018120199072112743,-0.0005117207502725261,-2.1924246247536034,-0.19999999999999998,0.018275499942780365,-0.022099903944253638,-5.66449269645905,-0.02599516784052217,-8.603139990155846,-0.022370198204352758,-5.500288522700152,-0.026266893075514348,-10.576458777591712,-0.07291213263015205,-0.2709833458610726,-0.40303082134835294,-0.3393112243189387,-0.2019464089467615,0.26199895930015943,0.003718211083541174,0.008296018076330106,228.21222527472528,1.0,,,,,
obv_chg_20,volume,False,1,validation,-1.0,-0.019373929591266277,-6.780303916628507,1.199233393358611e-11,1213,-0.18170755178992126,0.42621599340478156,-0.019373929591266277,-6.780303916628507,1.199233393358611e-11,-6.470214193826244e-06,0.00030590047429740746,0.0002959441098924059,0.0003971873007004836,0.0003699908282860461,0.0004748216643100514,0.00046462867953109234,0.0003502451095799395,0.00026430700747949313,-0.0005161795982576485,-0.0005097093841305535,-2.0378115738733498,-0.04242424242424241,-1.0681717647168236,-0.013565362604652237,-3.197556576509167,-0.014432590421958042,-3.860657361272226,-0.019197078362532535,-6.011441393578629,-0.02316243348631115,-9.242597867799834,-0.09286649118172602,-0.2881620470998818,-0.41835908437865227,-0.34376481578030316,-0.23969603614694976,0.2583274549181955,0.0011448518775007323,0.0038410153415404194,355.8722176422094,1.0,,,,,
obv_chg_20,volume,False,5,discovery,-1.0,-0.022435530918521567,-4.304870473748545,1.6708346464446345e-05,1452,-0.215263681223187,0.42699724517906334,-0.022435530918521567,-4.304870473748545,1.6708346464446345e-05,0.0036390916880347413,0.004762626439925762,0.00474584773082549,0.004708633746827907,0.004947308491725478,0.0048159424707481585,0.004896737859299787,0.004581203650634012,0.004035644796063689,0.0016986882992180655,-0.001940403403462547,-2.0169098925517095,-0.22424242424242422,0.13127211007788955,-0.022378731398685,-3.0429219973715598,-0.02370493477078914,-4.225401730897139,-0.02493316332298066,-3.2220932147280985,-0.028328611412886805,-5.953407756447246,-0.03750348250335768,-0.11864120224228443,-0.17273301540156896,-0.1658733777087073,-0.06931138286317663,0.5366251305484575,0.0037259767322670207,0.015237010287418551,228.07920110192836,1.0,,,,,
obv_chg_20,volume,False,5,validation,-1.0,-0.023820325582201377,-4.4275735314942555,9.529908937037486e-06,1209,-0.23690889438900534,0.4011579818031431,-0.023820325582201377,-4.4275735314942555,9.529908937037486e-06,0.0005595307036688952,0.0014418724004714712,0.0015764248848972107,0.0017784618759182304,0.0018606735633589799,0.0019072025473150821,0.0019820022055339,0.0015869325588147615,0.0011921680777040135,-0.0012173734189722166,-0.0017769041052222948,-1.7420063358013425,-0.006060606060606061,-2.1516543951717253,-0.016545627063955348,-2.038082871939491,-0.014436823889328902,-2.0498597228499125,-0.025103109489981068,-4.317487593056151,-0.029679829818359326,-6.109000970368357,-0.03950198388075494,-0.11958813023259052,-0.17297889446714756,-0.1652776742343984,-0.07219653391430533,0.5296702801047326,0.001148639642190561,0.004852770842924541,355.6368899917287,1.0,,,,,
obv_chg_20,volume,False,20,discovery,-1.0,-0.018643511501155476,-1.958581341508712,0.050161836469190924,1437,-0.16826254726657078,0.45441892832289493,-0.018643511501155476,-1.958581341508712,0.050161836469190924,0.01595692205658894,0.018636792305806543,0.019195738888199927,0.019466082763592983,0.01947027667398084,0.01924848381977882,0.018901675085093144,0.01813736383938683,0.017133305415389165,0.012658417441773519,-0.00329850459255527,-0.9420803481415435,-0.29696969696969694,-0.2868998912322691,-0.021102400166232063,-1.4523941676347438,-0.0176011954768105,-1.9480154212409109,-0.025871107752969982,-1.9104474236350601,-0.028244657249305114,-3.670957439970999,-0.023642698691773885,-0.058093807175678726,-0.08106121283161527,-0.0998974527091575,-0.021809059242416478,0.9114049863466888,0.0037573603675010495,0.033856902946831455,227.571329157968,1.0,,,,,
obv_chg_20,volume,False,20,validation,-1.0,-0.04029701456866667,-4.296444367483574,1.7355949955354714e-05,1194,-0.4022844010065875,0.33835845896147404,-0.04029701456866667,-4.296444367483574,1.7355949955354714e-05,0.00633776788804296,0.007768969306941854,0.007421240795821167,0.007088708104588043,0.006539147226238378,0.006582930234327011,0.006004499148637317,0.00516491375845612,0.003364220022490943,-0.001854181043719281,-0.008191948949821119,-2.217147556808558,-0.8060606060606059,-0.4774246682865642,-0.03083353748411538,-2.3225758181928033,-0.024102569420494754,-2.1354586127076622,-0.040046199522825725,-4.045749679460043,-0.04769397776432058,-5.196729000556709,0.009512961799809452,-0.024775905523433384,-0.04763515040559528,-0.0676088687336569,0.01679449824461779,0.9071128921492815,0.0011630697884492363,0.007433666151884313,354.7403685092127,1.0,,,,,
log_amount_20,volume,False,1,discovery,-1.0,-0.03665506886748353,-11.055614328691592,2.059221931385151e-28,1456,-0.3368717133514707,0.35096153846153844,-0.03665506886748353,-11.055614328691592,2.059221931385151e-28,0.0019476427813411637,0.0014701014337783992,0.0012930723678031037,0.0011776355284649315,0.0010048592841915276,0.000762359947666757,0.0006944326119132661,0.0005494965718458683,0.00032017962118995887,5.106924113021535e-05,-0.0018965735269995383,-5.9490580912818265,-0.9999999999999999,0.5625860996764943,-0.009062377181824654,-2.4411455425092887,-0.02443436975878725,-6.546297722650749,-0.042414527235689316,-8.211997225246018,-0.044279813106431205,-14.427170611572336,0.2886631257032596,0.2545765760532416,0.23185220961989617,0.19818724917901362,0.3237362355832315,0.04508802863758999,0.002322819504495403,0.0060850712787334366,221.3489010989011,1.0,,,,,
log_amount_20,volume,False,1,validation,-1.0,-0.032673492324552446,-8.288899091044254,1.1430146260387985e-16,1213,-0.22615121224214646,0.4031327287716406,-0.032673492324552446,-8.288899091044254,1.1430146260387985e-16,0.0009003619873151467,0.0007443604069513577,0.0005826367930433198,0.0004700504215057319,0.0003823688003414611,0.0002222909171057473,5.582958525144299e-05,-6.767931546762201e-05,-0.0003003837599602714,-0.00035237035091475517,-0.001252732355647044,-3.679548217035694,-0.9999999999999999,-1.4565294393366721,-0.00661476142134047,-1.573505552608049,-0.024444445487201625,-5.203625789980961,-0.030762925249399553,-7.260489576810378,-0.05142150992649346,-12.61299699779497,0.1773932297602312,0.15189446914658689,0.13489529540415737,0.09172939289319844,0.22241517432080854,0.03372851933021734,0.0017382574741024546,0.0018668378957048956,354.00412201154165,1.0,,,,,
log_amount_20,volume,False,5,discovery,-1.0,-0.07529802020837938,-11.154050532911395,6.841928850007456e-29,1452,-0.5907353274445744,0.2741046831955923,-0.07529802020837938,-11.154050532911395,6.841928850007456e-29,0.009050993296332634,0.007208035958234984,0.006365413805531606,0.005708013564189242,0.004959440360361749,0.0037606360087243797,0.0033498504486104605,0.002591877207455594,0.0016040363145779734,8.225924922481423e-05,-0.008968734029441887,-6.379531256645191,-0.9999999999999999,0.26889898892930564,-0.017723085661933865,-2.40092500822799,-0.05210839313896374,-6.970712350359207,-0.08944822710462912,-8.305603189255836,-0.09496598686868456,-14.998155438591226,0.24542389919624535,0.22026121728110848,0.20348609600435058,0.16298767221302451,0.2830827622211214,0.1664198539360906,0.0023241169361356575,0.01528295038986987,221.21694214876032,1.0,,,,,
log_amount_20,volume,False,5,validation,-1.0,-0.060297658773562024,-7.5927085921992505,3.132865755509088e-14,1209,-0.42353381414066776,0.32754342431761785,-0.060297658773562024,-7.5927085921992505,3.132865755509088e-14,0.004152003124513849,0.003698403850879096,0.002984062246032649,0.002271156148904132,0.0019051992871383899,0.0011508186015628226,0.000450221632493875,-0.00022865605486175431,-0.0014280468784238368,-0.0016297110266761993,-0.005781714155905279,-3.92881941605198,-0.9999999999999999,-1.7679418497942876,-0.009686459064905227,-1.155645834835504,-0.04283083855606634,-4.596265109238358,-0.05660150532937416,-6.729629897303216,-0.09337377016206252,-11.149413564554344,0.14749956721139196,0.12750717250704063,0.11417890937080637,0.07035732435795547,0.19519557531542903,0.13222483270073648,0.001744008532742992,0.003391459177504698,353.76509511993385,1.0,,,,,
log_amount_20,volume,False,20,discovery,-1.0,-0.12376324480684087,-8.006408843812768,1.1810662039498038e-15,1437,-0.8187261446886451,0.1990257480862909,-0.12376324480684087,-8.006408843812768,1.1810662039498038e-15,0.03247013512719124,0.02851660554640155,0.025485266745597826,0.023411398861306228,0.02065606341142055,0.01647170943645948,0.014098315997824788,0.011540726579164157,0.00758113898500685,0.001125876329162044,-0.031344258886870195,-4.7825755663429135,-0.9999999999999999,0.44410414643528795,-0.026178768048279913,-1.7093532530789401,-0.08896178393097147,-5.8720517263982055,-0.148327227563161,-6.839251441442806,-0.15160955328394016,-11.567149020373977,0.18696923011260563,0.17020549656691952,0.15902967420312877,0.11607753366271026,0.2319753533424384,0.4434850144361404,0.0023483770294147354,0.03553517843825417,220.70494084899096,1.0,,,,,
log_amount_20,volume,False,20,validation,-1.0,-0.09308411499048182,-5.588259178885749,2.293571597808275e-08,1194,-0.6019313103535171,0.2747068676716918,-0.09308411499048182,-5.588259178885749,2.293571597808275e-08,0.014895989600096084,0.013367254602907629,0.012038805846991506,0.008797761441732827,0.007121428398059107,0.004386239345073821,0.0025214547592747006,0.0006212052792204245,-0.0031065182585911593,-0.004887264449563698,-0.01978325412664843,-3.0756573049085403,-0.9999999999999999,-0.8997714793467273,-0.017904464825908736,-1.0620009557999528,-0.05852809389128363,-2.9841936146289694,-0.08791093319501468,-5.000014310819985,-0.13880146239559327,-8.712726936233727,0.12165234943098055,0.10744005066773295,0.0979651848255679,0.04944366765905819,0.1675190868856022,0.37598673976845476,0.0017639567804096931,0.006104243360381804,352.8500837520938,1.0,,,,,
amihud_20,volume,False,1,discovery,1.0,0.025429102578831398,7.122330235176951,1.0611742187033029e-12,1456,0.22518403833647352,0.6304945054945055,0.025429102578831398,7.122330235176951,1.0611742187033029e-12,0.0002387747609111182,0.0003783321975220758,0.0005374778417310334,0.0007379016473517088,0.0007917502185144478,0.0009934573351673235,0.001107244126631863,0.0013179136182497916,0.001461351562208681,0.0017058060782493523,0.0014670313170487073,4.1870933243939294,0.9999999999999999,0.3709034482642561,0.0008798524519993857,0.25480002557330816,0.012531882565031833,4.416745305131052,0.026857700858391693,6.66370862644495,0.03071741827010715,11.96953497898953,0.2350342237756422,0.18315062899352366,0.1485615658054446,0.12307022780574178,0.2542916704429573,0.06862909362714092,0.003773891179282525,0.007270559043448244,221.34821428571428,1.0,,,,,
amihud_20,volume,False,1,validation,1.0,0.01536166706802523,4.018078470063403,5.8674659215622554e-05,1213,0.11898550422960953,0.5474031327287716,0.01536166706802523,4.018078470063403,5.8674659215622554e-05,-0.00011268443882211442,-5.104026132992902e-05,-9.95691931520121e-06,7.009774387137086e-05,0.0002489224170127461,0.00023736030516749635,0.000447426449713589,0.0005950902914542011,0.0006537436981285816,0.0005585416616762512,0.0006712261065443873,2.0483632988269007,0.9515151515151514,1.3223323417027333,-0.005147585712712114,-1.4321576324373746,0.007457003281449767,2.017410199480917,0.013971488747107724,3.84134529678359,0.03157339388603223,9.277478247161815,0.07706339523123736,0.03847095646879955,0.012742663960507657,-0.02192824470174657,0.10932084412551392,0.05104819942121405,0.004312008479571697,0.003334323636057302,354.00412201154165,1.0,,,,,
amihud_20,volume,False,5,discovery,1.0,0.0539059346148119,7.432378102473988,1.0666238373895013e-13,1452,0.3926464249452728,0.6804407713498623,0.0539059346148119,7.432378102473988,1.0666238373895013e-13,0.0010988470030322025,0.0018010414311690865,0.0024923863342933734,0.0036363459637783614,0.003875197902813975,0.004758984233386418,0.005391072951668511,0.006406512226550392,0.007113944202884158,0.008102104022638376,0.007003257040687408,4.588323598323581,0.9999999999999999,0.33519513892645336,0.002291363820903106,0.3379660287026496,0.031357447500320594,5.571603327242329,0.05760388459544768,6.808964517247478,0.06869813647073507,12.941113450221408,0.20156221514103692,0.17131774093824836,0.15115475813638932,0.11688260140880684,0.2308037058453507,0.20002959128828415,0.003779186053553047,0.01774620171908941,221.21625344352617,1.0,,,,,
amihud_20,volume,False,5,validation,1.0,0.03328370015972627,4.357024964757911,1.318422351444492e-05,1209,0.2449540016691263,0.598014888337469,0.03328370015972627,4.357024964757911,1.318422351444492e-05,-0.0005683990118475436,-0.00025462911140280173,-0.0001651713941886122,0.0004915578348352244,0.0008397357843294771,0.0012426533816447454,0.002173078295996792,0.002894598197799511,0.0033746615114306562,0.00329589449037029,0.003864293493997965,2.696641644397016,0.9878787878787878,1.554094656624473,-0.006448518764879997,-0.910053689135582,0.02024190688841558,2.7695075831162335,0.0322233913320093,4.528049397239992,0.06199821269141778,8.992199784932751,0.1049134631813273,0.08321773616189007,0.06875391814893198,0.023703360178215734,0.14634560904809293,0.1434902580650608,0.004322405224912503,0.00434356629216814,353.76509511993385,1.0,,,,,
amihud_20,volume,False,20,discovery,1.0,0.09590338781115433,5.693476941075249,1.2447803429587323e-08,1437,0.5763817436167302,0.7585247042449548,0.09590338781115433,5.693476941075249,1.2447803429587323e-08,0.0052146778818563475,0.0076428929487146365,0.010859024738522254,0.014249375693585977,0.01582106893687664,0.019253099409017742,0.02294240647606835,0.02508274056568488,0.02808195800692804,0.03219552573081056,0.026980847788478198,3.793398146228157,0.9999999999999999,0.22254520629722604,0.0009718394253199445,0.07092633425512354,0.06236911288319754,5.484749695510509,0.10471250596962466,5.460339427223211,0.12054214125228588,10.095779765848276,0.18466651130114928,0.1675749820348837,0.15618062919070666,0.1123798957714142,0.23006316290788908,0.45215685889591506,0.003813508310677353,0.0396688246332166,220.70424495476686,1.0,,,,,
amihud_20,volume,False,20,validation,1.0,0.059660548615385986,3.766062770283323,0.00016584211416251156,1194,0.40063851934282535,0.6817420435510888,0.059660548615385986,3.766062770283323,0.00016584211416251156,-0.0013599291331114456,0.00011095487118393578,-7.178850654411657e-05,0.002889089822792126,0.0029655789911240808,0.005038026817602872,0.008626187779300624,0.010578560652300764,0.012793475799900663,0.014181828757528048,0.015541757901803274,2.5370213727531374,0.9878787878787878,0.4175227967304114,-0.0026829476685495657,-0.2054161522266982,0.0312090602061429,1.995767942285548,0.05719855858447007,3.8064281584109656,0.10312732556386851,7.595797051693256,0.1131259353064624,0.09953471513727373,0.09047390169114791,0.04820887157955585,0.15781454475760884,0.3595560891319759,0.0043571293441784665,0.006901035885797686,352.8500837520938,1.0,,,,,
vol_chg_1,volume,False,1,discovery,-1.0,-0.009009841819309028,-5.0298530558447245,4.9085587458403e-07,1456,-0.11380905226560012,0.43956043956043955,-0.009009841819309028,-5.0298530558447245,4.9085587458403e-07,0.00033242153808327364,0.0007874656574258183,0.0009570851263497338,0.001109510907229248,0.0011345470601633258,0.0011828125015271936,0.001015717116714953,0.0008436673829799595,0.0006411594228585325,0.0008088818589208081,0.0004764603215265267,2.919050654545555,0.07878787878787878,0.49390320382700176,-0.004726868822997078,-1.6395553896280683,-0.006634084266856867,-2.873330646845148,-0.007598159012938651,-2.652467190218767,-0.00981674339246328,-5.585252036168636,-0.11696296440120828,-0.835445479427952,-1.3144338227791144,-0.8902675654890222,-0.7734711032148595,0.9503736971253223,0.006106540865513015,0.008102619481608168,227.3804945054945,1.0,,,,,
vol_chg_1,volume,False,1,validation,-1.0,-0.005813030507778611,-3.214668778218967,0.0013059511615850442,1213,-0.08695882658021886,0.4525968672712284,-0.005813030507778611,-3.214668778218967,0.0013059511615850442,-0.0003245967953574065,0.0001950323124398078,0.00038154558189702704,0.00048813836570785223,0.0004977057475117953,0.0005009636523230632,0.00045646936787655564,0.0003265173705291099,0.000211869540415921,-0.00022691544582233053,9.768135050380402e-05,0.6446694628586419,0.05454545454545454,0.5947833442004034,0.0051766794055495115,1.5987568432871255,-0.003956764011128883,-1.5486546636115013,-0.005375481479586522,-2.6117766342518487,-0.008843589020777906,-5.215581206637386,-0.15794248409099032,-0.87011865829864,-1.3449027744370732,-0.9122391663985449,-0.8274111273717026,0.942031976465145,0.0057958270811229355,0.0035387080747047587,355.6702390766694,1.0,,,,,
vol_chg_1,volume,False,5,discovery,-1.0,-0.007233744250469782,-4.4060815319643964,1.052573580342454e-05,1452,-0.08963168240273639,0.44077134986225897,-0.007233744250469782,-4.4060815319643964,1.052573580342454e-05,0.002957483681825266,0.004411763127252665,0.0046877213295367015,0.005159990538610126,0.005379792188130312,0.00532084214826672,0.0049477058507618145,0.004628923305566217,0.003714107878196214,0.0021173779953701103,-0.0008401056913283433,-2.5850892808916583,-0.1515151515151515,-1.250981914916037,-0.004469067479569211,-1.8096178044935134,-0.0046225749161002624,-2.4320990438127845,-0.0019039239679627558,-0.713202423373459,-0.008742097670048589,-5.612112868551567,-0.06449850201242201,-0.19964103229144362,-0.28973605247745804,-0.21798942621221135,-0.17787870157124436,0.8937998034326826,0.006123363292139773,0.017186510125842182,227.2465564738292,1.0,,,,,
vol_chg_1,volume,False,5,validation,-1.0,-0.0048282629879645,-3.109575141939731,0.0018735662200093932,1209,-0.07084089483617804,0.4747725392886683,-0.0048282629879645,-3.109575141939731,0.0018735662200093932,0.00029958599435018655,0.0012624319175159756,0.0015994200323421542,0.0017723930718064915,0.002070793381847078,0.0019023518097923788,0.0017997138086897466,0.001551690981595422,0.0010008239056676002,-0.0003455263567799468,-0.0006451123482707542,-2.1782006387339776,-0.11515151515151514,-0.5412049121390812,-0.0010947837923336436,-0.4514497068095375,-0.0015517257309521258,-0.7634353058628847,-0.0039722456931485794,-2.24758787401969,-0.006832662495915465,-4.383778472318399,-0.051114409493182,-0.18606587350501091,-0.2760335161795635,-0.2024111184922292,-0.17040514558966097,0.892536137644371,0.005807272502320539,0.004645564084767839,355.435070306038,1.0,,,,,
vol_chg_1,volume,False,20,discovery,1.0,0.0005086151962327705,0.42112606659988394,0.6736630281762517,1437,0.0065878494168861365,0.5031315240083507,0.0005086151962327705,0.42112606659988394,0.6736630281762517,0.015499958598722227,0.017348942890522148,0.017753917173098557,0.018603759648472544,0.019200998695566834,0.019555043725177117,0.019163891834060406,0.019148368908278264,0.01851827588758573,0.01470536256101917,-0.0007945960333309005,-1.5080127230507845,0.16363636363636364,-1.7180238539626784,0.0031885826228579884,1.9062981554615253,0.0020384222804782884,1.4391634721044968,0.004271059529766601,2.03991388017329,-0.00150223886255562,-1.4019512148786881,-0.03904817685807018,-0.0732084905445187,-0.09598203300215102,-0.08548013732705259,-0.06011982319735058,0.9037120022869973,0.0063985121815880825,0.03655976563366098,226.73695198329852,1.0,,,,,
vol_chg_1,volume,False,20,validation,1.0,-0.003089801187106741,-2.619562358533847,0.008804267425680369,1194,-0.046030376553048744,0.4731993299832496,-0.003089801187106741,-2.619562358533847,0.008804267425680369,0.00410471814924908,0.0049927553961212805,0.005463153289666987,0.006325901021220147,0.006409510961275129,0.007000204774199325,0.006516509768896036,0.006302678232435453,0.005580825705795999,0.0020553540684528676,-0.0020493640519726954,-4.0349366901386805,0.13939393939393938,-1.1662649493318784,0.0032060318372658025,2.0934438337064,-0.0007826636938688364,-0.564123626971081,-0.001214155586070838,-0.9735803083514978,-0.006049947705192285,-4.68965145207232,-0.04333485543973429,-0.07731853279752894,-0.09997431770272537,-0.08886473182200073,-0.0659548692197178,0.8990390835395411,0.00536350043466349,0.007004596740693802,354.536850921273,1.0,,,,,
abnormal_amt_1,volume,False,1,discovery,-1.0,-0.02945817060018461,-10.736799298480022,6.837385761979176e-27,1456,-0.2548239885613691,0.36675824175824173,-0.02945817060018461,-10.736799298480022,6.837385761979176e-27,0.00046379389668625384,0.0007999918669841858,0.0009643710639867816,0.001086306079079316,0.00117135290484954,0.0011468933616942678,0.0012089435056146186,0.0010511642356399312,0.0009323605070671424,0.000424507068873124,-3.928682017830907e-05,-0.1428237146116487,0.06666666666666665,-0.024261687493171813,-0.016426044384633524,-4.357253405271751,-0.023504147089385027,-7.941376295705414,-0.022923748069413382,-5.088644222533558,-0.03660430598034049,-14.447229827162788,-0.08322569224834261,-0.48930874172563554,-0.7600307747104975,-0.5265894161185085,-0.4497191537600315,0.5371468908429801,0.0038491977565182412,0.006694936491920009,220.8901098901099,1.0,,,,,
abnormal_amt_1,volume,False,1,validation,-1.0,-0.02658416653690529,-9.846567021113458,7.092522942520296e-23,1213,-0.2613051560800945,0.37675185490519375,-0.02658416653690529,-9.846567021113458,7.092522942520296e-23,-0.0003038723096688645,0.00013554360069635885,0.00043525710508712686,0.0005277039756380272,0.0006384571160334294,0.0006571833306067186,0.0006504852858488868,0.000513164171001364,0.00026918810058421317,-0.0008860346930212548,-0.0005821623806423229,-2.3068994906657805,0.06666666666666665,-0.037202798353211455,-0.005468928178782215,-1.487185391336309,-0.019867855050720168,-5.932813268499891,-0.02218252126393463,-7.813397688344558,-0.03449822612287134,-13.080550399385016,-0.1495007425622017,-0.5064436170697795,-0.7444055334081646,-0.5497139574941695,-0.4598049596797436,0.4721466594015579,0.003684682554088576,0.0033742167114726245,353.87798845836767,1.0,,,,,
abnormal_amt_1,volume,False,5,discovery,-1.0,-0.02545374842724008,-5.6432624629889485,1.6685768150666333e-08,1452,-0.2319634055093833,0.371900826446281,-0.02545374842724008,-5.6432624629889485,1.6685768150666333e-08,0.0026203767185848876,0.004203394860863129,0.005042235543479031,0.005614261448308076,0.005886134830262594,0.0060011335167461065,0.005837903764197237,0.0053479006756423746,0.004015564694957755,7.663339327402014e-05,-0.00254374332117868,-3.1111757686545887,-0.04242424242424241,-0.7827548765182402,-0.009597232993468808,-1.7462837742244868,-0.01918506068232241,-3.8489876956043956,-0.01900219198409616,-2.868354369630606,-0.037603837150868145,-8.798972029812381,-0.08219261580994527,-0.1933393299354327,-0.2674371393524243,-0.22388918203053346,-0.16178321033680765,0.7350973156447581,0.003859801607087162,0.015426546964921396,220.7582644628099,1.0,,,,,
abnormal_amt_1,volume,False,5,validation,-1.0,-0.025077976675774317,-5.640697032869067,1.693631385437555e-08,1209,-0.27145019572748613,0.36476426799007444,-0.025077976675774317,-5.640697032869067,1.693631385437555e-08,-0.000312496384769002,0.0011700155792350175,0.0020027596647956124,0.002430974517503425,0.002591343568117757,0.002666342189494864,0.002591562543950927,0.002234724375459616,0.0012379458857086569,-0.003267044408734683,-0.002954548025533412,-3.389986627140352,0.06666666666666665,-1.7474868858194874,0.0006459191459783016,0.10971321271572528,-0.015623248058202834,-2.9351032510752373,-0.017030829949537196,-3.6155044223178874,-0.03675357525552942,-8.26610844407131,-0.08034732865244651,-0.18405407563467313,-0.2531919069561575,-0.2184882850726922,-0.14823154026110855,0.6858911837448849,0.0036929992535609884,0.003757472922663436,353.63854425144746,1.0,,,,,
abnormal_amt_1,volume,False,20,discovery,-1.0,-0.01675818339180389,-2.439909996807415,0.014690921546352178,1437,-0.15916395851308116,0.41892832289492,-0.01675818339180389,-2.439909996807415,0.014690921546352178,0.014984435482292434,0.017508611700780767,0.019102786107879785,0.020136319244684793,0.020950353340520977,0.021295775287966733,0.020974099519692938,0.020182335898220598,0.017531360230279514,0.008679069285967535,-0.006305366200809714,-2.486189395209762,0.11515151515151514,-1.025448008943647,0.0014116736223230182,0.17009936674820425,-0.0066458415491948385,-0.9147282963551778,-0.019586976559698835,-1.829456381650459,-0.030967750481654635,-5.15655946802279,-0.0345964476509979,-0.06991386932488013,-0.09345881710746828,-0.09662357686456007,-0.03873556929722906,0.9343233247058791,0.0038975144257845464,0.0346457273621571,220.2435629784273,1.0,,,,,
abnormal_amt_1,volume,False,20,validation,-1.0,-0.024584553476734147,-4.351197987801666,1.3539572218013624e-05,1194,-0.29603517838660787,0.36683417085427134,-0.024584553476734147,-4.351197987801666,1.3539572218013624e-05,0.002391359580547055,0.005617292502559012,0.007043376148171233,0.008145121382899462,0.008578230586186947,0.008693853797408802,0.008129763674115083,0.006940265604941885,0.004917606210999493,-0.004654144859039363,-0.007045504436991997,-3.292384104069211,-0.13939393939393938,-1.0058607544618987,0.00038082905030480574,0.05429551823657911,-0.01017910477072182,-1.5098418208779145,-0.01770117443222347,-2.8844672139991205,-0.03680791199385293,-6.090742556583443,-0.03854426871034021,-0.07374591767930758,-0.09721368365861914,-0.10280148428095695,-0.04519839027054075,0.9312605547345862,0.003715911736030138,0.007147916708877888,352.7244556113903,1.0,,,,,
streak,ashare,False,1,discovery,-1.0,-0.03494962194956095,-12.584362037398337,2.574139606922608e-36,1456,-0.3448673154091557,0.34546703296703296,-0.03494962194956095,-12.584362037398337,2.574139606922608e-36,-0.0003782619471504526,0.0004687429302905343,0.0010283070045953692,0.0005532691700765791,-0.0004230339865385835,0.0012455576574814022,0.000516036765529916,0.0005570549602768753,-0.00011477543914003991,-0.0005441563514086039,-0.00023632822958336459,-0.6954124504645556,-0.1515151515151515,-0.2905239308859518,-0.03228279417227701,-9.073290362580725,-0.043608576239861134,-14.734880866123424,-0.03335518581478409,-7.44521847392945,-0.035573023500286995,-13.03026750221971,-0.34136216827842136,-0.6796911646871522,-0.9052438289596393,-0.8381844738417118,-0.5070321557611983,0.44752512752477613,0.0016957842748085098,0.011228794971120205,182.12225274725276,1.0,,,,,
streak,ashare,False,1,validation,-1.0,-0.022519642101407597,-8.418994358616825,3.797296879523112e-17,1213,-0.23719455118958513,0.3965375103050289,-0.022519642101407597,-8.418994358616825,3.797296879523112e-17,-0.0005821167782068302,-0.00014759746438715082,-0.00015156375243611023,0.0008812946077747992,-0.000336879733084027,0.0006014677405313135,-0.00020603323948412307,-1.1058802170003945e-05,-0.0005656009977114162,-0.0013940992561351563,-0.0008119824859664449,-2.897645095026296,-0.22424242424242422,-1.076881946929709,-0.020823751375873327,-5.469856263530452,-0.02174121755433364,-6.488099838887615,-0.02390679983579892,-8.290406149996457,-0.023232347036128163,-9.120210395571455,-0.2752085131658844,-0.6017597074079795,-0.8194605035693762,-0.7148624751292568,-0.5096208139140296,0.4319460241297553,0.0005278625453170465,0.0054228593648495025,303.2877164056059,1.0,,,,,
streak,ashare,False,5,discovery,-1.0,-0.02896405059119481,-8.815230047029146,1.1943955787865144e-18,1452,-0.2989781409805668,0.3725895316804408,-0.02896405059119481,-8.815230047029146,1.1943955787865144e-18,-0.0004246900120914062,0.004055356172703406,0.006225664332879732,0.006235302643397282,0.0026598413864387734,0.0048603755533847106,0.005011023158075042,0.004230512985129274,0.002185834523653214,-0.002098435956004768,-0.001721446396052731,-1.9561218659445674,-0.24848484848484845,-0.27020576282764047,-0.02691094100776582,-6.228146935135111,-0.034067005111003114,-9.281846546871003,-0.021922153909357533,-4.186030323437294,-0.03148337635583863,-10.043905708898953,-0.2338906559777893,-0.3723360337485699,-0.4646329522624235,-0.45286149060911074,-0.2879073864708619,0.9156440328755326,0.0017004558568327758,0.017415047777315073,182.12190082644628,1.0,,,,,
streak,ashare,False,5,validation,-1.0,-0.013636644455821769,-3.8384189477414585,0.00012382907543211666,1209,-0.15069022289448297,0.46236559139784944,-0.013636644455821769,-3.8384189477414585,0.00012382907543211666,-0.0014750723345989475,-4.9037906369941873e-05,0.002693681269333597,0.002892981307754732,0.0035660636216136117,-0.0012034102992433135,0.002196171787315533,0.0006565380608889628,-0.0015246134862950493,-0.0031605572182807316,-0.0016854849016527678,-1.7631038090765365,-0.3696969696969697,-1.8732275752183012,-0.01339646343052629,-2.7393308638708103,-0.009168665970997643,-2.0254596690976023,-0.01615365241766805,-4.2553270003468135,-0.014826301371947233,-4.4430993722217496,-0.145227330580154,-0.2824183042353199,-0.37387895333876375,-0.345254858219366,-0.22985398885517522,0.9073477093595627,0.0005296089888085835,0.0056077427587243114,303.11248966087675,1.0,,,,,
streak,ashare,False,20,discovery,-1.0,-0.0036257572012338007,-0.8759972213951025,0.38103154432307784,1437,-0.03855449424832742,0.49826026443980515,-0.0036257572012338007,-0.8759972213951025,0.38103154432307784,0.006240387610431396,0.014871571841074403,0.01343793353037514,0.015949583753939293,0.019255401775993303,0.01670276794911009,0.015313448067473957,0.012839116217033479,0.015052000507515881,0.010244555177046389,0.0039544661699931725,1.849716967193226,0.04242424242424241,-0.8969484744743549,-0.0023140531324487967,-0.4119524837884065,-0.009056426178040403,-2.187949729361156,-0.006034835834660352,-1.028062552201439,-0.006625792144990917,-1.8863028662990158,-0.14242338625471557,-0.17715535608530222,-0.20031000263902662,-0.22355766685297668,-0.13479836842977375,0.9188351807033509,0.0017182059179688173,0.03497863261443261,181.35768963117607,1.0,,,,,
streak,ashare,False,20,validation,-1.0,-0.007278992872719392,-2.1634004511906153,0.030510392910898493,1194,-0.08507495620536983,0.47822445561139026,-0.007278992872719392,-2.1634004511906153,0.030510392910898493,1.044870716984925e-05,0.0020914543614284262,0.005701721123164738,0.00452810424520161,0.012191515034688304,0.004654957144450192,0.005019121635337351,0.00455594856558277,0.00340137239398015,-0.0018185354677933074,-0.0018289841112284493,-1.005287199502696,-0.06666666666666665,-1.1385082204289758,-0.00501932604153322,-1.1398708963445765,-0.0007199711817307156,-0.1552178272407203,-0.0073627985498381015,-1.9962921320169218,-0.011627673912218927,-3.6157270520032303,-0.07058085408676726,-0.10491556939262761,-0.12780537959653446,-0.13274887179682796,-0.08030965941807913,0.9083258017423365,0.0005341944150381738,0.007521713428746073,301.99497487437185,1.0,,,,,
gap_1,ashare,False,1,discovery,1.0,0.009059363598492002,4.805079021368433,1.5469039664546525e-06,1456,0.11957234628276267,0.5618131868131868,0.009059363598492002,4.805079021368433,1.5469039664546525e-06,-0.00033777511818034876,0.0007242741853263267,0.0009360563421641128,0.0010937867418823481,0.0009835486610158411,0.0010912857637577161,0.0010366801169320401,0.001038709023370237,0.0010449515453003742,0.0009965594736270449,0.0013343345891861156,5.241918926562055,0.5515151515151515,0.8139469933069409,0.0045092681500454,1.3560639297724089,0.009253067182706238,4.18572276303028,0.014775683599098723,4.094355578811498,0.01232424385904471,6.7079731925674855,0.031523788328592255,-0.6150698266840811,-1.0461322366925296,-0.6713530139378581,-0.5546300258115878,0.8552825595405731,0.019610010750801557,0.0077532012822173,228.2087912087912,1.0,,,,,
gap_1,ashare,False,1,validation,1.0,0.01497935420588098,7.961234006285307,1.703319025169831e-15,1213,0.21931579558649927,0.6034624896949712,0.01497935420588098,7.961234006285307,1.703319025169831e-15,-0.0010294298581012093,0.0002509134990374384,0.0003007974374002452,0.0004031132737926207,0.0004283939574367957,0.0004191228290962573,0.00048010665031467364,0.00046662789901457644,0.0004625857772314516,0.00021826141492521065,0.0012476912740236401,6.259371343614334,0.5030303030303029,-0.3108624115700917,0.006459582011203728,1.820830320876563,0.009507217743771453,3.4514797605766794,0.012851848252115416,5.84863447603546,0.018044199591200318,10.412701069629874,-0.005495266570223999,-0.638493058746764,-1.0604915868644573,-0.6885517416774941,-0.5815993776489957,0.8372986669001851,0.013027860544067604,0.003962951664131838,355.8689200329761,1.0,,,,,
gap_1,ashare,False,5,discovery,1.0,0.014973400097639542,6.639797651430188,3.141140728696911e-11,1452,0.2037229278912828,0.5971074380165289,0.014973400097639542,6.639797651430188,3.141140728696911e-11,0.0005188281181300244,0.004073676566932132,0.00483987789438521,0.005103965232868204,0.004984311205666037,0.005108722468412327,0.004970508257325195,0.004953342677785278,0.004953201813521148,0.003324390498249762,0.002805562400806358,4.9153973902275805,0.17575757575757575,-0.8697068036743241,0.00752534464092139,2.086316790219928,0.013920315807360464,5.501533234794209,0.023320808169134562,5.730640496322842,0.021094779532191292,10.06750712810237,-0.042079717716259145,-0.17585079151220037,-0.26503150737616127,-0.2051984080204437,-0.14615946671998245,0.8847293240472305,0.019659078104957713,0.01848150428112586,228.07575757575756,1.0,,,,,
gap_1,ashare,False,5,validation,1.0,0.01785500478224573,9.716454479278504,2.5655958922692542e-22,1209,0.28385356716035504,0.6426799007444168,0.01785500478224573,9.716454479278504,2.5655958922692542e-22,-0.003064205839183213,0.001223154155302489,0.0017699029353788055,0.0018005231817898948,0.0019423395534439896,0.0021202026889299576,0.00205787076297974,0.002298367805328942,0.0020462875761362,0.00047539618186281414,0.0035396020198348722,8.334566934176161,0.4787878787878787,-1.4263677003862945,0.0014913652387926798,0.4547532642937072,0.012116323949046623,4.634504545020178,0.015594497759449214,7.443484179497253,0.023208001157286256,12.631551658928299,-0.036549941560172494,-0.16754108906271198,-0.2548685207310716,-0.20042326517233722,-0.13410880152512944,0.8663435681384886,0.013059381688686937,0.004971095707269064,355.63440860215053,1.0,,,,,
gap_1,ashare,False,20,discovery,1.0,0.01668520073196616,6.435693987847143,1.229104402010982e-10,1437,0.25328573332034887,0.6311760612386917,0.01668520073196616,6.435693987847143,1.229104402010982e-10,0.009418203433812418,0.017936144665405294,0.019339341341324045,0.020170086603718645,0.019874618700708963,0.019760541668272288,0.019602408888974337,0.01904930829073506,0.018821472756631614,0.014831232602312132,0.00541302916595794,4.932507854824378,0.006060606060606061,-1.2248033124001676,0.008268211628121218,2.51485824244214,0.013937823663421018,5.319362068406936,0.024250656383033198,6.7863670937234195,0.024697358169552035,10.400518759838054,-0.03697119821682731,-0.07072570606474467,-0.09322871129668957,-0.08984799669311087,-0.05394274120712276,0.8929763980930517,0.019844279834668806,0.037553211170842996,227.5678496868476,1.0,,,,,
gap_1,ashare,False,20,validation,1.0,0.025660942697609466,11.619110269443897,3.2955030395341083e-31,1194,0.42180174664697967,0.7077051926298158,0.025660942697609466,11.619110269443897,3.2955030395341083e-31,-0.005774280735788012,0.004552560039310432,0.006493165034641257,0.006768550799713363,0.007255476833583625,0.007679852370156018,0.007765936449481041,0.008119881696298972,0.00795125571356258,0.0036064237646432026,0.009380704496561672,9.002228719977007,0.5515151515151515,-0.9733917313430617,0.01017930171653752,2.677112677700399,0.020112206985124347,6.397984378433641,0.022949117233284366,9.046568969589327,0.030445983602384784,13.133299545626631,-0.022230165646176636,-0.055383049008916774,-0.07748497125074352,-0.0805070064880106,-0.029595468656258866,0.8770604064216965,0.013153312409763073,0.0066038500160755745,354.73785594639867,1.0,,,,,
upper_shadow_5,ashare,False,1,discovery,-1.0,-0.024856597531312558,-8.17480950154047,2.963337005761414e-16,1456,-0.19950433865556427,0.3894230769230769,-0.024856597531312558,-8.17480950154047,2.963337005761414e-16,0.0008119931546339465,0.0008947917338069467,0.0009123607935172693,0.0009595420902484706,0.0008755540188452379,0.0008939544598000829,0.0008835779095343092,0.0009351404975464843,0.00102732787176497,0.000850777730327856,3.878457990360183e-05,0.1433859113783375,0.17575757575757575,0.5396999090000648,-0.016592528253078435,-3.790226515709687,-0.022664909695477336,-6.98674567125442,-0.030411417424436097,-7.212001231838414,-0.030519260568480904,-11.631454193460527,-0.031276273844626376,-0.3054001166872168,-0.4881493452489436,-0.361314156641977,-0.24984330308466932,0.3625976757177121,0.004726401192154019,0.005835684819260847,224.67307692307693,1.0,,,,,
upper_shadow_5,ashare,False,1,validation,-1.0,-0.03562583136379706,-11.409863350440858,3.733153207327209e-30,1213,-0.28336324888069664,0.39241549876339654,-0.03562583136379706,-11.409863350440858,3.733153207327209e-30,-0.00010357660784751773,0.00025062470509324656,0.0003260718529167798,0.00032383348812531826,0.00039029679119371774,0.0004303907755980851,0.00046506874303241377,0.00035956611511903016,0.0003394217103246393,-0.00012458035623951543,-2.1003734325008852e-05,-0.07428567028359401,0.24848484848484845,0.913898474345774,-0.017563960273062576,-3.7972447039542505,-0.02968405234544265,-7.692304244881608,-0.030773444832145235,-9.721320147212273,-0.042101413512506285,-14.186664050275706,-0.09907812467798154,-0.35543972419467323,-0.526347457205801,-0.40862661918495374,-0.30505162250505985,0.3391026448633488,0.0041767095314662805,0.003450969621072303,355.0445177246496,1.0,,,,,
upper_shadow_5,ashare,False,5,discovery,-1.0,-0.03966723396413566,-7.021102273482696,2.2012464407816695e-12,1452,-0.32553443203696875,0.34710743801652894,-0.03966723396413566,-7.021102273482696,2.2012464407816695e-12,0.0037663485833316864,0.004483503825704197,0.004950700870554489,0.004983765487986689,0.004961501084382123,0.00488880398313509,0.004633449855901737,0.004372240767843724,0.004132685144536819,0.0026534481546724104,-0.001112900422550879,-1.0496096526368675,-0.34545454545454546,-0.3925364949816901,-0.029844007314715267,-3.7052561355589995,-0.03565444608954922,-6.023754854029624,-0.0526040311117467,-6.708239618554398,-0.04872931179330062,-9.95035324723998,-0.031409968644415545,-0.14804812800281847,-0.22580690090842043,-0.1934578076362426,-0.10134272598487278,0.7714163978730352,0.004739421581113121,0.012986039981110016,224.53787878787878,1.0,,,,,
upper_shadow_5,ashare,False,5,validation,-1.0,-0.05141969917185498,-8.583173755934157,9.229079141381621e-18,1209,-0.4473787819634466,0.3242349048800662,-0.05141969917185498,-8.583173755934157,9.229079141381621e-18,0.0001959494099309613,0.0015631642694450651,0.0017055965701256867,0.0018556262229861402,0.0022772536402200826,0.002197532417055786,0.0021267755113546075,0.001830847903599027,0.0011792705645092406,-0.001583113640624096,-0.001779063028948352,-1.5754347805656328,-0.05454545454545454,-0.11846940971982581,-0.017471835288948363,-2.0135578921735906,-0.03856080320271462,-5.195991835950335,-0.04424740547078242,-7.300410070426599,-0.06291118722726866,-10.970658483651391,-0.05580292281017496,-0.16536701561666683,-0.23840974415432817,-0.21164096452778997,-0.12127075481300802,0.7246302434291793,0.004184721565417902,0.004046422546857319,354.8089330024814,1.0,,,,,
upper_shadow_5,ashare,False,20,discovery,-1.0,-0.051837685247024666,-5.078702978058058,3.80020283199992e-07,1437,-0.44604565135709273,0.30201809324982604,-0.051837685247024666,-5.078702978058058,3.80020283199992e-07,0.016604674495598246,0.018690389085596237,0.01968976619506039,0.019974488073596718,0.02016735092156023,0.020224120764990174,0.019289205773769882,0.01819165536713853,0.01677276551967916,0.011062110522633941,-0.005542563925804758,-1.5171218112088563,-0.2606060606060606,0.23122686688017716,-0.0395264740212535,-2.776939747871526,-0.045300548129526816,-4.73683331650908,-0.07188053150872316,-5.590500399977262,-0.06436950408648259,-7.2250406118560235,-0.021175559125278486,-0.05199843796249064,-0.0725470238539654,-0.09055259096392229,-0.01378864178853564,0.8154200750585223,0.004786381369168892,0.026804483043115453,224.01739735560196,1.0,,,,,
upper_shadow_5,ashare,False,20,validation,-1.0,-0.06771708530779667,-5.454876776584709,4.90068176578276e-08,1194,-0.5644017125127422,0.29229480737018426,-0.06771708530779667,-5.454876776584709,4.90068176578276e-08,0.003747305998437926,0.006991278106719128,0.007274351523275854,0.007843260597872838,0.008135811205495426,0.00812859946781401,0.007131129358165341,0.006293675503081524,0.003953810065951064,-0.0041264945189422985,-0.007873800511716067,-1.8128689463848007,-0.2727272727272727,0.9175144391840632,-0.028165879877267787,-1.6379205581283263,-0.04139285455841896,-2.7489657496240416,-0.05857104056925666,-4.570287064462216,-0.08254716469892816,-7.02307899410215,-0.023376121690664116,-0.0525258933786366,-0.0719590745039516,-0.09950915468616903,-0.010758439972623662,0.7711579811632933,0.004217743422559945,0.0064299190894683425,353.90536013400333,1.0,,,,,
lower_shadow_5,ashare,False,1,discovery,-1.0,-0.029435607388779896,-10.971528660662075,5.237925393689266e-28,1456,-0.26632384412525417,0.37637362637362637,-0.029435607388779896,-10.971528660662075,5.237925393689266e-28,0.0007333260519925887,0.0011664477620655744,0.0010100904930437173,0.0011441653111041313,0.0011141949418079643,0.0010807822745846352,0.0009463413683942396,0.0008296688877543013,0.0006165636835574802,1.82559769085516e-06,-0.0009032099733353808,-3.8574122718984714,-0.5878787878787878,-0.531851680165783,-0.022035562328103348,-5.6745087138195585,-0.028920844581877075,-10.669183513202585,-0.03686281543718079,-9.751737050889906,-0.034551436232118746,-15.433304742772163,0.05219412101016238,-0.2379652123565234,-0.43140476793431387,-0.2932262979334575,-0.17739685020706936,0.3838086420194256,0.00436827923864597,0.006944325649253717,225.0412087912088,1.0,,,,,
lower_shadow_5,ashare,False,1,validation,-1.0,-0.03681585820673179,-12.137532191746155,6.6810757927910894e-34,1213,-0.3055367535245931,0.37840065952184665,-0.03681585820673179,-12.137532191746155,6.6810757927910894e-34,0.0002668572119580038,0.0004012484778837402,0.0005288838774009395,0.0005468886419974804,0.0004934792652636336,0.0005508410731028774,0.0004547469222928968,0.0002817669837273339,1.4333798691413656e-05,-0.0008821084934743676,-0.0011489657025441822,-4.031467919792674,-0.3939393939393939,-1.9371380960496971,-0.015239444024045472,-3.18170857139954,-0.027444512382848642,-6.4886768160222,-0.03192703717421611,-10.154009559369298,-0.04546150308800957,-16.86516214204474,0.00330924739832772,-0.26533822592946943,-0.4444365414813342,-0.3133151064246625,-0.2190888681237651,0.3553538006981443,0.002489323014898651,0.002428216734549425,355.0445177246496,1.0,,,,,
lower_shadow_5,ashare,False,5,discovery,-1.0,-0.04681047241040101,-8.915292997131727,4.8652808536007695e-19,1452,-0.41313712309498307,0.31473829201101927,-0.04681047241040101,-8.915292997131727,4.8652808536007695e-19,0.004522631262242894,0.005368225792178735,0.005315381125085914,0.005556287132090681,0.005377185251896173,0.005226777664558625,0.004739330298230454,0.00420349391041589,0.0030412684495244565,0.00010593164346167867,-0.004549982227015727,-4.8298990708602085,-0.6484848484848483,-0.017579117184819863,-0.033273079336055465,-4.3607526766223375,-0.04451886440585425,-8.493375748452529,-0.056112010139701386,-8.244430903015218,-0.058614042524230615,-13.869814699313924,0.02692959802148865,-0.0945825953769476,-0.17559072430923842,-0.13412085667533566,-0.05493238119226164,0.8036520727409804,0.004377808683063096,0.014442288427428951,224.90702479338842,1.0,,,,,
lower_shadow_5,ashare,False,5,validation,-1.0,-0.05478688499013927,-9.581837516615916,9.533349472016872e-22,1209,-0.4894760770365267,0.31017369727047145,-0.05478688499013927,-9.581837516615916,9.533349472016872e-22,0.0013777171094679838,0.0019184199304682174,0.0022293378933682106,0.0023205302912473777,0.002387796257774992,0.0023107371229758576,0.001972365410541276,0.0014457353661751094,0.0004016740447126597,-0.003015441048916116,-0.004393158149068738,-4.011677908837193,-0.3939393939393939,-1.5953716094400627,-0.01807513363159321,-1.9961732162616455,-0.03360608314562674,-4.402193171118606,-0.04600188541708023,-7.845273155212447,-0.06981489704035035,-13.400610718568883,0.004834018408170324,-0.10898098151002193,-0.1848576481221501,-0.14889993439932547,-0.0711709637684339,0.7527447084536525,0.002495626442140543,0.003255172542891811,354.8089330024814,1.0,,,,,
lower_shadow_5,ashare,False,20,discovery,-1.0,-0.061022171615616454,-6.432603311545772,1.2543671567849072e-10,1437,-0.5487165156727603,0.2567849686847599,-0.061022171615616454,-6.432603311545772,1.2543671567849072e-10,0.019637099288769225,0.020945687618830616,0.021195658767862134,0.020742534732066286,0.02039784492101305,0.020105384583540206,0.018719210231008504,0.01717352299935189,0.014117132599327564,0.007065641189962719,-0.012880943104432508,-3.9734499200260722,-0.8060606060606059,-0.740096982978009,-0.048191539408635346,-3.652529590222937,-0.05357814151839845,-6.233318615626808,-0.07714968859126578,-6.653120070615851,-0.07436788350565132,-9.613864301105238,0.029004342988220348,-0.0024731234504125695,-0.02345810107616785,-0.03012648008907424,0.028050294990362525,0.8327372073712412,0.004418454046290505,0.029000530749165355,224.39039665970773,1.0,,,,,
lower_shadow_5,ashare,False,20,validation,-1.0,-0.0695345701414785,-6.1146916182889255,9.674386070544412e-10,1194,-0.6152400385684754,0.27386934673366836,-0.0695345701414785,-6.1146916182889255,9.674386070544412e-10,0.005646012252760294,0.008033712181716827,0.008418451308152025,0.008456670141363377,0.008233632821813544,0.00775768921781336,0.006742298589529699,0.005141710077250186,0.002533898743111687,-0.005591386209898383,-0.0112373984267294,-2.644786780364029,-0.6606060606060605,0.5114238079696956,-0.028109531330970043,-1.662799156793423,-0.04397332359844059,-2.881666094466557,-0.05926965068768367,-4.861764784007745,-0.08591096306522095,-8.456061053606245,0.001537067200890772,-0.02797968343734858,-0.0476575171961748,-0.07015262686081157,0.007890410947528174,0.7808664190010409,0.002517189827616603,0.005170349666998539,353.90536013400333,1.0,,,,,
limit_up_20,ashare,False,1,discovery,-1.0,-0.03208147463522107,-13.682480564242253,1.29208483777227e-42,1456,-0.3232917570104854,0.34546703296703296,-0.03208147463522107,-13.682480564242253,1.29208483777227e-42,0.0015761427613059905,-0.010275752515353507,0.0059549032330611035,0.003085108736944716,0.0006013324101622514,0.00365784132320966,0.0033980230006768076,-0.0031610144628396643,0.0013066441981658848,-0.00015731202811735073,0.010363689814270898,,-0.18787878787878787,0.5080130265269818,-0.017774980826943447,-5.769474973695483,-0.02710238818262901,-10.754575900437223,-0.03557401972645923,-9.019682539210947,-0.03961064083185712,-17.044834854338347,-0.0011088093582500846,-0.013905116482043471,-0.02243598789790573,-0.08721634948741602,0.04329604582474856,0.01692633217432988,0.002465468328899498,0.006910267413092027,1867.069368131868,1.0,,,,,
limit_up_20,ashare,False,1,validation,-1.0,-0.04096766034096339,-17.905892916252405,1.0608015696497102e-71,1213,-0.45307428742799877,0.31327287716405605,-0.04096766034096339,-17.905892916252405,1.0608015696497102e-71,,,,0.0016632043497811536,0.00018739014783154145,,,0.00042689646795486747,4.0907806745315984e-05,-0.0016247206170719407,,,-0.8999999999999998,-0.5228269847935664,-0.013503162231282858,-4.211260178855851,-0.027939261602738703,-9.722116683215058,-0.03453365984238888,-14.506649848879375,-0.050178667025947046,-21.10765531786259,0.06429203918507899,0.05733521508134359,0.052697332345519994,0.04430657800017727,0.07139428802343178,0.009202148285364272,0.0007865875681074488,0.0023091655753709156,2948.2745259686726,1.0,,,,,
limit_up_20,ashare,False,5,discovery,-1.0,-0.06183760187572807,-13.583618160528069,5.008962385785052e-42,1452,-0.6464524776498577,0.24311294765840222,-0.06183760187572807,-13.583618160528069,5.008962385785052e-42,0.00031095439970323986,-0.02485906407867636,0.021807779584962286,0.01259651974220645,0.00357470379286441,-0.005164870605154266,0.01239076492062632,-0.0029688240962088227,0.0034899084441941965,-0.0004951023078515278,0.0364592761139978,,-0.10303030303030303,0.29386219289267806,-0.035571622173534385,-5.980300315855929,-0.05026446081770705,-10.57392641430535,-0.06934372588723302,-9.174072244968187,-0.07725377592915036,-17.30510786488984,0.01663176030847541,0.006338710373008423,-0.0005233229173029015,-0.036826816998956194,0.04354492246486567,0.06807572708642187,0.0024714596370822295,0.01516834851529144,1865.1019283746557,1.0,,,,,
limit_up_20,ashare,False,5,validation,-1.0,-0.06595625244389391,-14.665524209870268,1.0718614908797958e-48,1209,-0.7792740081050418,0.22084367245657568,-0.06595625244389391,-14.665524209870268,1.0718614908797958e-48,,,,0.00664467948388709,0.0009939524654654706,,,0.001105582645415502,0.00042201861400816796,-0.005545623846339895,,,-0.8999999999999998,-1.382749393174432,-0.02125155942311811,-3.5379726619865335,-0.043829227643616096,-8.202716971767277,-0.056768650455008736,-12.620289894210648,-0.08121020919772251,-16.953668236696206,0.04499198577551909,0.03842541899184678,0.03404770780273191,0.027606912076327546,0.05031250449757583,0.043429674495187205,0.0007885318529477067,0.0037717801815602154,2945.543424317618,1.0,,,,,
limit_up_20,ashare,False,20,discovery,-1.0,-0.08065693172970684,-8.789039893110383,1.5084350094977072e-18,1437,-0.8121441065193398,0.17118997912317327,-0.08065693172970684,-8.789039893110383,1.5084350094977072e-18,-0.1292393130504272,-0.10046377986416978,0.10686382845024321,0.02735956408086585,0.011334859649133309,0.019805354756563035,0.06729289230661116,-0.015512048983423949,0.016770966932293175,0.004106690184692088,0.06975687430663542,,0.1515151515151515,0.5584110359486492,-0.05629806320995375,-4.906555880854263,-0.06528843550605178,-7.523572653969459,-0.09253988181944657,-6.6858686009119666,-0.10048737582564006,-11.840835134916402,0.011220509295455034,0.003569780188576656,-0.0015307058826755906,-0.02544508233517978,0.029608399168711275,0.20240024092270836,0.002495638349445254,0.03255840160844429,1857.7362560890745,1.0,,,,,
limit_up_20,ashare,False,20,validation,-1.0,-0.08433611820822123,-11.489465625318742,1.4903093880486363e-30,1194,-1.114255487568276,0.13316582914572864,-0.08433611820822123,-11.489465625318742,1.4903093880486363e-30,,,,0.011153699773363768,0.007145209763243425,,,-0.013115168337994334,0.0010126151122392686,-0.012712216774929603,,,-0.7,-0.9605703515757636,-0.031686110509515586,-2.641293054518234,-0.050811938015847734,-5.060253423837615,-0.0741215542887889,-9.938094407388398,-0.10361950430424365,-14.16806274378547,0.03176005729659317,0.025998650163506172,0.022157712074781514,0.017877644145948467,0.03522672417441337,0.1524181781239945,0.0007957350973332757,0.005964046053537105,2935.9514237855947,1.0,,,,,
limit_down_20,ashare,False,1,discovery,-1.0,-0.0016556426103706654,-0.5681250459716424,0.5699500621234244,1456,-0.016808761467230045,0.4567307692307692,-0.0016556426103706654,-0.5681250459716424,0.5699500621234244,-0.0053952932172581895,-0.004442214157828821,0.011870029880083167,0.0003470612619218699,0.0007264966967373923,0.009608437281044923,-0.0016842140552210461,0.006359687480760519,0.0023023402630185175,-6.720472723687775e-06,0.0015571005571859353,0.28493256736207523,0.29696969696969694,0.9289386758881548,0.0031945250133233287,0.8191112132832975,-0.0019933141524894143,-0.7407791444384323,-0.0019232536419011553,-0.3867905690115154,-0.004354276360488453,-1.8149633567808279,-0.05974309978935165,-0.0712107412189797,-0.07885583550539842,-0.16689106362666137,0.0013048891300495263,0.015168837869878389,0.0037045792938482877,0.006352789949832496,2028.5549450549452,1.0,,,,,
limit_down_20,ashare,False,1,validation,-1.0,-0.012148292241329638,-5.575740854936321,2.4647861902634693e-08,1213,-0.17270514341006513,0.3998351195383347,-0.012148292241329638,-5.575740854936321,2.4647861902634693e-08,0.005861954391002655,,,0.0028434538538387698,-0.00015123412161585333,0.011674078902069595,,0.0036440191934594794,0.0032623300885769807,-0.0008611220657335924,0.00730970116565004,,-0.3571428571428572,1.5755636229443037,-0.003963021565028187,-1.3687844626566423,-0.005850537201147915,-2.317996372593442,-0.009780975451243616,-4.168030105314245,-0.01577341132529296,-7.290725285518661,-0.0061669345366603245,-0.011166409776629069,-0.01449939326994157,-0.046791982997457605,0.013982445076817257,0.006613062486731138,0.0023924198065877118,0.0023067496904339573,3271.3998351195382,1.0,,,,,
limit_down_20,ashare,False,5,discovery,-1.0,-0.0014969312437827437,-0.2759349469656754,0.7825980317184789,1452,-0.014073608963489253,0.41046831955922863,-0.0014969312437827437,-0.2759349469656754,0.7825980317184789,-0.023829947896019527,-0.006298191005306453,0.003972927687776296,0.01351228515811139,0.004227052756749692,0.012860376294330754,0.03166846496236251,0.005305165084357567,-0.001646087848299629,0.0018394257876082848,0.01662204195886399,0.8726910796184179,0.29696969696969694,0.2859836594048902,0.006647150954990355,0.8952459635512457,-0.000637127348311703,-0.12814730519097522,0.0029534894408094485,0.3324116055220314,-0.006851019214674156,-1.4972927973076955,-0.047827512044257545,-0.056227822056061715,-0.06182802873059785,-0.11066004484985545,-0.011544331446362185,0.0555576058981758,0.003713254660266784,0.015157839461257322,2026.707300275482,1.0,,,,,
limit_down_20,ashare,False,5,validation,-1.0,-0.01796494980457519,-4.220470396148211,2.437930721900288e-05,1209,-0.2373517265360599,0.337468982630273,-0.01796494980457519,-4.220470396148211,2.437930721900288e-05,0.013252229627687484,,,0.01620118649401606,-0.0007254234208384276,0.04208280600141734,,0.012576416916480022,0.026473526909978964,-0.0021270681591262753,0.029355591908097268,,-0.21428571428571433,1.7748318976017643,-0.0031995357026735243,-0.5844522868120362,-0.0067962395831414595,-1.4139110913861694,-0.010473394163296965,-2.34907341457252,-0.02659605205928748,-6.1300579626945,-0.02021756926063313,-0.024097264545224366,-0.026683728068285183,-0.059444866005891085,-0.00010892955450325043,0.025659360347825625,0.0023971596767929843,0.003906935956099936,3268.449958643507,1.0,,,,,
limit_down_20,ashare,False,20,discovery,1.0,0.0027619141964614928,0.2577413112251564,0.7966065611919497,1437,0.023270047420893204,0.3583855254001392,0.0027619141964614928,0.2577413112251564,0.7966065611919497,-0.06276054227033234,0.018688631127372332,-0.025308959397807484,0.0025366055246691262,0.019292160247320177,0.07000639371366965,0.08858423751024973,0.07592112755854473,-0.005440621951129288,0.012049936985826645,0.09835915594841495,2.3202099303189483,0.41818181818181815,-0.38396571856276135,0.012033270149049561,0.9267304506725637,2.8962980320703068e-05,0.0029292818253611945,0.00489707227770317,0.27283265995097766,-0.00463782629275579,-0.49025099027541097,-0.06612659746265431,-0.10059849815467028,-0.12357976528268091,-0.1881720897477786,-0.009951386104776196,0.9119550447623267,0.0022601344807056624,0.04180320665154738,101.48364648573417,1.0,,,,,
limit_down_20,ashare,False,20,validation,1.0,-0.020155845730048506,-3.015367387679467,0.0025666815077811495,1194,-0.2877109066637572,0.28224455611390287,-0.020155845730048506,-3.015367387679467,0.0025666815077811495,-0.014839965070132166,,,0.04663401790030454,0.0012769108828301597,0.03637435752898455,,0.015432008252814523,0.09848678943906296,-0.0012282522038304694,0.0295426856726408,,0.21428571428571433,-0.310777188910118,0.0027955907924658023,0.3019265083843627,-0.011277696340479836,-1.4814366439632394,-0.009960256436605407,-1.3487139519209659,-0.03119178337442425,-4.790137837224623,-0.0873373394572055,-0.11973646211957603,-0.14133587722782304,-0.17350139067561626,-0.06684529703733563,0.8571196471526595,0.0037520630329993974,0.00983257270207507,174.88693467336682,1.0,,,,,
close_pos_1,ashare,False,1,discovery,-1.0,-0.006705679287791269,-2.2348981495619054,0.025424036079495865,1456,-0.0640907888377414,0.4498626373626374,-0.006705679287791269,-2.2348981495619054,0.025424036079495865,1.3856863454718815e-06,0.0003379043713974848,0.0008917792659138623,0.0010110153114085741,0.0009141404178690536,0.0012648959792952129,0.0013617772155645374,0.0014550259218563404,0.001219657258739604,0.0005835878634764053,-4.609909543523182e-06,-0.019388341754567377,0.5757575757575757,-0.972508228467436,-0.004746764453987023,-1.2248771418642816,-0.01788114144888463,-5.616305768156728,-0.012628243773117056,-2.4493697749204433,-0.007151990104495661,-2.420756093835139,-0.20698408358417125,-0.872593123985116,-1.3163324842524122,-0.9602238923825542,-0.7910418886367231,0.8804352386255881,0.0008791398013472444,0.0074616947785726044,249.79532967032966,1.0,,,,,
close_pos_1,ashare,False,1,validation,-1.0,-0.028878523308753252,-9.848515172884444,6.956403977240045e-23,1213,-0.30241432025953235,0.3619126133553174,-0.028878523308753252,-9.848515172884444,6.956403977240045e-23,0.00022172695251686237,0.0007539292853556521,0.0006994674658836322,0.0008143533160414549,0.0007353161122049606,0.0006227373918724006,0.000607930651739557,0.0002666220827978073,-5.632979584651863e-05,-0.002124645895600771,-0.0023508651782155774,-10.059952895430088,-0.6,0.2654933250310181,-0.019555491908543596,-5.217059820001428,-0.030175137249559492,-7.880147342243147,-0.028210557968482784,-8.93274524116832,-0.030970000986442484,-10.969972381981979,0.00686829312987768,-0.6651168237302675,-1.1131069016370312,-0.7242605154208234,-0.6153854790547408,0.8888692021959592,0.000600320189204282,0.0032235401953583597,372.9587798845837,1.0,,,,,
close_pos_1,ashare,False,5,discovery,-1.0,-0.01939018728075544,-6.212040363009012,5.23009876008533e-10,1452,-0.1876753125037062,0.40771349862258954,-0.01939018728075544,-6.212040363009012,5.23009876008533e-10,0.004055708197302889,0.004929272300425008,0.005234694882228989,0.00540699070089821,0.00584830814661297,0.005665101012149706,0.005353032614011826,0.004560270141569093,0.0033616807347998075,-3.4656404092301174e-05,-0.0041140521673615725,-9.351650085270434,-0.32121212121212117,-0.607168945642498,-0.014366552007179187,-3.5642741362618398,-0.02551225066691428,-7.74584839972766,-0.012577790134258433,-2.3908924349099245,-0.023869407215116233,-8.341336956660022,-0.015316036265559422,-0.14937290610164947,-0.23874415265904275,-0.18116484635869862,-0.1201148503163078,0.8866195094979499,0.0008815616740782286,0.01672074436123506,249.72107438016528,1.0,,,,,
close_pos_1,ashare,False,5,validation,-1.0,-0.01605414610510013,-5.878251680074712,4.146221965128413e-09,1209,-0.17238945684759113,0.44168734491315137,-0.01605414610510013,-5.878251680074712,4.146221965128413e-09,0.0007752960540308206,0.0018752498555350083,0.002074634678289033,0.002471274376365012,0.0022908997214002233,0.0021429511608766012,0.0022663763343245625,0.001679796556881596,0.0008334544183272037,-0.0035982518546112865,-0.004322784210362844,-8.902869934695582,-0.24848484848484845,-0.958165037424589,-0.009344350253329085,-2.429800808341541,-0.011191466168895612,-3.2447724231513346,-0.014876059424978503,-5.002572700700471,-0.02040917081878081,-7.445730272419828,-0.01423211446960046,-0.14878321966750224,-0.23848395646610343,-0.17136407430809017,-0.12981438801323192,0.8898882618908847,0.000600373813879774,0.004401246869423934,372.7799834574028,1.0,,,,,
close_pos_1,ashare,False,20,discovery,-1.0,-0.002366876866707835,-0.805248091896537,0.4206765294323571,1437,-0.0253751035182729,0.5100904662491301,-0.002366876866707835,-0.805248091896537,0.4206765294323571,0.014650748032332949,0.01698747841648257,0.017446955599271962,0.01943385587856925,0.019996641391812692,0.0203248405519655,0.020425055799029916,0.019798576078046786,0.017086010521825554,0.011424555003269282,-0.0033169696991920063,-3.4568267394387537,0.12727272727272726,-0.9543090557844996,0.0017977580706199738,0.39263252918531827,-0.007574381785866741,-2.4085916583462588,-0.002226992849622139,-0.48417677615626076,-0.007344635259703569,-2.839420719428092,-0.03250479272674569,-0.06613445162130696,-0.08855422421768115,-0.08359672114664868,-0.051959124742107274,0.8896735157291343,0.0008907637792356214,0.03570312430574017,249.39248434237996,1.0,,,,,
close_pos_1,ashare,False,20,validation,-1.0,-0.009058127042988591,-3.224866345427723,0.0012603149224507972,1194,-0.10500761481792077,0.4581239530988275,-0.009058127042988591,-3.224866345427723,0.0012603149224507972,0.0030141004467949062,0.005791107384291914,0.006232562435421065,0.007347908911631343,0.007142306585979729,0.007157628569783546,0.00784604319661127,0.007004395876409039,0.005365311088525242,-0.003007099428355354,-0.00575429006700687,-5.178978506527727,-0.04242424242424241,-0.8428430324289089,-0.003592203286060302,-0.9687629308344107,-0.004687475614331899,-1.3352377002612847,-0.007875457104445203,-2.7782211221426776,-0.014092203527139078,-4.7972947085618385,-0.024538363050069806,-0.058168064135675615,-0.08058786485941283,-0.07252350017189006,-0.0467286624416624,0.8896746318943337,0.0006059593739166663,0.006568833599672411,372.10217755443887,1.0,,,,,
intraday_ret_1,ashare,False,1,discovery,-1.0,-0.02472875728262107,-7.67371018275493,1.6709138016182923e-14,1456,-0.2020035547550823,0.40384615384615385,-0.02472875728262107,-7.67371018275493,1.6709138016182923e-14,0.00027748443429388047,0.0007024735606890479,0.0009292007153320454,0.0011442492571587127,0.0009885113018698384,0.0011065335213548753,0.0010080667684258435,0.0010018650776182666,0.0006686019073181202,0.0005328645450029418,0.0002553801121114073,0.9249099968676623,0.05454545454545454,-0.08194024141705607,-0.01910362745848733,-4.355286004013327,-0.03307480840507256,-9.263258752652408,-0.036938343216785734,-7.250865135788475,-0.02639686807455601,-8.601535205174232,-0.15892316335544784,-0.8164220255016329,-1.254754600265756,-0.8757151810946638,-0.7409863330733509,0.8697074896113558,0.004010811928950076,0.007747011856306447,228.10576923076923,1.0,,,,,
intraday_ret_1,ashare,False,1,validation,-1.0,-0.03436916428499007,-10.395460320857024,2.600283265709908e-25,1213,-0.30314275585571576,0.3511953833470734,-0.03436916428499007,-10.395460320857024,2.600283265709908e-25,0.0006563510557422646,0.0006289607613348155,0.0005425753964031437,0.0004846387778553456,0.0005084075251932279,0.00036474817127338016,0.0003494837952543868,0.00018141373486509315,-8.944988921009773e-05,-0.0015362301144109937,-0.002192581175380791,-7.943942009911809,-0.9878787878787878,1.1893243066879626,-0.02701664817765561,-5.921383630088405,-0.032233635645610194,-7.6442534552962975,-0.033194997728410267,-9.543734239634517,-0.03724364985371216,-12.108867156695592,0.08865146755679587,-0.5621251126255683,-0.9959761660804776,-0.6302939463432082,-0.4981840804742424,0.8608155822518043,0.0017290121871096629,0.003834129019194303,355.79225061830175,1.0,,,,,
intraday_ret_1,ashare,False,5,discovery,-1.0,-0.033910102373638264,-10.281719863893693,8.51935943994973e-25,1452,-0.28300647494786163,0.37947658402203854,-0.033910102373638264,-10.281719863893693,8.51935943994973e-25,0.004355412243830744,0.004826011387232348,0.00508977865996246,0.005554771117123752,0.005523480930943183,0.005607143338126958,0.005182199943297476,0.004433018630596617,0.00309516484646772,-0.0008494245010850878,-0.0052048367516581194,-8.701769316416879,-0.32121212121212117,0.030277092177637452,-0.02705120732038062,-6.005120862604632,-0.037210967374973855,-10.142738697202153,-0.03323471208122735,-6.786109260802258,-0.03958599832016557,-13.011677247696724,0.0019615731769756003,-0.1314599372841696,-0.22040761092493305,-0.1607102051953521,-0.10128797631261459,0.8824173972297963,0.004021860997624869,0.01712690620521499,227.9724517906336,1.0,,,,,
intraday_ret_1,ashare,False,5,validation,-1.0,-0.022818355601686983,-6.8643801242745655,6.678059083259791e-12,1209,-0.20573086638041088,0.42018196856906537,-0.022818355601686983,-6.8643801242745655,6.678059083259791e-12,0.0009807155533342318,0.0019412453746588726,0.0020483732868310863,0.0021359742742746352,0.002137787860786768,0.0019082499106934244,0.0018947981274562377,0.0015836374850221862,0.0010464440879064904,-0.0037807802461623007,-0.004761495803554278,-7.523305325695434,-0.4424242424242424,-0.1102304892508476,-0.01584536467982738,-3.5217439594282944,-0.015973597020642622,-3.8078723659684033,-0.02095509460876553,-6.04252737646947,-0.02844800139561569,-8.892046935778705,-0.015711012850720373,-0.14637781677936068,-0.23348901939845418,-0.18099763150481532,-0.1125719018485893,0.8641984386814834,0.0017347326575384789,0.00504161708532217,355.55665839536806,1.0,,,,,
intraday_ret_1,ashare,False,20,discovery,-1.0,-0.011308003714417895,-2.964842913309485,0.003028375227436651,1437,-0.10076870211712702,0.46346555323590816,-0.011308003714417895,-2.964842913309485,0.003028375227436651,0.0138223037888562,0.016992366744820995,0.018636326599516147,0.01991791546823907,0.02026890833873889,0.02075883322939558,0.020390808474299613,0.02024355758281856,0.01769680500259695,0.00912496707744479,-0.0046973366863253055,-3.4756426454398985,0.11515151515151514,-0.08565753700790532,-0.0037268435706731377,-0.7403453928425547,-0.014693736466383089,-3.658551725344636,-0.01648285319151021,-3.105131456564663,-0.018316500270454335,-5.539408958812045,-0.0497527097310525,-0.08331705159521031,-0.10569327950464887,-0.10491671750767942,-0.0648706726460759,0.887945551961847,0.004063842845199242,0.036318936446135916,227.46276965901183,1.0,,,,,
intraday_ret_1,ashare,False,20,validation,-1.0,-0.017145303103933897,-5.878104250429402,4.14991549358018e-09,1194,-0.1673992150348132,0.4288107202680067,-0.017145303103933897,-5.878104250429402,4.14991549358018e-09,0.0023761778149059215,0.006001909316053117,0.0071366606679318,0.007351862904394677,0.007791874703891315,0.007311139742159562,0.007654072214540841,0.006893266117040398,0.0053089876527576945,-0.004651993154513496,-0.007028170968944104,-6.255650972006073,-0.12727272727272726,-0.36675288105320725,-0.006009459748198101,-1.5960402528499316,-0.007344032193539341,-2.020716694082038,-0.014740488435743514,-5.005316785616413,-0.02523923625438883,-8.738183257983986,-0.038533265087692115,-0.0715138653085856,-0.09350093212251459,-0.09842310723365601,-0.044509447043995495,0.8725026513463888,0.0017526121322577273,0.0066702655692845335,354.65912897822443,1.0,,,,,
overnight_ret_5,ashare,False,1,discovery,1.0,0.003591250159552096,1.7895075332697719,0.07353311535784475,1456,0.04614992581589264,0.5212912087912088,0.003591250159552096,1.7895075332697719,0.07353311535784475,0.00015660145463148732,0.0008473901502564151,0.0010225095558367074,0.0009845896872130529,0.0010445110188351924,0.001111587257864275,0.0010856575883640839,0.0009487795434904331,0.0010241901488432003,0.0008198833088268547,0.0006632818560099842,2.7983789083128343,0.24848484848484845,-0.4218965246685816,-0.0013519356076879196,-0.4184190254010177,0.00214218175150873,0.9565051482642063,0.008908919433273793,2.7094936477547207,0.007940857257658486,4.754960459789692,-0.021082752901057013,-0.30347007907769347,-0.4917282965287845,-0.35041954347366,-0.2506851863231658,0.37352820922835517,0.008028348348938839,0.007183058530854696,224.67307692307693,1.0,,,,,
overnight_ret_5,ashare,False,1,validation,1.0,0.009611525634787009,5.513870856546988,3.5102621775875226e-08,1213,0.1498659630887611,0.5779060181368508,0.009611525634787009,5.513870856546988,3.5102621775875226e-08,-0.0006665355453700874,0.00016754142595225196,0.0003498471703367633,0.0003960370716316586,0.00043176331454690284,0.0004704657147047974,0.00048795450113275793,0.0005590082541449623,0.0005778653321853025,-0.00011671907669541981,0.0005498164691286651,2.7189135480519124,0.5636363636363636,-1.5436429394605604,-0.004272114494970585,-1.3146123734587996,0.004650131227887785,1.9806361635963758,0.008167464118533477,4.17043055840349,0.013774977255108118,8.054061326498772,-0.08815268461459282,-0.35794078617882874,-0.5377995205549861,-0.4115529621976138,-0.3019543304939295,0.3568625682066613,0.010980087682729171,0.004060269855515631,355.0445177246496,1.0,,,,,
overnight_ret_5,ashare,False,5,discovery,1.0,0.006745469790749709,1.9186577956003004,0.05502765602620268,1452,0.0855470953259383,0.5585399449035813,0.006745469790749709,1.9186577956003004,0.05502765602620268,0.001775910845219297,0.0045689814383431115,0.005107039298998257,0.0052127142107039155,0.00520519667785496,0.0051748148022574434,0.005079198773917273,0.0046257840156741165,0.004408036553302025,0.002668130401377547,0.0008922195419705712,1.1681755181719127,-0.12727272727272726,-0.8953114631403453,-0.0034304216284705815,-0.6572482487193918,0.004534846267145969,1.1850767164693485,0.012957497441716,2.4609718974978474,0.014694379683918889,4.969067818886188,-0.07827987108071247,-0.2104554324814925,-0.2985724734153458,-0.24636714538363003,-0.17571324723971485,0.8741769933914022,0.008045474393325331,0.01799373394013036,224.53787878787878,1.0,,,,,
overnight_ret_5,ashare,False,5,validation,1.0,0.017197628524277555,5.574912124777705,2.4765484589437442e-08,1209,0.2717629237326404,0.6418527708850289,0.017197628524277555,5.574912124777705,2.4765484589437442e-08,-0.002674362840070936,0.0010686381049267288,0.0016634970977830736,0.002034339023881658,0.002203628047065816,0.0022487133880717282,0.0022436739389082292,0.0024208164887922594,0.002263554051144753,-0.0001229671457205559,0.0025513956981027043,3.607609705612664,0.5393939393939393,-1.797857785794017,-0.0039633932692467524,-0.7352331398455038,0.00786594217850648,1.8322450398560377,0.013832606209189895,4.0429103884840725,0.02492171737483206,8.081184454292297,-0.06691516843634135,-0.1961258984777459,-0.28226638517201563,-0.2358910748811529,-0.15614033520690673,0.8545683203796595,0.01100482924755068,0.005238942030664746,354.8089330024814,1.0,,,,,
overnight_ret_5,ashare,False,20,discovery,1.0,0.012772877645528053,2.451902451994963,0.014210317918681934,1437,0.17013463266793755,0.6130828114126653,0.012772877645528053,2.451902451994963,0.014210317918681934,0.01132260854743409,0.018650575642230837,0.020496380098211312,0.020635165382091165,0.020282813456433155,0.020024308110705578,0.019511693901945102,0.019072792944544132,0.01787211122878088,0.012795298081367574,0.00147268950683725,0.7737906497266022,-0.18787878787878787,-1.198761580302439,0.003973697407437095,0.6768686354883642,0.008016969048114388,1.666556981066655,0.021183575742900012,2.677997872995085,0.022155753293374627,4.821654958827575,-0.06372098731710314,-0.09722122000893267,-0.11955470847015237,-0.12301556702454637,-0.07321210645350092,0.8862495421118926,0.008124395331793006,0.03674770571811872,224.01739735560196,1.0,,,,,
overnight_ret_5,ashare,False,20,validation,1.0,0.032517677122379254,7.8402780009031945,4.4955004439255956e-15,1194,0.5402908869304833,0.7579564489112228,0.032517677122379254,7.8402780009031945,4.4955004439255956e-15,-0.006722426844410405,0.0035393979103526306,0.005725423875122229,0.007274929207443002,0.007946257268241566,0.008359578896592123,0.00817865085133491,0.008826304630703902,0.008731463133889866,0.0035137806591883356,0.010236207532292384,5.379732058504922,0.5393939393939393,-1.3553256188050942,0.006529216771548001,0.9260250214881268,0.022585459316828052,3.890902574411771,0.02792224452737836,5.919367607121491,0.04050865734727421,9.848425481697427,-0.02321581281059809,-0.05607120718014158,-0.07797480342650392,-0.08691138416060214,-0.025974000582513063,0.8691903272366005,0.01109039664390954,0.006664318579149244,353.90536013400333,1.0,,,,,
ev_macd_golden,events,True,1,discovery,-1.0,-0.009000493502467649,-8.133933689109275,4.1557992905943355e-16,1450,-0.22006247685357025,0.4006896551724138,-0.0006741804351374044,-3.094937502342642,0.0019685437214736093,,,,-0.008777663907191405,0.0011043995336759826,-0.035546207490066685,,,-0.009673898836505638,0.0004222866465829263,,,-0.09999999999999999,-0.06854271289424624,-0.0027548646530215584,-1.3468499935525724,-0.009770351426029056,-6.201798900619396,-0.007018156393468014,-3.6455810658939822,-0.01067553391780784,-8.49961656899285,-0.21937825350217874,-0.972782099656025,-1.4750513304252562,-1.0850769384229892,-0.8719571714267439,1.0,0.016829973038495854,0.0086652385525028,87.73053066850449,0.9965659340659341,-0.0006741804351374044,-3.094937502342642,0.0019685437214736093,1410.0,89.79716491699219
ev_macd_golden,events,True,1,validation,-1.0,-0.00782007313364487,-7.644481140068391,2.0978955539851964e-14,1213,-0.20307592602935096,0.40560593569661996,-0.0011010524443156328,-5.81208945077728,6.169785537916265e-09,,,,0.0046096433434286155,0.00022289979169425397,,,,0.005206700603594072,-0.0009782652717130306,,,-0.39999999999999997,-0.19742731454469706,-0.0022573742578832516,-0.9919398391766712,-0.006430653364945805,-3.5667887009313963,-0.00530283386017347,-3.9166651142335747,-0.010739903370088962,-9.356040504658893,-0.3011058427436972,-1.057105842743697,-1.5611058427436975,-1.1507878554994304,-0.9673226807263497,1.0,0.007838919157525472,0.0032767200969568066,137.36933223413027,1.0,-0.0011010524443156328,-5.81208945077728,6.169785537916265e-09,1208.0,137.86009216308594
ev_macd_golden,events,True,5,discovery,-1.0,-0.014581380983480849,-9.950838131175557,2.5006815354380353e-23,1447,-0.34844452870043957,0.35729094678645473,-0.00573112189461643,-8.355816522722256,6.498164454299045e-17,,,,0.0047484598665808635,0.004461389302903987,-0.027935291128233074,,,0.004465026907079543,-0.0021334865893623046,,,-0.49999999999999994,0.5108955248580377,-0.006397544970699544,-2.6721226157392555,-0.012573901600012054,-6.5388704414010155,-0.010763475754931494,-4.505865282367118,-0.018101960115475907,-12.336432944071928,-0.32729729862387236,-0.4749022987473772,-0.573305632163047,-0.5606870466810969,-0.3993888622527043,0.9795968130529544,0.016855488323964406,0.01956118517519897,87.82377332411886,0.9965564738292011,-0.00573112189461643,-8.355816522722256,6.498164454299045e-17,1405.0,89.11601257324219
ev_macd_golden,events,True,5,validation,-1.0,-0.008965811872671196,-6.625520517737491,3.46026663939318e-11,1209,-0.24926962615940254,0.38875103391232424,-0.004134623158980571,-7.267927342759714,3.650450311140473e-13,,,,0.01565090284566395,0.001206678146753697,,,,0.018297674658242613,-0.003213553927989544,,,-0.39999999999999997,-0.41475538591005884,-0.002960322975823801,-1.1852516393155885,-0.005553701373249154,-2.5326714612121926,-0.00556134576087869,-3.4981637134331134,-0.01288589559416563,-8.853497894223684,-0.22036566628356208,-0.36860589961117685,-0.4674327218295867,-0.4232209691893045,-0.3146773380003137,0.9804248235953357,0.007843914376960788,0.004713449729903084,137.4177005789909,1.0,-0.004134623158980571,-7.267927342759714,3.650450311140473e-13,1204.0,137.71511840820312
ev_macd_golden,events,True,20,discovery,-1.0,-0.008492182010896167,-4.913506790629935,8.946163267195093e-07,1431,-0.2064863133494086,0.39832285115303984,-0.0077925803118270845,-4.950415471077024,7.405521688902585e-07,,,,0.05475215334445238,0.01783991851359684,-0.03675812638054291,,,0.06007651840759949,0.00784230036231837,,,-0.19999999999999998,-0.9527695710262075,5.5261859118301055e-05,0.018776702027954235,-0.008712784727543922,-4.386185445035923,-0.010650591501568366,-4.872024956203222,-0.010624402665176917,-6.154423668876723,-0.12354181457612753,-0.15997701033995043,-0.1842671408491657,-0.21032562935041121,-0.11974021668581081,0.9672596197388026,0.017019341007709455,0.037193193671901,87.19762569832402,0.9965205288796103,-0.0077925803118270845,-4.950415471077024,7.405521688902585e-07,1391.0,86.8066177368164
ev_macd_golden,events,True,20,validation,-1.0,-0.005922459933345107,-3.9393840465350083,8.169107250268997e-05,1194,-0.1640517434694342,0.43467336683417085,-0.005801861741546088,-5.085014003922032,3.6759894541144283e-07,,,,0.032103870005812496,0.005235041228108678,,,,0.043739212793298066,-0.000735726010333002,,,-0.39999999999999997,-1.4593265108197835,0.002646363587459078,1.0249853084606353,-0.003021380974221792,-1.4696265898571674,-0.0027805142998099833,-1.817710057097126,-0.010255479038706368,-5.816882853533325,-0.07497640299282206,-0.11142804800481979,-0.1357291446794849,-0.13703125498769061,-0.08482433697136214,0.9643292331216323,0.00783057692505566,0.006954152207436287,137.6465661641541,1.0,-0.005801861741546088,-5.085014003922032,3.6759894541144283e-07,1189.0,137.7283477783203
ev_macd_dead,events,True,1,discovery,-1.0,0.0004303973681779706,0.4062893795516505,0.6845299879593862,1442,0.011577436501889454,0.5298196948682385,-0.0005357128790361764,-2.4110047368763325,0.015908641822411782,,,,-0.0021036918287791195,0.0008806921270436902,0.004074750642757863,,,-0.004074478763868683,-1.9231138096360305e-05,,,-0.09999999999999999,0.06443593030352598,-0.0005616350200502339,-0.2889377510083459,0.005955129643429005,3.732116584478013,-0.001232693762583889,-0.6123964746691465,-0.0011506821686762497,-0.9281442015139714,-0.25420918516380636,-1.0029399543945756,-1.502093800548422,-1.1979667741110636,-0.8178205406327718,1.0,0.0004712389171738358,0.011146850082697153,87.94590846047157,0.9903846153846154,-0.0005357128790361764,-2.4110047368763325,0.015908641822411782,1365.0,92.42344665527344
ev_macd_dead,events,True,1,validation,-1.0,-0.0006263396438636939,-0.5401729558859647,0.5890777613959358,1213,-0.016645349703804154,0.49134377576257215,-0.0006618930787954919,-2.96623754122168,0.003014675474644174,,,,0.012739178423847383,0.00016954221201892348,,,,0.01443371782079339,-0.0005229174276364793,,,-0.39999999999999997,0.21687862309157976,0.0024138226187872527,1.1926890492256845,-0.0018440739524237559,-1.0166457991795452,0.0007856740849576055,0.5534254589557676,-0.001470364061959225,-1.2164607153354747,-0.2813132577097857,-1.0373132577097859,-1.541313257709786,-1.2109512955552337,-0.8982857690557771,1.0,0.0005353740720701791,0.0057550865173284565,139.77493816982687,1.0,-0.0006618930787954919,-2.96623754122168,0.003014675474644174,1206.0,140.47926330566406
ev_macd_dead,events,True,5,discovery,-1.0,0.002920472439257794,1.8424063709315661,0.06541573059583422,1438,0.07077853135340852,0.5222531293463143,-0.00010671421971949352,-0.17956033744718047,0.8574977446332632,,,,0.008345187670784071,0.003933804420089939,0.02946238191465714,,,0.010600438137771562,0.0030956282199592687,,,-0.19999999999999998,-1.5755722498316873,0.00480983046496274,1.9922055917474173,0.006424820655440593,3.2467911033223857,-0.003238432006423598,-1.2924658163161755,0.0013020897888781685,0.8178825598085142,-0.049488765312431376,-0.19661667376826436,-0.29470194607215294,-0.2666662065244919,-0.11399237020242019,0.9825417203763928,0.00047254973474594665,0.015092545223936583,87.82127955493742,0.990358126721763,-0.00010671421971949352,-0.17956033744718047,0.8574977446332632,1361.0,91.55326843261719
ev_macd_dead,events,True,5,validation,-1.0,-0.004599777118472016,-2.857847429856321,0.004265254180384595,1209,-0.12321258288496728,0.4226633581472291,-0.0024201608605236187,-3.7655020038742473,0.00016621479039799505,,,,0.002334666826451818,0.0012515350548463339,,,,0.008693901744360725,-0.0010834007270124,,,-0.39999999999999997,0.3681230323737618,-0.002765172264922297,-1.0743984173209191,-0.003906772670807815,-1.7293054311757845,-0.003836977066973224,-2.2552256755334015,-0.005181178061069213,-3.2308404315122043,-0.12232635126588287,-0.27063832176365793,-0.3695129687621746,-0.33781594432110823,-0.21251948044257646,0.9808992757789353,0.0005371453675939844,0.004945389261354466,140.05789909015715,1.0,-0.0024201608605236187,-3.7655020038742473,0.00016621479039799505,1202.0,140.54908752441406
ev_macd_dead,events,True,20,discovery,-1.0,-0.0060906260135070766,-3.5271353654179673,0.00042008193520754584,1423,-0.14750348009773787,0.41531974701335206,-0.005582970678926957,-3.942016395483973,8.079945175779199e-05,,,,0.003471262170933187,0.017462326463675307,0.07656980786539082,,,0.014906982469256036,0.008915224178989902,,,0.09999999999999999,-1.6066749463879644,-0.0027317765536009142,-1.0486774421378564,-0.003565153100478132,-1.8293775451102647,-0.011655313866033058,-4.63819196670113,-0.006890347953022627,-3.771237745328817,-0.10107522386202764,-0.13728800068904343,-0.161429851907054,-0.18577806393744287,-0.09110699743456159,0.9674352251637258,0.00047753093363645205,0.03402208217592466,87.98875614898103,0.9902574808629089,-0.005582970678926957,-3.942016395483973,8.079945175779199e-05,1343.0,90.0610580444336
ev_macd_dead,events,True,20,validation,-1.0,-0.007543950908807065,-4.05599398971065,4.9921543061884e-05,1194,-0.20958780064848698,0.40619765494137355,-0.007186648430195414,-4.293806380495077,1.7563565784633727e-05,,,,0.020498597373565037,0.0053865304325085685,,,,0.03175225450346867,-0.001831634506418684,,,-0.39999999999999997,0.04076158883053144,-0.0038792369958034418,-1.4810818693507128,-0.004724861140384311,-2.024315069081838,-0.005920738261441304,-2.9463080632016423,-0.008487997551142986,-4.635139978645012,-0.09033481591336635,-0.12679461714504298,-0.15110115129949406,-0.1611747147177349,-0.08911622554166598,0.9645450061290108,0.0005438934249758184,0.006527247234564305,138.9932998324958,1.0,-0.007186648430195414,-4.293806380495077,1.7563565784633727e-05,1187.0,139.2476806640625
ev_kdj_golden_low,events,True,1,discovery,-1.0,-0.0028370954437545812,-2.319637775507511,0.02036048054100156,1306,-0.07120634976572206,0.44180704441041346,-0.0004334484206403296,-1.4846013135273435,0.13764946731800418,,,0.039134335005655885,0.00987635157847156,0.00033923098190424757,0.003553716009482741,,0.04765440069604665,0.01069896305043585,-0.0007052483850100724,,,-0.28571428571428575,0.3140161961889602,-0.0024217492332296044,-0.871159070352241,-0.0034390389248745955,-1.7416341070915633,-0.002725159533217954,-1.267319234766918,-0.002648181943567827,-2.0244312812546936,-0.250570492640542,-0.9286858772559268,-1.38076280033285,-1.0806538128811811,-0.77142736739088,1.0,0.0035832172884786104,0.007716549334817268,50.372894333843796,0.896978021978022,-0.0004334484206403296,-1.4846013135273435,0.13764946731800418,945.0,68.53227233886719
ev_kdj_golden_low,events,True,1,validation,-1.0,-0.0039031037101275074,-3.582099809430982,0.0003408435128357137,1190,-0.10181678645849292,0.4361344537815126,-0.0009248638650993262,-3.5641736315151435,0.00036500429056456394,,,,0.0030049933549506883,-1.4670930828166802e-05,0.01067521819419673,,,0.004061075413023661,-0.001325759053672081,,,-0.19999999999999998,0.07989942444516779,0.0011748567620329107,0.4524583482656793,-0.0033050956291135218,-1.6583145465387317,-0.0031052969903467517,-2.366238167442102,-0.00497251923965469,-4.252767122320915,-0.31050626274166276,-1.0521715554044824,-1.5466150838463621,-1.1605524239734815,-0.9328525650125981,1.0,0.0021093510616641145,0.0032314101946755397,100.79579831932773,0.9810387469084914,-0.0009248638650993262,-3.5641736315151435,0.00036500429056456394,1094.0,109.36563110351562
ev_kdj_golden_low,events,True,5,discovery,-1.0,-0.009347637355971475,-6.128491847402215,8.871597395295494e-10,1299,-0.23783096504005755,0.36643571978444955,-0.005210784221943286,-6.946270615809611,3.750689861873426e-12,,,-0.01233295692751805,0.0001711864722892642,0.0030359654624877437,0.015556431656590743,,0.0014846337338288624,0.0030286305273572603,-0.0037828558885183647,,,0.1785714285714286,-0.09709269970070096,-0.007739335776289737,-2.5416286401602664,-0.010378273556520249,-4.767060062581605,-0.008601738274350595,-3.288080483049417,-0.00940386958296121,-5.824215029384122,-0.3037293282807447,-0.43647648132734884,-0.5249745833584181,-0.5140228783473277,-0.3537075906111775,0.9791045228731797,0.003594217188059512,0.017385097660271655,50.28187403993856,0.8966942148760331,-0.005210784221943286,-6.946270615809611,3.750689861873426e-12,939.0,68.08626556396484
ev_kdj_golden_low,events,True,5,validation,-1.0,-0.0059078607101409435,-4.096325043215976,4.197604528942943e-05,1186,-0.16064703018307086,0.40893760539629004,-0.003680753499545538,-5.642863832272681,1.6724461743661807e-08,,,,0.010801172983418737,0.0006246069396275768,0.026602366863264015,,,0.015481233446836187,-0.004290624058674514,,,-0.19999999999999998,-1.0265192334791744,-0.002738424405693871,-0.9582566367756316,-0.004653012332689574,-2.074849456330674,-0.00608943938311556,-3.78053147473849,-0.005724200440548301,-3.7439918970001846,-0.2403137789589124,-0.3838773055953485,-0.4795863233529725,-0.44578463665004103,-0.32806071902299816,0.9679076868104693,0.00211382037009824,0.003735820233545456,99.13490725126475,0.9809760132340778,-0.003680753499545538,-5.642863832272681,1.6724461743661807e-08,1090.0,107.48165130615234
ev_kdj_golden_low,events,True,20,discovery,-1.0,-0.00636097086783972,-3.1447717394122003,0.0016621646371912078,1282,-0.15682242083296927,0.3923556942277691,-0.007779896366523332,-4.280433722465203,1.865294327958862e-05,,,0.07388778869062662,0.044695058340827626,0.016870086724223635,0.02223056227629704,,0.12460661058624585,0.04940787001202504,0.005405734402705128,,,-0.28571428571428575,0.7674722209480195,-0.005586142072646765,-1.5191389895317462,-0.007081961757014995,-2.7855123161650983,-0.005943811642310948,-1.6555011412712326,-0.005641033460793526,-2.864784632658682,-0.12765500440667615,-0.16099077118344396,-0.18321461570128916,-0.2036001586707028,-0.12640941928095442,0.9846839756584019,0.003625859550626295,0.03553192579551443,49.81041181041181,0.8956158663883089,-0.007779896366523332,-4.280433722465203,1.865294327958862e-05,919.0,67.13492584228516
ev_kdj_golden_low,events,True,20,validation,-1.0,-0.0016927596310224785,-0.8958020865374144,0.37035847531193633,1171,-0.046975015453254707,0.43296327924850553,-0.0049323879799209845,-3.0853252411038357,0.0020332967444474663,,,,0.03831329471561023,0.00385134227288153,0.05601354481895333,,,0.05341778163306622,-0.0024173922851464984,,,-0.19999999999999998,-1.969793200089616,0.002291074884311864,0.6374736219935289,0.00030141444159062345,0.11373224176470208,-0.0011238037360808719,-0.5151554426288015,-0.0026858007153716013,-1.386661027762376,-0.07479364800120634,-0.11107309168708901,-0.13525938747767746,-0.14936823564309865,-0.06999882245654795,0.9786248754274123,0.0021408974884171753,0.007009467972763818,99.55251921434672,0.9807370184254607,-0.0049323879799209845,-3.0853252411038357,0.0020332967444474663,1074.0,107.93761444091797
ev_rsi6_oversold,events,True,1,discovery,-1.0,-0.00403721000433543,-2.237560546902155,0.0252497267926997,1349,-0.07047434359811595,0.49444032616753153,-0.0017480876981942777,-3.8028683118387216,0.00014303039466607856,0.15398208796977997,-0.020155857213669352,0.009436340363065124,-0.0004475919836708768,0.0006555092688976788,0.006007498586297044,-0.029343728894471295,0.00599971859666862,-0.0021744521610812763,-0.0006699612981233904,,,-0.406060606060606,0.4314295240085429,-0.008293005206182147,-2.62053697728398,-0.002496520284396845,-1.0296523221938931,-0.010625376423384437,-3.251285771939433,-0.0038599302918840756,-2.062329052891748,-0.5222205584440189,-0.8025882817263023,-0.9895000972478245,-1.1477664041112434,-0.4645308093348113,0.400272399601316,0.001486991774894435,0.01894334777778883,113.09562638991846,0.926510989010989,-0.0017480876981942777,-3.8028683118387216,0.00014303039466607856,1142.0,132.1243438720703
ev_rsi6_oversold,events,True,1,validation,-1.0,-0.002921137091957331,-1.6385903135709399,0.10129861101542194,1182,-0.051184468839585544,0.461082910321489,-0.0021608895273063367,-5.883716138508398,4.011556263965136e-09,,0.013804050472875437,0.0021297457518384736,0.00149997366704689,6.173875646988558e-05,0.002504699994225971,0.013276428760339817,0.0006143827100887018,0.0006721845530936944,-0.0026808333246063376,,,-0.6,1.2120728250951684,-0.005061009543969739,-1.771067690569636,-0.004174728831422481,-1.6235238925656765,-0.004986539024002324,-2.2716997947802935,-0.0011442986896278572,-0.6603690661903919,-1.0167936307202554,-1.3107631435694034,-1.5067428188021685,-1.655399871054299,-1.0246188928051743,0.39904678990637377,0.0003681807392349706,0.017106193451875862,188.00338409475467,0.9744435284418796,-0.0021608895273063367,-5.883716138508398,4.011556263965136e-09,1118.0,198.33810424804688
ev_rsi6_oversold,events,True,5,discovery,-1.0,-0.005238577770592624,-1.9384788439754703,0.0525648294582704,1345,-0.08936767449492462,0.4483271375464684,-0.0058059620622767025,-4.282532891146225,1.847778077611429e-05,0.15748335421085358,0.0004912666562530729,0.010876389845323405,-0.0027248589515996477,0.00322937502800778,0.01978328506272562,0.020931127584642835,0.01426241883554643,-0.004004727993698466,-0.0032386394993074645,,,-0.406060606060606,-0.18894197094582263,-0.009900578797091955,-1.952838928685937,-0.0018776307603371946,-0.5468126517817183,-0.015404306659494053,-3.3160910242071235,-0.0043600396686365745,-1.549392439528345,-0.29308193922554493,-0.4067153719694203,-0.48247099379867064,-0.533768736318752,-0.27712427109324095,0.8113321155371996,0.0014914107697678212,0.017304991271267178,112.6096654275093,0.9263085399449036,-0.0058059620622767025,-4.282532891146225,1.847778077611429e-05,1135.0,130.25550842285156
ev_rsi6_oversold,events,True,5,validation,-1.0,-0.0015071682718446403,-0.5434624365071884,0.5868114472052308,1177,-0.026732962352113327,0.4180118946474087,-0.007624048268034207,-5.936035220548502,2.9199709877995265e-09,,0.04825805469105641,-0.0027095506049911768,0.018834544360033123,-0.0003610194948792598,0.016702449051081203,0.05869608527670304,0.005833266220767708,0.02187045482028145,-0.009504834981001136,,,-0.18333333333333335,-0.9362694065621546,-0.003669820675652777,-0.8826255423789319,-0.0077064422163213965,-2.1933719782349717,-0.002367664833750146,-0.7431969488983197,0.00131185807844332,0.4683958273613711,-0.4217527920201789,-0.5340995240000318,-0.6089973453199338,-0.6776506076112796,-0.4044516236889735,0.7625874664463698,0.000369430928502322,0.010078683857812352,187.2402376910017,0.9743589743589743,-0.007624048268034207,-5.936035220548502,2.9199709877995265e-09,1114.0,197.2181396484375
ev_rsi6_oversold,events,True,20,discovery,-1.0,-0.0073376571321211986,-1.7023042601146967,0.0886983466358936,1325,-0.12030273068571486,0.40452830188679245,-0.013567295780568285,-3.6295389921499934,0.00028392784207816084,0.16214604675769806,0.041923752384415515,0.03038575676710982,0.008455896123240773,0.01791769747533321,0.017096940053017002,0.09012613300648001,0.04303494534504257,0.010536229565667991,0.0009938172326632417,,,-0.4787878787878787,2.3225232387227512,-0.012522933148805135,-1.7323374623197167,-0.009604786775160277,-2.0585703081760833,-0.009951469017827076,-1.2828958394651375,-0.00545326111462856,-1.1174912277778197,-0.175978577429957,-0.21006076689341863,-0.2327822265357264,-0.29076791021664483,-0.14226792814627126,0.9741835990570542,0.00150821855455108,0.0362574320528096,111.91278195488722,0.9255393180236604,-0.013567295780568285,-3.6295389921499934,0.00028392784207816084,1118.0,128.98031616210938
ev_rsi6_oversold,events,True,20,validation,-1.0,0.0011341168239446934,0.2698639892437635,0.7872648920438187,1163,0.01898711875993397,0.4350816852966466,-0.015108984888648412,-4.067075582120842,4.7606805780837146e-05,,0.1141591655711333,0.052227356731343794,0.037654589565395975,0.0006924493275911149,0.04960468231189635,0.15014709594349065,0.0884630006244954,0.04757823138165155,-0.017421673467098248,,,-0.31666666666666665,-1.414451984035967,-0.0008336270238558327,-0.12684229157953583,-0.006319253765787812,-1.126288278576538,0.002173557460520184,0.450743767755785,0.004430578392955747,1.0308379175686504,-0.1986896614748808,-0.23368575619354606,-0.2570164860059897,-0.3184015604016169,-0.15193894714754935,0.950500600392308,0.00035156822365088836,0.012885963257665643,186.07996560619088,0.974036850921273,-0.015108984888648412,-4.067075582120842,4.7606805780837146e-05,1097.0,195.97447204589844
ev_rsi6_overbought,events,True,1,discovery,-1.0,-0.036813575822772594,-23.186186229481446,6.276487755588012e-119,1455,-0.5676720242813188,0.2536082474226804,-0.003026976857063768,-10.358550900512583,3.8271611389458714e-25,,0.007333078421652317,0.002232351909495062,-0.0006374798354362463,0.0010413572284345557,-0.023342959582805634,0.011764942668378353,0.0014251767166165842,-0.004083098402398444,-0.0023261509309518346,,,-0.45,-0.3205746824429055,-0.03497965427741849,-13.305599227754717,-0.03925155930033339,-18.200604323859835,-0.033226024534063925,-11.797498978132975,-0.03887811157797969,-22.881384238668677,-0.817482187730329,-1.1926158700523726,-1.4427049916004018,-1.4214461006660646,-0.9846557694519184,0.49654961132102,0.04411739667829262,0.013975855506255686,120.75395189003436,0.9993131868131868,-0.003026976857063768,-10.358550900512583,3.8271611389458714e-25,1401.0,124.39971160888672
ev_rsi6_overbought,events,True,1,validation,-1.0,-0.02537315292032713,-14.833011418464377,8.962056074799465e-50,1213,-0.42609982112528233,0.3124484748557296,-0.003910217741608316,-9.759037489772776,1.6874912428807215e-22,,-0.006323537032585591,0.009649180923588574,0.003275540194743754,0.00030673697094650614,,-0.008383243926800787,0.0029932726873084904,0.0006005717686524516,-0.0037444577627202347,,,-0.1666666666666667,-0.13998451080602822,-0.017452725400122205,-6.227820955013815,-0.020147965714047648,-7.7338981329692,-0.023109029450023574,-10.799765983802537,-0.030138110153699445,-19.167380858290514,-1.044095615006358,-1.4239720444506982,-1.6772229974135917,-1.6545731632803569,-1.2020757824909005,0.5024820495295504,0.0337652973591727,0.013862813144827435,154.43693322341304,1.0,-0.003910217741608316,-9.759037489772776,1.6874912428807215e-22,1208.0,154.87417602539062
ev_rsi6_overbought,events,True,5,discovery,-1.0,-0.03619293589652255,-12.796782471647514,1.708859951765229e-37,1450,-0.5438896323323023,0.2793103448275862,-0.0080569912072714,-9.091266810430728,9.789172386898188e-20,,0.05065419524908066,0.03993218671530485,0.02414912920953198,0.004048038769171899,-0.23711902275681496,0.07399974763393402,0.0403426974080503,0.01618099213969386,-0.005577646093443974,,,-0.33333333333333337,0.15597013313012456,-0.02700274863596242,-6.439802050058466,-0.034868918032141996,-9.252641772531181,-0.03247685629640194,-6.4596563400164495,-0.04234702997369203,-14.662630307751359,-0.42584580060329397,-0.5573039117021213,-0.6449426524346729,-0.6921751399629252,-0.4367561335210933,0.8700311467164471,0.04423893220633199,0.02578813447902617,120.9552033080634,0.9993112947658402,-0.0080569912072714,-9.091266810430728,9.789172386898188e-20,1394.0,123.13988494873047
ev_rsi6_overbought,events,True,5,validation,-1.0,-0.029204404823808174,-9.806806086994344,1.0524709897108491e-22,1209,-0.4986024194029899,0.28287841191067,-0.009436833543457946,-7.709739637662197,1.2607467830564802e-14,,-0.00028986355755478144,0.04004906639456749,0.009299716005395902,0.0012789387255229365,,-0.010366549482569098,0.028415430150926114,0.005191705502128522,-0.008618637458080348,,,-0.261904761904762,-1.1244081017142205,-0.011312264096832239,-2.3622213922528745,-0.015750304619548593,-3.7089556791339913,-0.024159341949134674,-7.314685356932641,-0.03921787018398451,-14.527751883957436,-0.47974213760093604,-0.6104849799039566,-0.697646874772637,-0.730033879334801,-0.50282519950127,0.8647013379829397,0.03358025915180837,0.010405368660932916,154.88585607940448,1.0,-0.009436833543457946,-7.709739637662197,1.2607467830564802e-14,1204.0,155.02325439453125
ev_rsi6_overbought,events,True,20,discovery,-1.0,-0.0260004724790694,-5.890251224247694,3.856089587559063e-09,1436,-0.4057961595663057,0.31824512534818944,-0.010943507016491967,-3.967352666471105,7.26754116513912e-05,,-0.02834465354681015,0.06865445547737181,0.05574610993393104,0.016730683400012134,0.028670407831668854,0.0014611072838306427,0.06752373236748907,0.04715493952707303,0.0025957793805360062,,,-0.016666666666666666,-0.6280813888510388,-0.00958541025341421,-1.3930624868291512,-0.02112317433743823,-4.280677398205738,-0.026305119425028327,-4.034839838703396,-0.03668023846218158,-9.194271992628822,-0.17166822400877227,-0.20751421708879195,-0.23141154580880513,-0.28432700862046384,-0.12788980869583277,0.9489670759456071,0.044574025869398674,0.03982077250166337,121.85445682451254,0.9993041057759221,-0.010943507016491967,-3.967352666471105,7.26754116513912e-05,1380.0,121.0999984741211
ev_rsi6_overbought,events,True,20,validation,-1.0,-0.027224044778383864,-7.152697277574815,8.508911585328026e-13,1194,-0.5173170298685676,0.28224455611390287,-0.017346882038118006,-5.4454809838463705,5.166558306692382e-08,,0.08665421698242426,0.06933648372069001,0.027508294552956756,0.004835742812317391,,0.08484553080052137,0.06296840263530612,0.028092701392444342,-0.013389307445048064,,,-0.5714285714285715,0.4172188594507789,-0.006145940895635968,-1.0527882644335347,-0.011786765552508018,-2.3219882375634766,-0.01971612425170425,-4.77488896988594,-0.03986334254722109,-10.835416327236265,-0.2201318177031283,-0.25612378423791243,-0.2801184285944351,-0.3329978713912804,-0.18696515599827696,0.95216842684614,0.03376737128975575,0.009143472754944839,154.92378559463987,1.0,-0.017346882038118006,-5.4454809838463705,5.166558306692382e-08,1189.0,154.96551513671875
ev_break_high_20,events,True,1,discovery,-1.0,-0.0302166491795724,-18.794575710092367,8.364641064141619e-79,1443,-0.44366489554545396,0.31046431046431044,-0.0017199212277153124,-6.7647690028756875,1.3352205889583368e-11,,,0.001842316521409278,0.00028370523698238406,0.0011120954567884291,-0.006074778449076872,,0.0030100207465390363,-0.002115974847513896,-0.0008277077520182541,,,-0.39285714285714296,-1.0643741787933814,-0.018634189037810167,-7.105692890239828,-0.029704984741163263,-13.17514039192533,-0.030871594929538608,-10.996621996764627,-0.03485970590380734,-19.685245357756088,-0.47512708920407054,-1.0346090562469157,-1.4075970342754793,-1.2564417932612595,-0.8355675365775798,0.7467226787358626,0.00809119878209642,0.010132728638585685,125.4899514899515,0.9910714285714286,-0.0017199212277153124,-6.7647690028756875,1.3352205889583368e-11,1398.0,128.5629425048828
ev_break_high_20,events,True,1,validation,-1.0,-0.029962808743036654,-17.385461376807434,1.0632820389132876e-67,1213,-0.4961415366499117,0.2893652102225886,-0.003809244350402656,-11.207094396904397,3.763455916436618e-29,,-0.00427792826667428,-0.004613594355760142,0.00688534156035851,0.0003370991011012262,,-0.0059909396804869175,-0.008414451167482184,0.005067190443857244,-0.0036379821528325375,,,0.023809523809523815,-0.7700851831431489,-0.01380579807672771,-5.071579805443949,-0.022807702560943048,-8.921853930060308,-0.026674402677695705,-12.831903634373825,-0.03726477660135092,-22.305853384535464,-0.9902143698274825,-1.5439142691754528,-1.913047535407433,-1.7326567979959995,-1.3760892322503722,0.7324072742698021,0.02893975888254537,0.01092364084333917,167.02638087386646,1.0,-0.003809244350402656,-11.207094396904397,3.763455916436618e-29,1212.0,166.98597717285156
ev_break_high_20,events,True,5,discovery,-1.0,-0.03709997879956059,-14.42422278508442,3.643510685019492e-47,1437,-0.5738300223409646,0.25748086290883787,-0.008130460391374866,-10.463069735116248,1.2765169901943054e-25,,,0.03470326696212093,0.018685355325978176,0.0040931164849592715,0.008364937858035167,,0.03482704578588406,0.013969168536063722,-0.006614054901867506,,,-0.42857142857142866,-0.09844697081219612,-0.020712239329425192,-5.70431074869879,-0.03359797543620412,-10.433753277420264,-0.03582138562683938,-7.739172885431171,-0.044863308055013915,-16.510303394791187,-0.47333261953891226,-0.6111333682155157,-0.7030005339999181,-0.7377569895903688,-0.4980096747200012,0.9196140722651875,0.008103902248634625,0.023854831366944097,125.66226546212647,0.9910468319559229,-0.008130460391374866,-10.463069735116248,1.2765169901943054e-25,1393.0,127.10983276367188
ev_break_high_20,events,True,5,validation,-1.0,-0.03544631367171962,-13.082402019695543,4.1511198155741325e-39,1209,-0.611917620644617,0.2506203473945409,-0.009914717180406011,-10.05627882976977,8.619496254292047e-24,,0.024865979328751564,0.012498579046223313,0.010672615450697349,0.0014853024162337582,,0.020175348967313766,0.0009039422729983926,0.007179168546024491,-0.008875874668238904,,,-0.7619047619047621,-2.2840755782277946,-0.011651453976479719,-2.9361057319890667,-0.0216760788660206,-5.9521721288204255,-0.0292850180219019,-9.877840985983587,-0.047924420517432065,-18.615114196441457,-0.49363142353903333,-0.6328347596076884,-0.7256369836534584,-0.7345987867039757,-0.5385359983256853,0.920656984581052,0.028810723486562113,0.008351845013627103,167.45988420181968,1.0,-0.009914717180406011,-10.05627882976977,8.619496254292047e-24,1208.0,167.1266632080078
ev_break_high_20,events,True,20,discovery,-1.0,-0.028814631648662287,-7.093713587442051,1.3056019870239329e-12,1424,-0.45473548956382825,0.29564606741573035,-0.013069839027655135,-5.491166604434928,3.9928747339065464e-08,,,0.08356444506595533,0.042535005671465224,0.01672469820966452,0.0880484303387885,,0.08911078322368364,0.03499650487941051,-0.0009913699748260738,,,-0.3214285714285715,0.1593847611977519,-0.012747934366665386,-2.4008487138572354,-0.02654719809262108,-5.855656629692733,-0.030256576431218374,-5.01225289586598,-0.03851145864841608,-10.575798419344332,-0.20699647792572634,-0.24240201688722918,-0.26600570952823116,-0.322915640403111,-0.162155234291882,0.9452053884965148,0.008189266387489624,0.03870776019600649,126.56671348314607,0.9909533750869868,-0.013069839027655135,-5.491166604434928,3.9928747339065464e-08,1380.0,125.1572494506836
ev_break_high_20,events,True,20,validation,-1.0,-0.03426665884432487,-9.947785991020691,2.5785593882936293e-23,1194,-0.6414627217133048,0.23953098827470687,-0.018411018062171526,-7.21947109547618,5.219015985617298e-13,,0.1142059862613678,0.08265201095491648,0.03030380543307675,0.005365777313399192,,0.11522743105888367,0.07354679796844721,0.02980544014066896,-0.013891444486034743,,,-0.5714285714285715,-0.8875853196946603,-0.009051824787387622,-2.0414353408534107,-0.018997666332438903,-4.274620100441092,-0.0287866731571297,-8.048053408417644,-0.046966969808754415,-13.908009632990236,-0.22873369669741347,-0.2648584997072524,-0.2889417017138117,-0.3283362701492719,-0.20898266193894424,0.9556826193079078,0.028860388038573877,0.006824017739146901,167.69011725293132,1.0,-0.018411018062171526,-7.21947109547618,5.219015985617298e-13,1193.0,167.28416442871094
ev_break_low_20,events,True,1,discovery,-1.0,-0.002524076058280337,-1.2717375520645744,0.20346638346493495,1193,-0.04270824410589761,0.537300922045264,-0.0006410386500168717,-2.246149991188532,0.024694402186122028,-0.07936492469161749,0.015238046136801131,0.0038213161579160777,0.00378213334005889,0.00034119788534859913,0.0018986873462947772,0.0126499831530964,0.002375749901316508,0.0007781114180766935,0.00017722944112767122,,,-0.2121212121212121,0.7342035463404252,-0.00793484863252305,-2.425599988482944,-0.0033417361251221835,-1.195515473092679,-0.0040537639953276946,-1.125131857479745,-0.001035862931839018,-0.4839167177144733,-0.11545691570097898,-0.5858477851308155,-0.8994416980840397,-0.7676367652496672,-0.39096261357654144,0.7593780140433857,0.0008320061333613331,0.010888604260327284,128.9823973176865,0.8193681318681318,-0.0006410386500168717,-2.246149991188532,0.024694402186122028,897.0,169.5718994140625
ev_break_low_20,events,True,1,validation,-1.0,-0.0017881913324803685,-0.9529280105890566,0.3406265468112115,1178,-0.03084448282606619,0.46519524617996605,-0.0023201731708814032,-6.631336252359043,3.326614445083614e-11,-0.0061363728406528635,0.01861759414896369,0.00017042962135747076,0.00010060422158550838,0.00019943785589355623,0.0010968982498621028,0.014115343563025818,0.0003660587826743722,0.001054780593285998,-0.0029649753419648097,,,0.11515151515151514,-0.15884264270391701,0.00041107910298756353,0.1356019951089014,0.0006653860464220573,0.25998387392728683,-0.003622939315573603,-1.5734295544278802,-0.0014405346654029728,-0.7575368158441473,-0.9634615866220261,-1.4704150489171068,-1.808384023780494,-1.8346854114874924,-1.2021204011828912,0.6904970196143729,0.0002558767208890793,0.013692989830132842,218.99405772495754,0.9711459192085737,-0.0023201731708814032,-6.631336252359043,3.326614445083614e-11,1068.0,241.04119873046875
ev_break_low_20,events,True,5,discovery,-1.0,-0.0008388243023661741,-0.35859772982982174,0.7198960453288671,1189,-0.014365863637195716,0.4751892346509672,-0.0008940470797315438,-1.2007184966846947,0.22986041665475088,-0.0854007937014103,0.0237306360155344,0.005916725016764498,0.007751617714265277,0.0023114604088912997,0.010861406459051343,0.03669182401305685,0.009264107953640632,0.0048006248879105306,-0.0007299395061072877,,,0.006060606060606061,-0.5330431402326782,-0.005794904847674903,-1.400957348953171,0.002052859067265602,0.65891945018045,-0.001746838926405851,-0.4701324752468652,0.000889846049066272,0.3622592349272394,-0.10890240841430913,-0.22455136255362654,-0.3016506653131714,-0.28701037048452144,-0.14908327182118303,0.9340597975394423,0.0008348051447435411,0.015007540119907454,128.65853658536585,0.818870523415978,-0.0008940470797315438,-1.2007184966846947,0.22986041665475088,893.0,167.54983520507812
ev_break_low_20,events,True,5,validation,-1.0,-0.001074921177008066,-0.42429992739291894,0.671347092174277,1174,-0.018756227499965892,0.4301533219761499,-0.007082944585312006,-6.28526922530045,3.272860080530758e-10,0.014756342706580957,0.014549344778060913,-0.003433991351630539,0.0021089287541274514,0.0007909222669888455,0.014434116371711226,0.02084907181560993,0.0023460276948753743,0.005131519736772004,-0.009639964790641635,,,-0.29696969696969694,0.7175032391484362,0.0018413546172898357,0.5021293723272949,-0.0012172893366751531,-0.35446757996986267,-0.0022452163740786153,-0.7538888572020045,-0.00019523162750969013,-0.0773472279294702,-0.46555636407393414,-0.5970871649101033,-0.6847743654675493,-0.7320958804653037,-0.4867960799494198,0.8958470690519481,0.00025674853254457875,0.008109238735442581,218.31431005110733,0.9710504549214226,-0.007082944585312006,-6.28526922530045,3.272860080530758e-10,1064.0,240.09962463378906
ev_break_low_20,events,True,20,discovery,-1.0,-0.0007154073498631444,-0.198519329172176,0.8426387631976119,1170,-0.011733056416601936,0.4358974358974359,-0.0046457721205231915,-2.39222874484548,0.01674640169161947,-0.06390350544825196,0.04844152077566832,-0.000618117842823267,0.01646965227451231,0.014203790475468575,0.03202042707662292,0.08731306088156998,0.015014405399560928,0.01731452627938046,0.002973328610297135,,,0.2121212121212121,0.12930542940426135,-0.004044476636938574,-0.6411622521706,-0.0007512069859887243,-0.17195090180630676,0.006151832517975763,0.8321159533470961,0.0019069557832769805,0.5218608400519903,-0.09862431560740217,-0.1286350768530954,-0.14864225101689085,-0.16855995194495973,-0.09365900277325238,0.9717932611805414,0.0008454713092845575,0.02820950515887159,128.1695059625213,0.8169798190675017,-0.0046457721205231915,-2.39222874484548,0.01674640169161947,878.0,166.07745361328125
ev_break_low_20,events,True,20,validation,-1.0,0.0007315534103425257,0.2285158761312767,0.819245215239131,1158,0.013234381040178314,0.42573402417962003,-0.011379931186173553,-4.399333390004491,1.0858390430100024e-05,0.021619982784613967,0.09313150811940432,0.010593883227556944,0.012593312048599781,0.0028321259772486726,0.04498250126981965,0.13660360276699066,0.030280970894780598,0.018158532011404854,-0.015099560952446838,,,-0.17575757575757575,-1.1069886126766204,0.0030861873737771045,0.7490353349130779,-0.0012970354169968806,-0.33039512229223134,0.001591303138424821,0.42887922652886334,0.0024291913482540695,0.7262550176616954,-0.20117232376479527,-0.23616308946735498,-0.2594902666023948,-0.3037186265050061,-0.17876913509004738,0.9536357799977244,0.0002531636329486282,0.010761270324740361,214.73684210526315,0.9706867671691792,-0.011379931186173553,-4.399333390004491,1.0858390430100024e-05,1048.0,236.33206176757812
ev_ma_golden_5_20,events,True,1,discovery,-1.0,-0.008779568630586947,-8.343710738043042,7.199496796565221e-17,1438,-0.21471241896588109,0.4089012517385257,-0.0009411439029566368,-4.213588236889931,2.5134532920692785e-05,,,,-0.0010082213921123184,0.0009320257349267754,0.0025961394939157697,,,-0.0009034491231432185,0.0004188039864189463,,,0.19999999999999998,-0.17119051984576775,-0.004777706183044923,-2.455585307046363,-0.00959410606714128,-5.944316146073321,-0.009588223033058806,-4.677906359466898,-0.009180891576381139,-7.250959520471204,-0.1207738209601355,-0.8679468978832124,-1.3660622824985975,-1.0344323980559573,-0.7168068038756734,1.0,0.0026710575580457126,0.007573334484984367,69.08617095205004,0.9883241758241759,-0.0009411439029566368,-4.213588236889931,2.5134532920692785e-05,1344.0,73.47767639160156
ev_ma_golden_5_20,events,True,1,validation,-1.0,-0.00541046366139379,-5.473936399815887,4.401470880472418e-08,1210,-0.14844079611050048,0.45206611570247934,-0.0007807076552644715,-3.231205979083266,0.0012326907292807892,,,,-0.008203308330848813,0.0002513023034800836,0.01711212315907081,,,-0.011706715449690819,-0.0005210076571867548,,,-0.09999999999999999,0.5433052649149914,-0.0031970550450258054,-1.4949355585237207,-0.005959354387935504,-3.39887119055186,-0.003951668402002776,-2.984708888862494,-0.006693687487786081,-5.869981776146988,-0.17784412959504386,-0.9319743851597596,-1.4347278888695698,-1.0317871925257638,-0.8193267928425771,1.0,0.007017509550652813,0.0029157938306750963,110.60661157024794,0.9975267930750206,-0.0007807076552644715,-3.231205979083266,0.0012326907292807892,1196.0,111.82023620605469
ev_ma_golden_5_20,events,True,5,discovery,-1.0,-0.009479600067899765,-5.945818916712286,2.750781149949771e-09,1435,-0.23044012924621457,0.39581881533101043,-0.004099078047923172,-5.8659369817118385,4.466034072777418e-09,,,,-0.028169183002319187,0.0043643710986172165,0.029780896216192666,,,-0.029037863481789827,-0.0011057009934810535,,,-0.09999999999999999,-1.148285957018095,-0.004962555955497266,-1.9178185126431808,-0.008789747016663966,-4.159752873951859,-0.007271030127355093,-2.685044956781283,-0.011825846781998202,-7.21303550995929,-0.2506998974620834,-0.398597978753692,-0.49719669961476437,-0.49003427339297884,-0.3261677164454587,0.9897498941587655,0.0026610814116064473,0.0181361937531163,69.11637630662021,0.9882920110192838,-0.004099078047923172,-5.8659369817118385,4.466034072777418e-09,1339.0,72.8872299194336
ev_ma_golden_5_20,events,True,5,validation,-1.0,-0.003986265018226715,-2.7636718767209056,0.0057154982041136854,1206,-0.11384951084313616,0.4461028192371476,-0.0028476494901794633,-4.4128018316571405,1.0204138970687011e-05,,,,-0.03542074002325535,0.0013846938367557936,0.013575502283250293,,,-0.031436351127922535,-0.0015868254827666134,,,0.19999999999999998,-0.6423237532905886,-0.0009032367954967375,-0.35474474291250463,-0.0017716657666948764,-0.8472427599596256,-0.0006658393048167038,-0.410980021764012,-0.006668762995121445,-4.288910349448674,-0.1432215755127179,-0.292718783348604,-0.3923835885725281,-0.3456204516753306,-0.23302087794296514,0.9911976946922479,0.006981344915873172,0.004861669719646257,110.85323383084577,0.9975186104218362,-0.0028476494901794633,-4.4128018316571405,1.0204138970687011e-05,1192.0,111.90520477294922
ev_ma_golden_5_20,events,True,20,discovery,-1.0,-0.005915375892733726,-2.8997881007545985,0.0037341500502654497,1419,-0.14165515094296308,0.427061310782241,-0.006721960884940136,-3.464681756053533,0.0005308592789652865,,,,0.019911517651053146,0.0186821685934725,-0.026434819386243664,,,0.02696631001890637,0.009359651804481872,,,-0.19999999999999998,-0.9841094869390022,-0.0009285098832617954,-0.3096282524092003,-0.005426301542017997,-2.3602707935716847,-0.008450125795335536,-2.6149213139696217,-0.0066535453160395,-3.3404526306171562,-0.11132711430987544,-0.14766897491829287,-0.17189688199057124,-0.2032755659624334,-0.0990052597821027,0.9729349000353209,0.002689191426517783,0.036194779484329455,68.85422535211268,0.988169798190675,-0.006721960884940136,-3.464681756053533,0.0005308592789652865,1324.0,71.5007553100586
ev_ma_golden_5_20,events,True,20,validation,-1.0,-0.004849193712450871,-3.1109984927883483,0.0018645589101010031,1191,-0.14268961468648508,0.42401343408900083,-0.005682906330020034,-4.260741462566236,2.0374982011121358e-05,,,,-0.020407790318131447,0.0054787612718001305,0.062052677075068154,,,0.005176292732357979,-0.0005819805423990591,,,0.09999999999999999,0.040999186579609284,0.0022155076521032085,0.8786270720029747,-0.0014073384196489436,-0.8290435785842811,-0.003675743987096119,-2.250722590182323,-0.007917176609553971,-4.285882001788105,-0.07369760622915286,-0.11028056531485578,-0.13466920470532437,-0.14072938949429326,-0.08116971246249682,0.9702409417262906,0.006994499663758232,0.006255785214533289,110.86649874055415,0.9974874371859297,-0.005682906330020034,-4.260741462566236,2.0374982011121358e-05,1177.0,111.75360870361328
ev_limit_up,events,True,1,discovery,-1.0,-0.024411906471049315,-15.4972752625239,3.6191813446275225e-54,1456,-0.4262770261262871,0.3001373626373626,-0.00500129123055583,-9.875392677583013,5.322408604622409e-23,-0.012965096160769463,,-0.016324084252119064,-0.04433416845631655,0.0009803260636708326,0.04475575312972069,,-0.001290641725063324,-0.04994084220379591,-0.003374356022931909,,,0.11904761904761905,0.8958113411396181,-0.02700299175706212,-7.403916298516085,-0.02852349922066829,-13.480074770551704,-0.027520203810033103,-8.471637383426092,-0.024224961139634647,-14.06546232620347,-1.0690296190498167,-1.753314687476098,-2.209504733093619,-1.9702843662087244,-1.5528097670016057,0.9051389793998429,0.114811185554852,0.016503175631901734,32.081043956043956,1.0,-0.00500129123055583,-9.875392677583013,5.322408604622409e-23,1383.0,33.28705596923828
ev_limit_up,events,True,1,validation,-1.0,-0.03969987234853866,-26.16959066551603,5.898906101708681e-151,1213,-0.8737716280877185,0.18136850783182193,-0.009788670149066763,-17.121240071909437,1.0305641076461749e-65,,,,,0.0003752086535058019,,,,,-0.009548640073281999,,,,0.9834800501699651,-0.01410170893102665,-4.315260914875121,-0.0271030736501392,-12.48656957054671,-0.034402402757887744,-16.809493001798185,-0.047994269707648,-28.386476281480164,-2.5081834341711944,-3.1586212464221894,-3.5922464545895196,-3.441792842847483,-2.908463012988722,0.8603674765224802,0.09865453233443329,0.018651303676281795,45.44023083264633,1.0,-0.009788670149066763,-17.121240071909437,1.0305641076461749e-65,1213.0,45.37180709838867
ev_limit_up,events,True,5,discovery,-1.0,-0.03273412711668595,-17.231590994288826,1.5386053287733064e-66,1451,-0.6286711142453443,0.22260509993108202,-0.013572246315791653,-13.163244319337132,1.4281901744114644e-39,-0.05320839708050092,,0.02747555822134018,0.029821553267538548,0.004337794010237443,0.001913286978378892,,0.08187073469161987,0.04593070596456528,-0.008774265166854926,,,0.261904761904762,0.485868707325771,-0.024865774288207253,-6.095093371554111,-0.029138971094334214,-11.673986314495593,-0.03382357376309612,-8.807727427922945,-0.03893458633438071,-18.144903312985868,-0.60243298239691,-0.7491330317637429,-0.8469330646749647,-0.8326046768501814,-0.6519679220512002,0.970238421738312,0.11499218842509837,0.02658164143830425,32.138429752066116,1.0,-0.013572246315791653,-13.163244319337132,1.4281901744114644e-39,1380.0,32.79999923706055
ev_limit_up,events,True,5,validation,-1.0,-0.047330141837992085,-23.921688695753346,1.8217724209962434e-126,1209,-1.1096067309197915,0.12903225806451613,-0.020730040737347993,-14.424612662196216,3.62298099136635e-47,,,,,0.0015343910154453815,,,,,-0.019463253940750908,,,,-0.019701729632540403,-0.015445431515302565,-4.510534096504388,-0.027320516852778382,-11.256449941525643,-0.03748976764893551,-17.386626302289397,-0.060511995460839525,-25.254952123963598,-1.0126830741707251,-1.1565146975288958,-1.2524024464343424,-1.3006180481345457,-1.0268060723807522,0.9512673502524497,0.09874142529758739,0.012437048373933392,45.4656741108354,1.0,-0.020730040737347993,-14.424612662196216,3.62298099136635e-47,1209.0,45.28866958618164
ev_limit_up,events,True,20,discovery,-1.0,-0.035894887625489647,-13.33899899874953,1.3729062750697606e-40,1436,-0.7243827279768899,0.18454038997214484,-0.02636751993444585,-10.127686169495307,4.1638574736717785e-24,-0.11396647493044536,,0.12767046689987183,-0.03692140243947506,0.018123316218835124,0.08043458312749863,,0.2276148498058319,-0.039623310789465904,-0.007550294574888621,,,0.14285714285714288,-0.18661204795788844,-0.02440346598490029,-5.016454008172996,-0.031498274279007844,-11.028788994711112,-0.04035210580980031,-8.934983580322442,-0.04461820931178332,-15.341390312323794,-0.31671327612946965,-0.3536869778477264,-0.37833611232656417,-0.4093684597126255,-0.29901527065408723,0.9781402570967386,0.11555908222617316,0.03800764994108602,32.364648573416844,1.0,-0.02636751993444585,-10.127686169495307,4.1638574736717785e-24,1370.0,32.05036544799805
ev_limit_up,events,True,20,validation,-1.0,-0.05095529887579721,-17.154350298893014,5.831860476802331e-66,1194,-1.269153154960634,0.09798994974874371,-0.03695670460270605,-12.00889286409713,3.1908823626830455e-33,,,,,0.005944587590788942,,,,,-0.031515068038172354,,,,-0.591134208366912,-0.01326104581713775,-3.207583409954617,-0.02791247757948535,-8.651267063352632,-0.041120347057688106,-13.609832052198309,-0.06533933356031123,-18.795934516850224,-0.46358697292076456,-0.5002753123783544,-0.5247342053500809,-0.5692078073826651,-0.43029254940987693,0.9705909909415285,0.09898747341751028,0.007906386224315868,45.60050251256281,1.0,-0.03695670460270605,-12.00889286409713,3.1908823626830455e-33,1194.0,45.44137191772461
ev_limit_down,events,True,1,discovery,-1.0,-0.01671373083031463,-8.167133144639385,3.158042959542968e-16,944,-0.28329064419289834,0.3559322033898305,-0.012559665635125318,-5.926290865683788,3.0985355645005876e-09,-0.010860019053022066,0.051998074352741244,0.03466004729853012,0.008825531229376793,0.0004022504412204812,0.0006465993493683138,0.046409897133708,0.025346927344799042,0.00585658079944551,-0.010056569040558273,,,-0.12727272727272726,-0.29488078644161936,-0.030828146510469945,-3.763171909283592,-0.0276375695697024,-6.0515022972884145,-0.028895940109745177,-5.871361147847193,-0.019861576200336562,-7.61196111741298,-2.5049109288523037,-2.910384439687176,-3.1807001135770903,-3.615386591239501,-2.178940447132992,0.826361848458293,0.0011893737074431209,0.09096744440098062,42.15026455026455,0.6490384615384616,-0.012559665635125318,-5.926290865683788,3.0985355645005876e-09,373.0,101.92493438720703
ev_limit_down,events,True,1,validation,-1.0,-0.015998717554646394,-11.709404707479631,1.1407773504424513e-31,1120,-0.43825406360345087,0.29732142857142857,-0.011689798202088156,-8.852626572802302,8.548330251123285e-19,0.04518357291817665,,,0.008203727814058462,-5.544061904105397e-06,0.0035257600086086006,,,-0.005260261086126168,-0.01504462432826732,,,-0.942857142857143,0.4556227184915853,-0.021520091690615736,-3.692438424235357,-0.015059713785915366,-4.629553896144486,-0.016058232619597393,-7.131251596078659,-0.018626345435221157,-11.754299024407544,-6.086319640512978,-6.626184722026757,-6.986094776369275,-7.918942154788381,-5.452973529903951,0.773403656316389,0.0015103954511037695,0.12363292667443082,19.62410714285714,0.9233305853256389,-0.011689798202088156,-8.852626572802302,8.548330251123285e-19,717.0,29.15760040283203
ev_limit_down,events,True,5,discovery,-1.0,-0.019706500906513484,-7.947083433033212,1.909538120834797e-15,937,-0.33926113906130545,0.3137673425827108,-0.022769139143145253,-4.792950503057788,1.6434618300232958e-06,0.03573918715119362,0.021023107692599297,-0.024998287484049798,0.056446977658197284,0.0033509724326914684,0.006127016237811544,0.0004825405776500702,-0.04913719212636351,0.04625586839392781,-0.02106212794086678,,,-0.32121212121212117,0.5294036166123023,-0.03488486834629882,-3.451225713343074,-0.027842415803624912,-5.390414944060319,-0.03603850914005687,-7.63221844555515,-0.02489618870978251,-8.52905684373893,-0.8282250445484751,-0.9242167934662058,-0.9882112927446933,-1.1250242478606922,-0.703073223503555,0.9796233000223872,0.0011944294936596699,0.033383186271673464,42.312433581296496,0.6480716253443526,-0.022769139143145253,-4.792950503057788,1.6434618300232958e-06,367.0,99.01362609863281
ev_limit_down,events,True,5,validation,-1.0,-0.01791487902321307,-13.17004111306572,1.3052657412681922e-39,1116,-0.5291171684434525,0.24372759856630824,-0.024849963833638883,-8.535077136842702,1.4006195169771473e-17,0.09120611846446991,,,-0.009613262489438057,0.0005140675945388224,0.011376110412226246,,,-0.013865000878771147,-0.032622760688662426,,,-0.7714285714285715,0.29835376798529295,-0.012046472500332502,-2.4077625132449865,-0.012205032821001107,-4.103954101671999,-0.018105507137293503,-8.859251873485409,-0.022132840497119628,-13.108403274564177,-1.577210566094787,-1.7126930375454106,-1.8030146851791595,-2.00805530578556,-1.447957250485556,0.9707187659050401,0.0015158090548711665,0.027304743301104814,19.669354838709676,0.9230769230769231,-0.024849963833638883,-8.535077136842702,1.4006195169771473e-17,713.0,29.197755813598633
ev_limit_down,events,True,20,discovery,-1.0,-0.015673263114099462,-7.143573958440739,9.093495805245558e-13,917,-0.3267037589541105,0.302071973827699,-0.03696934038730699,-3.4086190668688285,0.0006529258459800292,-0.009785179669658342,0.009325363487005234,-0.017019243212416768,0.0965565557458571,0.013632833469333689,0.024357840145925704,0.04352039247751236,0.003178299404680729,0.12689142301678658,-0.030514995856089078,,,0.1515151515151515,0.8940365801906529,-0.010555511954153779,-1.3788808724695227,-0.01703530340650894,-4.622883323512094,-0.024905503252230524,-4.193478651072609,-0.022573994819784386,-7.340397250708673,-0.3417160352253833,-0.3658947932516664,-0.38201396526918835,-0.46116136394833684,-0.2797036448369303,0.9883619299018255,0.0012085571543373648,0.051926865523821246,42.73978494623656,0.6471816283924844,-0.03696934038730699,-3.4086190668688285,0.0006529258459800292,359.0,101.57938385009766
ev_limit_down,events,True,20,validation,-1.0,-0.01912667459011242,-11.088324210963016,1.4294038099212796e-28,1100,-0.5850970907353933,0.22181818181818183,-0.04094750695669151,-6.97062309916797,3.1554028248731107e-12,0.12111067771911621,,,0.02587554386506478,0.003962143191064616,0.022946481829460123,,,0.04225803011407455,-0.05051036290589007,,,-0.6,-0.5317435015541143,-0.014395092457636666,-2.6806416400116695,-0.015290365474535429,-4.576890863420527,-0.01791080621419317,-6.674570343742486,-0.023711040333527344,-11.104153249283508,-0.6349986664042158,-0.6695203746385067,-0.6925348467947008,-0.7859870758107727,-0.5689611094480751,0.9904156306134257,0.0014456338816949189,0.014310460247743967,19.831062670299726,0.9221105527638191,-0.04094750695669151,-6.97062309916797,3.1554028248731107e-12,701.0,29.524965286254883
