signal,h,category,event,direction,stat_mean,stat_t,stat_p,ic_mean,ic_t,disc_stat_t,disc_ic_mean,q,rc_p,same_sign,sig,plateau,ann_gross,ann_net,ann_stress,ci_lo,ci_hi,turnover,blocked,delayed,n_hold,avoid_only,bt_ok,fm_t,fm_coef,fm_ok,base_factor,pre_grade
bias_5,1,trend,False,-1.0,-0.03330643810640495,-8.866150677811177,7.571799623061165e-19,-0.03330643810640495,-8.866150677811177,-11.360354869651195,-0.04351152306362489,5.252935988498683e-18,0.000999000999000999,True,True,1.0,-0.04099424773828464,-0.4086764462490502,-0.6537979119228938,-0.4851164290560254,-0.34638133694078665,0.48635211443222953,0.00061544687091776,0.0050218389269735385,355.0445177246496,False,False,-10.570032640940353,-0.02822947891887511,True,False,B
bias_5,5,trend,False,-1.0,-0.02502962689936136,-4.62056344826588,3.826992821181804e-06,-0.02502962689936136,-4.62056344826588,-10.644257335991037,-0.057733400159964386,6.485438216048553e-06,0.006993006993006993,True,True,1.0,-0.059929328897534204,-0.19046764476792338,-0.27749318868151607,-0.23502634109338144,-0.14229744224166857,0.8633486499364362,0.0006174830888529717,0.005210375390766609,354.8089330024814,False,False,-6.137101234832714,-0.024721816136381643,True,False,B
bias_5,20,trend,False,-1.0,-0.017868317363234694,-3.4903581565903417,0.0004823736034311056,-0.017868317363234694,-3.4903581565903417,-3.785911175702132,-0.02441916048816545,0.0005949274442316969,0.12087912087912088,True,True,1.0,-0.06381224709981673,-0.09678355784993098,-0.1187644316833405,-0.12521277437344291,-0.06782079985005067,0.8722568981511709,0.0006213221822629747,0.007175357635382569,353.90536013400333,False,False,-7.833959985716731,-0.027976849216407994,True,False,B
bias_10,1,trend,False,-1.0,-0.03732449165046944,-9.579778651007947,9.725313905957233e-22,-0.03732449165046944,-9.579778651007947,-13.519169165409084,-0.05502930614814402,7.444895472836227e-21,0.000999000999000999,True,True,1.0,-0.012049899971685232,-0.2622718626498523,-0.42908650443529706,-0.3257878812069763,-0.20139034215072685,0.3309814321139777,0.0006463033604371896,0.004692212696726951,354.0131904369332,False,False,-10.548847292216662,-0.02958312982322471,True,False,B
bias_10,5,trend,False,-1.0,-0.030530233043058776,-4.790136502852445,1.6666789262070626e-06,-0.030530233043058776,-4.790136502852445,-9.018024030414551,-0.060279949214285804,2.9134072568343927e-06,0.004995004995004995,True,True,1.0,-0.06055017824009682,-0.17353407446257818,-0.2488566719442324,-0.21777005908012423,-0.12558513915829495,0.747247990889427,0.0006484416676677511,0.004947796649229463,353.7750206782465,False,False,-6.010562867823263,-0.02754101722444508,True,False,B
bias_10,20,trend,False,-1.0,-0.029803507012051894,-3.9289434607777225,8.531989476091671e-05,-0.029803507012051894,-3.9289434607777225,-3.761027443674325,-0.03608881499913797,0.00011341926129894318,0.04295704295704296,True,True,1.0,-0.043916679371215475,-0.07712891485424844,-0.09927040517627045,-0.10909159372965553,-0.0450390853397458,0.8786305683342057,0.000650721985902918,0.0074941806927700865,352.8601340033501,False,False,-7.087457699547222,-0.03353071556023851,True,False,B
bias_20,1,trend,False,-1.0,-0.037785166009768674,-9.301443853508003,1.3855122403023498e-20,-0.037785166009768674,-9.301443853508003,-11.741804629643187,-0.05090276349149839,1.0252790578237389e-19,0.000999000999000999,True,True,1.0,-0.036143301771868044,-0.20976040513761476,-0.32550514071477926,-0.2769528025297098,-0.1513484575093599,0.22965225312929455,0.0007047515914538185,0.004245505377616478,354.00412201154165,False,False,-10.970045962256274,-0.0372832541569251,True,False,B
bias_20,5,trend,False,-1.0,-0.04126975644579886,-5.825955107630023,5.678688070018289e-09,-0.04126975644579886,-5.825955107630023,-7.96295790610152,-0.06137962512317249,1.3131966161917293e-08,0.002997002997002997,True,True,1.0,-0.04630520799262912,-0.12758098766794243,-0.181764840784818,-0.1853870189244302,-0.07013725845357469,0.5375382253658288,0.0007070832757927891,0.004610823968277491,353.76509511993385,False,False,-7.2927836197695655,-0.040152029044426045,True,False,B
bias_20,20,trend,False,-1.0,-0.0479835675041598,-4.516723983464327,6.280368185090829e-06,-0.0479835675041598,-4.516723983464327,-4.09100035757577,-0.05622344565443126,1.0327716571038252e-05,0.00999000999000999,True,True,1.0,-0.019186538007097485,-0.0526729747235534,-0.07499726586785735,-0.09655736580534124,-0.013299923325192331,0.8858845692184103,0.000714004824251573,0.0073530674715864925,352.8500837520938,False,False,-7.088250031199255,-0.04798652808798822,True,False,B
bias_60,1,trend,False,-1.0,-0.038333451564120276,-8.324316428477438,8.481675917471054e-17,-0.038333451564120276,-8.324316428477438,-9.76177515467193,-0.046824492622053494,4.3789117527408695e-16,0.000999000999000999,True,True,1.0,0.061662360253820936,-0.0405478915197277,-0.10868805936876014,-0.12767335500165577,0.03272075364666334,0.1351987457322072,0.000849054800384883,0.0038449097666981564,353.6199505358615,False,False,-2.3176524949760555,-0.009365640138921418,True,False,B
bias_60,5,trend,False,-1.0,-0.055786622486938955,-6.568646407686725,5.077469415764991e-11,-0.055786622486938955,-6.568646407686725,-7.732062861732133,-0.07040544951193446,1.4268331775947189e-10,0.000999000999000999,True,True,1.0,0.043657873453860296,-0.003467728050243115,-0.03488479571964541,-0.0773626674975559,0.07110076145054625,0.3116772586250226,0.0008499313683562579,0.004545815172508926,353.3771712158809,False,False,-1.983586975896603,-0.014849939202557637,False,False,B
bias_60,20,trend,False,-1.0,-0.0675513521027626,-4.291975462182031,1.7709052249874857e-05,-0.0675513521027626,-4.291975462182031,-4.5435922096871515,-0.08051551798356008,2.6209397329814784e-05,0.01898101898101898,True,True,1.0,0.022648574797129176,-0.0013550358516172855,-0.017357442950781597,-0.0647866371529144,0.05868716314313668,0.6350161547287425,0.0008586520735498898,0.007230300643485994,352.4530988274707,False,False,-0.8956206879370366,-0.01105740183028585,False,False,B
bias_120,1,trend,False,-1.0,-0.03349819888474238,-7.210414229723339,5.578192391933676e-13,-0.03349819888474238,-7.210414229723339,-8.932689963784911,-0.041309158534354386,1.9051672477065784e-12,0.000999000999000999,True,True,1.0,0.08360399208391614,0.0091433328532615,-0.04049710663384158,-0.08230524876236876,0.0935364898828624,0.0984929354902839,0.001039721285548101,0.0036466584106337554,351.59356966199505,False,False,-1.183269797832213,-0.004262430823101197,False,False,B
bias_120,5,trend,False,-1.0,-0.051780393298324796,-5.889780132694289,3.867097668417437e-09,-0.051780393298324796,-5.889780132694289,-7.329291912492652,-0.06651825228284959,9.331474808572513e-09,0.002997002997002997,True,True,1.0,0.06961725297501345,0.03556384583283338,0.012861574404713328,-0.043403638663724445,0.11819077719748454,0.22522094670754014,0.001041228677291728,0.004794888556384111,351.3440860215054,False,False,-1.1712583274955488,-0.0082067458380832,False,False,B
bias_120,20,trend,False,-1.0,-0.06581261689551937,-3.9660505003823987,7.307338642497117e-05,-0.06581261689551937,-3.9660505003823987,-4.395333965633418,-0.08107361734237796,9.831691991723395e-05,0.04195804195804196,True,True,1.0,0.04036355505855343,0.02304570534081119,0.011500472195649706,-0.04375781525841026,0.08602982774940492,0.45814417242704325,0.001052352615009675,0.007639345952030427,350.39447236180905,False,False,-0.4844769490384576,-0.0057858392546595114,False,False,B
bias_250,1,trend,False,-1.0,-0.025528891226596347,-5.507540044243984,3.6388265468984113e-08,-0.025528891226596347,-5.507540044243984,-6.836862741619588,-0.03015716447138262,7.148845074437588e-08,0.003996003996003996,True,True,1.0,0.06761164755723595,0.015398330402755366,-0.019410547700231675,-0.07498633289077258,0.10237223798878352,0.0690652343313235,0.0013248187196897826,0.0035432093789814823,343.66199505358617,False,False,-1.4793813093712256,-0.005652203697592228,False,False,B
bias_250,5,trend,False,-1.0,-0.039676202650382617,-4.403748152862447,1.0639645212033021e-05,-0.039676202650382617,-4.403748152862447,-5.301923409232451,-0.046574794216658444,1.6871437407652363e-05,0.012987012987012988,True,True,1.0,0.0598060320103239,0.0359206951828316,0.01999713729783672,-0.04187566133960844,0.1193486087174691,0.1579718044146316,0.0013272693618358636,0.004883914933839583,343.38626964433416,False,False,-1.2297213128143183,-0.009180518870429227,False,False,B
bias_250,20,trend,False,-1.0,-0.050738465878059476,-2.870466365985057,0.00409866797850507,-0.050738465878059476,-2.870466365985057,-2.906254539432182,-0.05399978401867035,0.004666175852451926,0.37362637362637363,True,False,1.0,0.019630884927499752,0.007553418884426112,-0.0004982251442896313,-0.06287878108486009,0.07744189230856614,0.3195096836791965,0.001343943600049882,0.007180584995138461,342.33668341708545,False,False,,,False,False,C
ma_align,1,trend,False,-1.0,-0.020259406705617416,-6.249171504068587,4.1263562196964366e-10,-0.020259406705617416,-6.249171504068587,-6.690074173944565,-0.020567687300436965,1.0777071538501282e-09,0.000999000999000999,True,True,,-0.08853866082248525,-0.21707543411595864,-0.3027666163116075,-0.2835791362337226,-0.159794004091169,0.17002218689612877,0.0008365651750487951,0.0028017216594505867,807.0643033800494,False,False,-1.8323156005829966,-0.003929838218354939,False,False,B
ma_align,5,trend,False,-1.0,-0.026040914969575495,-4.514158619298658,6.356862765379593e-06,-0.026040914969575495,-4.514158619298658,-3.381005756946036,-0.01955369527390269,1.037664363172257e-05,0.00999000999000999,True,True,,-0.10664113145123053,-0.1827185774476224,-0.2334368747785503,-0.23085156705364768,-0.13862166472636178,0.5031577116163483,0.0008376346237328122,0.003903070298628997,804.8238213399504,False,False,-0.03662730341944523,-0.00012815734499237158,False,False,B
ma_align,20,trend,False,-1.0,-0.038575722683213166,-3.6317501937621848,0.00028150555440881815,-0.038575722683213166,-3.6317501937621848,-2.488027568799533,-0.024971772746784436,0.00035508086976566836,0.08491508491508491,True,True,,-0.03674006207619636,-0.06433642067644021,-0.08273399307660279,-0.10791461076445348,-0.01823495998273144,0.7300623968318479,0.0008456287073409045,0.006893699135034816,807.8266331658291,False,False,0.22421496615936565,0.0012186782671065584,False,False,B
macross_5_20,1,trend,False,-1.0,-0.028246011073376792,-7.368731901744592,1.7225867978331342e-13,-0.028246011073376792,-7.368731901744592,-9.571754369375899,-0.03982824644033502,6.593349467568203e-13,0.000999000999000999,True,True,1.0,-0.040478628446131926,-0.13842882131045592,-0.2037289498866719,-0.20399672201702443,-0.07886318569620537,0.12956374717503172,0.0011778307120067736,0.003437574548602276,353.6710634789777,False,False,-6.995409377584921,-0.02121993378304612,True,False,B
macross_5_20,5,trend,False,-1.0,-0.03577425629423867,-5.107350286081004,3.2670776647970614e-07,-0.03577425629423867,-5.107350286081004,-5.669048894568329,-0.04449582030327934,5.849122916007642e-07,0.003996003996003996,True,True,1.0,-0.046499823255356246,-0.124863391533934,-0.17710577038631908,-0.1818004872729983,-0.06727891048347978,0.5182775679800115,0.0011817275878115933,0.0043676591549928374,353.4317617866005,False,False,-5.107147749751369,-0.024591006178102916,True,False,B
macross_5_20,20,trend,False,-1.0,-0.04791618398070617,-4.297256099496147,1.7292536650627778e-05,-0.04791618398070617,-4.297256099496147,-3.6443626199492085,-0.051492993113675126,2.6209397329814784e-05,0.017982017982017984,True,True,1.0,-0.010499932003055696,-0.04414573157076711,-0.06657626461590806,-0.08916285432323935,-0.00432319819590392,0.8901005176643231,0.0011946120045118196,0.007318598541183088,352.5150753768844,False,False,-5.243445663048341,-0.03180293654231611,True,False,B
macross_10_60,1,trend,False,-1.0,-0.026094072114992758,-6.003118387244536,1.935633742490581e-09,-0.026094072114992758,-6.003118387244536,-6.158411642557615,-0.027495516592272985,4.828210009358527e-09,0.001998001998001998,True,True,1.0,0.07767774725693787,0.037098462072796844,0.01004560528336948,-0.04256186991411256,0.10598775954188237,0.05367630315362572,0.0016129745755141935,0.0029656916168830853,352.21599340478156,False,False,2.5235037439549464,0.008208900861249558,False,False,B
macross_10_60,5,trend,False,-1.0,-0.04689038557319565,-5.685051522732665,1.3077322811275615e-08,-0.04689038557319565,-5.685051522732665,-5.609915669269181,-0.04958329891570547,2.903165664103187e-08,0.002997002997002997,True,True,1.0,0.05721726761880576,0.021478701949787418,-0.002347008496224804,-0.054004296037016196,0.0959232493445512,0.2363661750596451,0.0016163740610600603,0.004299929699066308,351.9718775847808,False,False,0.7614762200467884,0.0047429224403161,False,False,B
macross_10_60,20,trend,False,-1.0,-0.060702570690278616,-3.754215184677509,0.00017388543712952854,-0.060702570690278616,-3.754215184677509,-3.943952016914785,-0.0684021474164864,0.0002231362256806667,0.06893106893106893,True,True,1.0,0.029067187367537144,0.004681081296526238,-0.011576322750814364,-0.05799948243201998,0.06697812636196251,0.6451350812436748,0.0016347188605900411,0.006901750405212955,351.03433835845897,False,False,1.069587142402543,0.012025625929412023,False,False,B
macross_20_120,1,trend,False,-1.0,-0.017188476590341402,-3.9588597507299195,7.530844115900137e-05,-0.017188476590341402,-3.9588597507299195,-4.296482039163259,-0.018166257307412097,0.00010071369841745966,0.04295704295704296,True,True,1.0,0.07533850164128761,0.05302322005578377,0.03814636566544789,-0.03161553924226095,0.1340789229516262,0.02951756823479343,0.0020826360664153065,0.0031338190145081143,350.4558944765045,False,False,2.7243304343753723,0.008336526059447322,False,False,B
macross_20_120,5,trend,False,-1.0,-0.03401891876558079,-4.034041610843469,5.4825602758649875e-05,-0.03401891876558079,-4.034041610843469,-4.409054038451673,-0.0375592634675505,7.654895479509604e-05,0.03696303696303696,True,True,1.0,0.05926534425651797,0.03949890492120726,0.026321278697666754,-0.03529508608040492,0.12028062366624863,0.1307304188843302,0.0020875939619831425,0.004750722045551853,350.20512820512823,False,False,1.2466594884045927,0.007503278421718864,False,False,B
macross_20_120,20,trend,False,-1.0,-0.04791495204457841,-2.93835685871218,0.003299569851819652,-0.04791495204457841,-2.93835685871218,-3.151140540541122,-0.053973594987942776,0.003775796428370942,0.32867132867132864,True,False,1.0,0.02699461969930634,0.011007386852685642,0.0003492316216051962,-0.053349084155176765,0.07390981169527758,0.42294266790001833,0.0021118631922223386,0.0073184840193164956,349.24539363484087,False,False,,,False,False,C
ret_1,1,momentum,False,-1.0,-0.02539215229741297,-7.304963276112046,2.773424805998319e-13,-0.02539215229741297,-7.304963276112046,-4.630099686942367,-0.01657210405258181,1.0261671782193781e-12,0.000999000999000999,True,True,1.0,-0.16707196530387516,-0.7922893968723259,-1.20910101791796,-0.8748243289851068,-0.7236541874598004,0.827007184614353,0.0007742750281828892,0.005631632374074411,355.6603462489695,False,False,-10.120059863557008,-0.026448111515731107,True,True,B
ret_1,5,momentum,False,-1.0,-0.015274692042660697,-4.537696089493132,5.687214004531535e-06,-0.015274692042660697,-4.537696089493132,-6.653627489192956,-0.024322588174747025,9.422100813477618e-06,0.008991008991008992,True,True,1.0,-0.1087711635101473,-0.23811658553715778,-0.3243468668884981,-0.2753949940108419,-0.19958590948124608,0.8554591403902809,0.0007768367321636432,0.005633881944366496,355.424317617866,False,False,-8.935424200394241,-0.019362710536489962,True,True,B
ret_1,20,momentum,False,-1.0,-0.006976972284605508,-2.500331748705367,0.012407705491229716,-0.006976972284605508,-2.500331748705367,-1.070230123302165,-0.0037571773640493163,0.013911669793196956,0.6233766233766234,True,False,1.0,-0.09062074380789548,-0.12341911262950685,-0.1452846918439144,-0.1520712662064094,-0.09377133597785789,0.8676817148574433,0.0007768072820872294,0.007061145389475977,354.52596314907873,False,False,,,False,True,C
ret_5,1,momentum,False,-1.0,-0.03612668608935611,-9.610632240575699,7.210486660292963e-22,-0.03612668608935611,-9.610632240575699,-15.261138371647663,-0.05847509658551544,5.928622365129769e-21,0.000999000999000999,True,True,1.0,-0.04972743708033458,-0.3681964065493048,-0.5805090528619515,-0.43225877766908866,-0.3000315606007059,0.4212552506203309,0.0007093631816369167,0.0046223798505301604,355.1434460016488,False,False,-11.07083259659294,-0.027122952819071924,True,False,B
ret_5,5,momentum,False,-1.0,-0.02843973734208802,-4.751947717842083,2.014664726250643e-06,-0.02843973734208802,-4.751947717842083,-9.920733930953386,-0.060056644455832336,3.494184134590959e-06,0.004995004995004995,True,True,1.0,-0.07625421358456057,-0.20804356179284364,-0.2959031272650324,-0.2528671496354721,-0.16053124372581085,0.8716226733352055,0.000711710123511646,0.004885391163122837,354.90736145574857,False,False,-5.5988300841703715,-0.022111500423474015,True,False,B
ret_5,20,momentum,False,-1.0,-0.025896736580902236,-4.041367670009006,5.31403652526782e-05,-0.025896736580902236,-4.041367670009006,-4.273972617901562,-0.03397938131459904,7.466557649426937e-05,0.03696303696303696,True,True,1.0,-0.05414975659728568,-0.08725413937998097,-0.10932372790177784,-0.11717993483234554,-0.05825208698734687,0.875777322293526,0.0007147761490788791,0.007491040668704577,354.0041876046901,False,False,-7.22023447822325,-0.026394315156645837,True,False,B
ret_20,1,momentum,False,-1.0,-0.034074209937018304,-8.494437732434887,1.9889338594954316e-17,-0.034074209937018304,-8.494437732434887,-9.94334205290502,-0.041758257668828354,1.1619560968631207e-16,0.000999000999000999,True,True,1.0,-0.01623397733186817,-0.19011724057211787,-0.30603941606561774,-0.2616836431909115,-0.12801637566630503,0.23000431645535677,0.0009328092587382363,0.0037804992252581516,354.2052761747733,False,False,-6.645004670951774,-0.02219287121572563,True,True,B
ret_20,5,momentum,False,-1.0,-0.04747773511191239,-6.429906253248679,1.2768266735030152e-10,-0.04747773511191239,-6.429906253248679,-7.647481292154853,-0.05973828996601278,3.49945088293419e-10,0.000999000999000999,True,True,1.0,-0.01644191054492875,-0.09297513684877003,-0.14399728771799755,-0.15651421946992014,-0.025184975896620564,0.5061721316391619,0.0009339629299630549,0.004662180261654091,353.96443341604635,False,False,-5.046258046105422,-0.030991543144128688,True,True,B
ret_20,20,momentum,False,-1.0,-0.06164051368111193,-4.961117790350629,7.008867136604311e-07,-0.06164051368111193,-4.961117790350629,-4.390530661251821,-0.06747810757283962,1.2348956383540929e-06,0.003996003996003996,True,True,1.0,0.008167855943450483,-0.025720917256480385,-0.048313432723100964,-0.07653853954864584,0.01693932676183323,0.8965283915325625,0.0009437347253335256,0.007404471226340749,353.0536013400335,False,False,-3.149498843104402,-0.030965416054474126,True,True,B
ret_60,1,momentum,False,-1.0,-0.029464920340442756,-6.578813312170822,4.742177304641713e-11,-0.029464920340442756,-6.578813312170822,-7.773805826460479,-0.033763228197650666,1.349696617474949e-10,0.000999000999000999,True,True,1.0,0.07441833015576385,-0.03687153420699649,-0.11106477711550332,-0.12633828985816745,0.04347732101629158,0.1472088152946565,0.0011108134827528208,0.0035313838666346407,352.66941467436106,False,False,-0.5330006804905949,-0.0015938590161219829,False,False,B
ret_60,5,momentum,False,-1.0,-0.04682463775666695,-5.555302758086062,2.771309927516008e-08,-0.04682463775666695,-5.555302758086062,-6.629091276587244,-0.05655876587601993,5.593007308259579e-08,0.002997002997002997,True,True,1.0,0.046471660830201454,-0.002927167277109419,-0.03585971934865002,-0.07990511811960607,0.07305091982818072,0.3267118261065534,0.0011086909917342677,0.004729169093895121,352.4234904880066,False,False,-0.8545407376452973,-0.00488859016523829,False,False,B
ret_60,20,momentum,False,-1.0,-0.05810390577032044,-3.7186968504465985,0.00020025320419821753,-0.05810390577032044,-3.7186968504465985,-4.39762941528404,-0.0751073233043781,0.00025549546742531206,0.07292707292707293,True,True,1.0,0.01064051932158444,-0.012102405616680358,-0.027264355575523556,-0.06863950454629617,0.049952140413321446,0.6016646809064763,0.0011226192705248992,0.007602002075249314,351.4899497487437,False,False,-0.1595767804172311,-0.001581349190628597,False,False,B
ret_120,1,momentum,False,-1.0,-0.022936856998713236,-5.424609269090907,5.808145100974656e-08,-0.022936856998713236,-5.424609269090907,-7.020093576863291,-0.028191560042553368,1.0835363129549359e-07,0.003996003996003996,True,True,1.0,0.07247132795412571,-0.010918529643541805,-0.06651176804198684,-0.09457564356499992,0.07132556391851594,0.11030404444135916,0.0013949536814017302,0.00355365044212388,350.94146743610884,False,False,-0.20070592282567556,-0.0005313673323100706,False,False,B
ret_120,5,momentum,False,-1.0,-0.0376102023751639,-4.4973605174590885,6.880226856451155e-06,-0.0376102023751639,-4.4973605174590885,-5.686630303256519,-0.046466475530860786,1.1148980745490193e-05,0.00999000999000999,True,True,1.0,0.06452698940884193,0.027035240271482935,0.0020407408465769428,-0.04665276210553825,0.10621200596470563,0.2479613038185118,0.0013956947683921351,0.004896192229834344,350.6923076923077,False,False,-0.5713578748185774,-0.0029983310113510723,False,False,B
ret_120,20,momentum,False,-1.0,-0.05075725139314902,-3.0258812104788406,0.0024790967823986937,-0.05075725139314902,-3.0258812104788406,-3.2468479418874634,-0.05338381778419615,0.002881463275877016,0.2987012987012987,True,True,1.0,0.0330202443067084,0.0154028956239478,0.003657996502107408,-0.0531320387451672,0.08029337629346012,0.46606742546985697,0.001411267214999152,0.007496821790601328,349.74455611390283,False,False,0.057695211271101846,0.0005854755407541571,False,False,B
ret_250,1,momentum,False,-1.0,-0.014329204810143607,-3.2727434402725804,0.0010650910819693187,-0.014329204810143607,-3.2727434402725804,-4.835361139894202,-0.01932684651588106,0.001292077705995567,0.18281718281718282,True,True,1.0,0.01581908596901739,-0.04284090850177814,-0.08194757148230847,-0.13288556979494381,0.04579494557186761,0.07759258527883005,0.0017647789503307206,0.0036246093289092835,340.53338829348723,False,False,-9.250320655362184,-0.04772162986434091,True,False,B
ret_250,5,momentum,False,-1.0,-0.02076833301183243,-2.386757129916791,0.01699771624596479,-0.02076833301183243,-2.386757129916791,-3.491558012875749,-0.02837411755911191,0.018867465033020916,0.7012987012987013,True,False,1.0,0.011625472487176191,-0.015410226993743734,-0.03343402664769035,-0.09393566335055197,0.06474370657896647,0.17880753624947038,0.0017706177557908719,0.005103049437554724,340.26220016542595,False,False,,,False,False,C
ret_250,20,momentum,False,-1.0,-0.02621362022808573,-1.5427120048615826,0.12290066783045285,-0.02621362022808573,-1.5427120048615826,-1.9983486175837613,-0.03514367419924062,0.13244635076874045,0.996003996003996,True,False,1.0,-0.014265208353790696,-0.027285558320371845,-0.03596579163142593,-0.0950131291051919,0.04205792936805554,0.34445370281960697,0.0017908817425080056,0.007581981784863775,339.23701842546063,False,False,,,False,False,C
mom_12_1,1,momentum,False,-1.0,-0.0010666387895141719,-0.2554315195262665,0.7983898289354943,-0.0010666387895141719,-0.2554315195262665,-0.7182120923545751,-0.0027365999943627923,0.8130391835948612,1.0,True,False,,-0.04642405895216145,-0.10946365185935039,-0.1514900471308097,-0.19016348850018833,-0.028908514142948344,0.08338570490368909,0.003067600851577552,0.003630684017835635,339.03050288540805,False,False,,,False,True,C
mom_12_1,5,momentum,False,-1.0,-0.0007761214982481932,-0.09227162845424058,0.9264822293976653,-0.0007761214982481932,-0.09227162845424058,-0.3575808934163796,-0.002790872457530181,0.9306744566800077,1.0,True,False,,-0.04285491910058571,-0.07125104836723349,-0.09018180121166534,-0.14443782178826411,0.0012753228374441266,0.18780508774237953,0.0030777500686216468,0.005136071115992563,338.7551695616212,False,False,,,False,True,C
mom_12_1,20,momentum,False,-1.0,-0.0024038820259221962,-0.15326763775125404,0.8781872204402658,-0.0024038820259221962,-0.15326763775125404,-0.26706009841445727,-0.004311177538672794,0.8861707406260864,1.0,True,False,,-0.05047727532916574,-0.06385340427704285,-0.07277082357562759,-0.12652339573051324,-0.0002546308137071884,0.353865845181934,0.0031124459767957503,0.007116087054610689,337.7185929648241,False,False,,,False,True,C
macd_dif_12_26,1,oscillator,False,-1.0,-0.030642693149021717,-7.033056126705259,2.0205803681060563e-12,-0.030642693149021717,-7.033056126705259,-8.4519039979251,-0.037879327247642675,6.408126310279207e-12,0.000999000999000999,True,True,1.0,0.0024987447877232753,-0.0556316354140636,-0.09438522221525485,-0.13906706363297056,0.0156306407784039,0.0768920373039509,0.0011695607921211487,0.0040221298543424615,355.8722176422094,False,False,0.518118403881502,0.002158442063967952,False,False,B
macd_dif_12_26,5,oscillator,False,-1.0,-0.048247148591804394,-5.902570509297167,3.5788108219217497e-09,-0.048247148591804394,-5.902570509297167,-6.629191227383641,-0.05734377117068991,8.73072530183108e-09,0.002997002997002997,True,True,1.0,0.007515183140957454,-0.03789478307411232,-0.06816809388415884,-0.11049109152192974,0.03763663425325256,0.3003304643853821,0.0011714977603960348,0.0048768294931253045,355.6368899917287,False,False,-0.5090968745641655,-0.004005319131877731,False,False,B
macd_dif_12_26,20,oscillator,False,-1.0,-0.06348603684986533,-4.207015524965453,2.587653709607773e-05,-0.06348603684986533,-4.207015524965453,-4.215610497603756,-0.07123563871767158,3.7546347943328476e-05,0.02197802197802198,True,True,1.0,0.016759751288900497,-0.010418524707426305,-0.028537375371644174,-0.07457170733245419,0.04903152659044855,0.719002010484836,0.0011862150689437236,0.008019233760314758,354.7403685092127,False,False,-0.11153306723400588,-0.0015377790376842671,False,False,B
macd_dea_12_26_9,1,oscillator,False,-1.0,-0.02492277737267352,-5.823631050570571,5.75826220308937e-09,-0.02492277737267352,-5.823631050570571,-6.306075133352619,-0.027378236060295612,1.3178703186451961e-08,0.002997002997002997,True,True,,0.03323635633346486,-0.008566625826304823,-0.03643528059948462,-0.09253298569019847,0.06459865228322763,0.055294949946785306,0.001596431045578785,0.0034904252123149067,355.8722176422094,False,False,3.555064675020408,0.012039229847434852,False,False,B
macd_dea_12_26_9,5,oscillator,False,-1.0,-0.045120247815181196,-5.577993783068925,2.433083486391638e-08,-0.045120247815181196,-5.577993783068925,-5.811107699237647,-0.04944062854513481,5.043979430142305e-08,0.002997002997002997,True,True,,0.032022332375207616,-0.004872375078516558,-0.02946884671433267,-0.07935284559838254,0.07218627942552722,0.2440126154346837,0.0015997803223845484,0.004840916293042321,355.6368899917287,False,False,1.2691091991864647,0.008307963198037923,False,False,B
macd_dea_12_26_9,20,oscillator,False,-1.0,-0.06053902578886857,-3.832160497791925,0.00012702282364019158,-0.06053902578886857,-3.832160497791925,-3.9136400452745828,-0.06560385548536392,0.00016587686381248546,0.053946053946053944,True,True,,0.02578626455785648,-2.7143702393134548e-05,-0.017236082542559532,-0.06452240231217166,0.0614450460620362,0.6828943984193019,0.0016159644160088982,0.007682726896325847,354.7403685092127,False,False,1.1968363781090834,0.01446166398473302,False,False,B
macd_hist_12_26_9,1,oscillator,False,-1.0,-0.023760132465783835,-7.1993861913126524,6.048421612979648e-13,-0.023760132465783835,-7.1993861913126524,-9.899056818755069,-0.03513842367241383,2.0344690880022454e-12,0.000999000999000999,True,True,1.0,-0.1429531487896457,-0.2531390468387023,-0.32659631220474,-0.32018452927291874,-0.18878465780344708,0.14574854239293197,0.0008568149833553774,0.004699730662696573,355.8722176422094,False,False,-9.261615516071489,-0.022823896579546293,True,False,B
macd_hist_12_26_9,5,oscillator,False,-1.0,-0.020962857894728563,-3.5334317683081933,0.0004102019567568419,-0.020962857894728563,-3.5334317683081933,-4.466561013611109,-0.029517295399533853,0.0005087420916202173,0.11388611388611389,True,True,1.0,-0.10105975675495604,-0.18213237237133087,-0.23618078278224744,-0.23797362724439736,-0.1278380700770057,0.5361945477273466,0.0008596497723821942,0.004432963754679789,355.6368899917287,False,False,-5.374472042922181,-0.023252357782994906,True,False,B
macd_hist_12_26_9,20,oscillator,False,-1.0,-0.026563378969473386,-3.067342745354672,0.002159710634938693,-0.026563378969473386,-3.067342745354672,-2.0054697613851067,-0.021305497106446903,0.0025368029680232266,0.26573426573426573,True,True,0.0,-0.04625604223291332,-0.08104674871033613,-0.10424055302861801,-0.1187240487170566,-0.04376734446778154,0.9203890602492807,0.0008665448660342962,0.007497454996351808,354.7403685092127,False,False,-4.048884425018573,-0.031104133237088796,True,False,B
macd_dif_6_13,1,oscillator,False,-1.0,-0.03344087432418767,-8.187676735629806,2.6631698407589107e-16,-0.03344087432418767,-8.187676735629806,-10.981454338694428,-0.047142843581061425,1.257922775847826e-15,0.000999000999000999,True,True,1.0,-0.08189969955505912,-0.18962622146961525,-0.26144390274598595,-0.2607510706172509,-0.1276147007089688,0.14249539935787847,0.0008676625346351855,0.004680135598873009,355.8722176422094,False,False,-8.661515004351134,-0.03195692621184971,True,False,B
macd_dif_6_13,5,oscillator,False,-1.0,-0.04063711438582813,-5.510067313094564,3.586965009219764e-08,-0.04063711438582813,-5.510067313094564,-7.14599892144408,-0.0567806507230756,7.109877071846319e-08,0.003996003996003996,True,True,1.0,-0.06053989915626179,-0.1347406421833856,-0.1842078042014682,-0.19369157200819248,-0.0714952254734429,0.49074565494129535,0.0008705332129962613,0.004966218645951724,355.6368899917287,False,False,-5.668118801552908,-0.034192580080194025,True,False,B
macd_dif_6_13,20,oscillator,False,-1.0,-0.05111759886778198,-4.35354400129681,1.3395419369358316e-05,-0.05111759886778198,-4.35354400129681,-4.037344101502104,-0.05823156592870896,2.0651271527760738e-05,0.014985014985014986,True,True,1.0,-0.01930784999656397,-0.05147577487263327,-0.07292105812334615,-0.10066471022429527,-0.0065090869677915525,0.851003303599717,0.0008795127353336119,0.007887519071373146,354.7403685092127,False,False,-5.981205980298122,-0.04154854504710434,True,False,B
macd_dea_6_13_5,1,oscillator,False,-1.0,-0.028516859074977197,-7.08562072839552,1.3842243412766363e-12,-0.028516859074977197,-7.08562072839552,-8.858593232450557,-0.037828741086981366,4.453591358890048e-12,0.000999000999000999,True,True,,-0.06606069825042485,-0.14275109912455797,-0.19387803304064677,-0.21749927066978164,-0.08046228041756925,0.10144232919858884,0.00116122647469613,0.004078967547426515,355.8722176422094,False,False,-3.796432386173785,-0.014304024813667613,True,False,B
macd_dea_6_13_5,5,oscillator,False,-1.0,-0.040357388645487616,-5.390477937781224,7.027054279131372e-08,-0.040357388645487616,-5.390477937781224,-6.019117696553005,-0.04870077831052166,1.3000050416393036e-07,0.003996003996003996,True,True,,-0.047211446369641565,-0.11121266825817429,-0.15388014951719609,-0.1765333279919938,-0.04347495313921472,0.42328850455378775,0.0011631358687198166,0.004711226911828649,355.6368899917287,False,False,-3.263207740567483,-0.020081273508592613,True,False,B
macd_dea_6_13_5,20,oscillator,False,-1.0,-0.054309370056745354,-4.292209201304013,1.769041539054821e-05,-0.054309370056745354,-4.292209201304013,-3.896788003980185,-0.059144734380373515,2.6209397329814784e-05,0.01898101898101898,True,True,,-0.0057630863227630235,-0.03761003815830191,-0.05884133938199447,-0.09239575399427037,0.010456416222513608,0.8425119533211343,0.0011777481283771008,0.007807477590685689,354.7403685092127,False,False,-3.0450166694701624,-0.023923439961647194,True,False,B
macd_hist_6_13_5,1,oscillator,False,-1.0,-0.02399282980600043,-7.126241208796419,1.0314689538003889e-12,-0.02399282980600043,-7.126241208796419,-10.848926390206836,-0.038745915068530236,3.417703100652035e-12,0.000999000999000999,True,True,1.0,-0.12762356198259964,-0.3286576219046148,-0.4626803285192914,-0.407371505947285,-0.2521700059977215,0.26591806867991413,0.0007449776741928634,0.005426295126979497,355.8722176422094,False,False,-10.425080985329798,-0.0233466450410254,True,False,B
macd_hist_6_13_5,5,oscillator,False,-1.0,-0.014297666925306969,-2.510743014774635,0.012047736651057961,-0.014297666925306969,-2.510743014774635,-6.2451109215614835,-0.03764378185067812,0.013576637241293744,0.6183816183816184,True,False,1.0,-0.10840303408972937,-0.22510655453835735,-0.3029089015041092,-0.2765139878206496,-0.17007144957599268,0.771848680215793,0.0007474424473084726,0.005120549740953828,355.6368899917287,False,False,,,False,False,C
macd_hist_6_13_5,20,oscillator,False,-1.0,-0.007871693801218492,-1.3589435424260614,0.17416447967266013,-0.007871693801218492,-1.3589435424260614,-1.2359295359435312,-0.0091046481895601,0.18324414448971824,1.0,True,False,1.0,-0.07129461874030504,-0.1052721498738298,-0.12792383729617957,-0.1401529847619568,-0.06667862579979862,0.898876485013882,0.0007490096693714984,0.007246568971594337,354.7403685092127,False,False,,,False,False,C
rsi_6,1,oscillator,False,-1.0,-0.03183758994672624,-8.405944610882017,4.2443143259465606e-17,-0.03183758994672624,-8.405944610882017,-11.234306116615057,-0.04557873054859356,2.2434232865717537e-16,0.000999000999000999,True,True,1.0,-0.17825539593665765,-0.4381840641476024,-0.6114698429548988,-0.5201684642816812,-0.3712658225369245,0.34382098969701685,0.0004934165421381949,0.0050552202233551755,355.8722176422094,False,False,-8.140624571627187,-0.024692371019045516,True,False,B
rsi_6,5,oscillator,False,-1.0,-0.026382297142340572,-4.017098634436044,5.891906758586924e-05,-0.026382297142340572,-4.017098634436044,-7.215062883570397,-0.04915217480274354,8.074094446952452e-05,0.03796203796203796,True,True,1.0,-0.09864003135524932,-0.20312216501247762,-0.2727769207839631,-0.2550931226538275,-0.15210983277742712,0.6910194024948959,0.0004950490203586686,0.005209583263363569,355.6368899917287,False,False,-3.9025783707252844,-0.01904031921422842,True,False,B
rsi_6,20,oscillator,False,-1.0,-0.02593011332838055,-3.041303848419398,0.002355559890972436,-0.02593011332838055,-3.041303848419398,-2.511067914709286,-0.02804407159422029,0.002752285767346741,0.2887112887112887,True,True,1.0,-0.051911486072544887,-0.08555523406710316,-0.1079843993968087,-0.12075740376706434,-0.05047192354814234,0.890046243242283,0.0004993114045975571,0.008253283623974128,354.7403685092127,False,False,-3.924457711236644,-0.021485277296465505,True,False,B
rsi_14,1,oscillator,False,-1.0,-0.03564212904650561,-8.614222077995516,7.041808083687269e-18,-0.03564212904650561,-8.614222077995516,-10.374545523770513,-0.04517570953290128,4.4665182702244965e-17,0.000999000999000999,True,True,1.0,-0.12551029176588527,-0.30098070579953784,-0.4179609818219728,-0.3867585974420104,-0.2279448850571863,0.23210372226673615,0.000543726424464721,0.004894944054887669,355.8722176422094,False,False,-5.4526861834588205,-0.022059442473049733,True,False,B
rsi_14,5,oscillator,False,-1.0,-0.04022944205165337,-5.4284062772800645,5.685949064475589e-08,-0.04022944205165337,-5.4284062772800645,-7.1050175293778075,-0.055700185048764235,1.0697294002657465e-07,0.003996003996003996,True,True,1.0,-0.057133600553870414,-0.13276966935713466,-0.1831937152259775,-0.19164010122085695,-0.07461625648942163,0.5002385502861392,0.000545525353908773,0.0051234577502439075,355.6368899917287,False,False,-2.581403272506692,-0.01721379429430434,True,False,B
rsi_14,20,oscillator,False,-1.0,-0.04725664029924998,-3.9723001218078196,7.118195766263236e-05,-0.04725664029924998,-3.9723001218078196,-3.316195916405715,-0.047763878101480535,9.63560646408804e-05,0.04095904095904096,True,True,1.0,-0.01781795116812143,-0.048188610374052934,-0.06843571651134062,-0.09788718885800574,-0.0009178986775902574,0.803456592749511,0.0005504218629410044,0.008323814910430917,354.7403685092127,False,False,-1.552812699304342,-0.013323728703565945,False,False,B
rsi_24,1,oscillator,False,-1.0,-0.036701151509581156,-8.489511491533031,2.0750749838158414e-17,-0.036701151509581156,-8.489511491533031,-9.798301455561015,-0.04339376188128661,1.1811965292490173e-16,0.000999000999000999,True,True,1.0,-0.07574055258958981,-0.2108673686510803,-0.3009519126920739,-0.3034155514340416,-0.1298321157419231,0.17873917468451117,0.0006029859332249539,0.004772487993452695,355.8722176422094,False,False,-3.066898197058224,-0.012721298464375703,True,False,B
rsi_24,5,oscillator,False,-1.0,-0.04709942282608504,-6.01220034472458,1.83021933658593e-09,-0.04709942282608504,-6.01220034472458,-7.208467872579428,-0.05903586705804608,4.617144235478141e-09,0.001998001998001998,True,True,1.0,-0.01961065927489065,-0.07923012653180583,-0.11897643803641596,-0.14500827965231328,-0.016155576246648908,0.39430864587906866,0.0006030483775663539,0.00516787126627223,355.6368899917287,False,False,-1.4047733700646385,-0.010319054537439571,False,False,B
rsi_24,20,oscillator,False,-1.0,-0.05736120738799264,-4.139114969413815,3.486482071497104e-05,-0.05736120738799264,-4.139114969413815,-3.680947894228108,-0.05779392500319285,4.961532178668955e-05,0.027972027972027972,True,True,1.0,-0.0018936857596641155,-0.028196063182873883,-0.04573098146501372,-0.08576729494184969,0.02519982318713431,0.6958300905611048,0.0006086675376495599,0.008200033506810653,354.7403685092127,False,False,-0.4500411734189833,-0.005216514085014056,False,False,B
kdj_k,1,oscillator,False,-1.0,-0.020663086799115087,-5.620989506147522,1.8986680703275634e-08,-0.020663086799115087,-5.620989506147522,-9.837239642899453,-0.035881170704669785,4.052926073199222e-08,0.002997002997002997,True,True,,-0.11984707005148014,-0.300918511671577,-0.421632806084975,-0.35740151127391473,-0.25371292286814673,0.2395124889154721,0.0007627392872962225,0.003426276060989816,355.8722176422094,False,False,-7.209313941322363,-0.018482687774344194,True,False,B
kdj_k,5,oscillator,False,-1.0,-0.011523166846863836,-1.7494111041208826,0.0802199828162413,-0.011523166846863836,-1.7494111041208826,-3.2979565042996577,-0.021970150611387674,0.08729821659414495,0.973026973026973,True,False,,-0.10303367903175138,-0.20918225326060608,-0.2799479694131758,-0.25918643085214466,-0.1615472219354463,0.7020408348469226,0.0007652628250540265,0.004049805403364293,355.6368899917287,False,False,,,False,False,C
kdj_k,20,oscillator,False,-1.0,-0.013020182049134674,-1.498980702934018,0.13387863825203036,-0.013020182049134674,-1.498980702934018,-0.4368395880545217,-0.004732013038865426,0.14288970044207086,0.997002997002997,True,False,,-0.056183781602847184,-0.09049822030487098,-0.11337451277288686,-0.1278160329852781,-0.05333859515808235,0.9077893836514235,0.0007748766796401322,0.007358856843761051,354.7403685092127,False,False,,,False,False,C
kdj_d,1,oscillator,False,-1.0,-0.015320843914997828,-4.194252090087032,2.7377338368283627e-05,-0.015320843914997828,-4.194252090087032,-6.887227352701029,-0.02507151842503721,3.9466033232201074e-05,0.02197802197802198,True,True,,-0.11141999969943245,-0.23306626288929813,-0.3141637716825419,-0.2886959401063636,-0.18146184087531886,0.16090775554215034,0.0009790210599219466,0.003151178575924737,355.8722176422094,False,False,-4.957020571046661,-0.01224709541817425,True,False,B
kdj_d,5,oscillator,False,-1.0,-0.010059187787437298,-1.520365156348414,0.12841922662455535,-0.010059187787437298,-1.520365156348414,-1.616556697794563,-0.011068053968349855,0.13772496768430573,0.997002997002997,True,False,,-0.1060050107796667,-0.19919276522151255,-0.26131793484940974,-0.24946242461295348,-0.14938632380147235,0.616321127260885,0.0009803276237892256,0.004070222705357683,355.6368899917287,False,False,,,False,False,C
kdj_d,20,oscillator,False,-1.0,-0.016049248594394022,-1.6523530773687192,0.09846259503587143,-0.016049248594394022,-1.6523530773687192,-0.3925278798105842,-0.0046646355108442466,0.10662778584372418,0.983016983016983,True,False,,-0.045848071522810806,-0.08023994984884583,-0.10316786873286918,-0.12254806446100852,-0.03733871956847752,0.9098380509533075,0.0009926432974549195,0.00743038583234096,354.7403685092127,False,False,,,False,False,C
kdj_j,1,oscillator,False,-1.0,-0.021795316917439893,-6.301669674539324,2.944561963009111e-10,-0.021795316917439893,-6.301669674539324,-12.158765640580047,-0.04183205781152667,7.875816334795453e-10,0.000999000999000999,True,True,,-0.10917943034729469,-0.3643376946099287,-0.5344432041183513,-0.4204143365425336,-0.30849842766679875,0.33751093156433065,0.000633166711362845,0.0037213692935651995,355.8722176422094,False,False,-7.647497487878281,-0.018029399364925175,True,False,B
kdj_j,5,oscillator,False,-1.0,-0.009013869383782468,-1.4930128231685091,0.13543383030255984,-0.009013869383782468,-1.4930128231685091,-5.048159248532062,-0.030464245083829295,0.14385794414913056,0.997002997002997,True,False,,-0.08061944226775261,-0.21051642432266418,-0.29711441235927183,-0.2502761898345914,-0.16963327125761646,0.8591070241726954,0.0006352615557345996,0.004098625399358725,355.6368899917287,False,False,,,False,False,C
kdj_j,20,oscillator,False,-1.0,-0.005999719413237235,-0.9734588753200628,0.3303252898347597,-0.005999719413237235,-0.9734588753200628,-0.4174064749664004,-0.003258180543061744,0.34108006671310076,1.0,True,False,,-0.054518934939109,-0.08879639392678233,-0.11164803325189787,-0.10902706063048846,-0.06706933428510534,0.9068110843299821,0.0006393377019413802,0.006900695628187053,354.7403685092127,False,False,,,False,False,C
wr_14,1,oscillator,False,1.0,0.023485461513173347,6.369462012883706,1.8969239344053227e-10,0.023485461513173347,6.369462012883706,9.045497295269271,0.0354518400670933,5.135574554121727e-10,0.000999000999000999,True,True,,-0.16116091738666763,-0.5169381242397243,-0.7541229288084287,-0.5939974780829917,-0.45648288983077806,0.4706047709696517,0.0004681158254786048,0.0038868236357978833,358.2555647155812,False,False,5.966603177824736,0.01535394852889265,True,False,B
wr_14,5,oscillator,False,1.0,0.01466162945249798,2.353859598142091,0.018579627305661994,0.01466162945249798,2.353859598142091,4.1300301301666,0.027882649814283487,0.020520782397298324,0.7272727272727273,True,False,,-0.08757378852634985,-0.19965618792285572,-0.27437778752052633,-0.24105679496480112,-0.15732367936707742,0.7412857102943512,0.00046966459578622635,0.004078844892136665,358.03308519437553,False,False,,,False,False,C
wr_14,20,oscillator,False,1.0,0.015192988109101649,1.910483889051634,0.05607093881045585,0.015192988109101649,1.910483889051634,1.0539450017064251,0.011344732822421466,0.06131895771389753,0.9470529470529471,True,False,,-0.04904657730419868,-0.08340657814515132,-0.1063132453724531,-0.1132824185683969,-0.05245987245497223,0.9089947312421336,0.0004736034975112595,0.0069359739598080245,357.178391959799,False,False,,,False,False,C
cci_14,1,oscillator,False,-1.0,-0.026931336466488365,-7.479518995694213,7.459512949531185e-14,-0.026931336466488365,-7.479518995694213,-9.508579462140359,-0.0364821265214291,2.9052839908700405e-13,0.000999000999000999,True,True,,-0.09563001998816112,-0.38784479188943005,-0.5826546398236092,-0.4575680401899788,-0.33166230228979265,0.3865274760598794,0.0004822293704149896,0.0036357260995942974,353.14509480626543,False,False,-6.795270514367565,-0.017291304840229314,True,False,B
cci_14,5,oscillator,False,-1.0,-0.025145356934581777,-3.986921241875661,6.693623282210353e-05,-0.025145356934581777,-3.986921241875661,-6.324569154450988,-0.04185854407702966,9.116468519329437e-05,0.04095904095904096,True,True,,-0.05467898286965409,-0.1816642127598172,-0.26632103268659263,-0.22647086131789168,-0.1366853544541758,0.8398494040354704,0.00048382483566036593,0.004497088884589677,352.90570719602977,False,False,-5.324367881157592,-0.021193075622372225,True,False,B
cci_14,20,oscillator,False,-1.0,-0.027319027643846357,-3.5852543352570567,0.0003367498654701726,-0.027319027643846357,-3.5852543352570567,-2.6763201892716726,-0.02569972664986189,0.00042236423804733515,0.0989010989010989,True,True,,-0.03655325182220412,-0.07064980168815202,-0.0933808349321173,-0.09751682631034785,-0.037130832246319315,0.9020251287287803,0.0004840279807269548,0.007284911607011491,351.9865996649916,False,False,-6.396602685763655,-0.02835500070450933,True,False,B
boll_pos_20,1,channel,False,-1.0,-0.029311253035703935,-7.6626833082125145,1.820879642434636e-14,-0.029311253035703935,-7.6626833082125145,-8.748052902275202,-0.0350496455526549,7.485838530009059e-14,0.000999000999000999,True,True,,-0.17188861092682298,-0.44752653217886135,-0.631285146346887,-0.5233198890028992,-0.3845900902074719,0.3646004249365587,0.0004411595422461297,0.003859660247692444,354.00412201154165,False,False,-6.562541372985864,-0.020197129655547045,True,False,B
boll_pos_20,5,channel,False,-1.0,-0.028670982873576445,-4.367422267416614,1.257215184262524e-05,-0.028670982873576445,-4.367422267416614,-5.699431525345795,-0.03967203498551015,1.9655054289174668e-05,0.013986013986013986,True,True,,-0.09397230581993422,-0.20623125633204178,-0.2810705566734467,-0.2553164488508798,-0.1567748779999178,0.7424533764028273,0.00044261912716671243,0.00450415503252159,353.76509511993385,False,False,-4.376212529910319,-0.020581504726294594,True,False,B
boll_pos_20,20,channel,False,-1.0,-0.033941541743227645,-3.8761430116852593,0.00010612532349763075,-0.033941541743227645,-3.8761430116852593,-2.7695284804609894,-0.03174362530405734,0.0001402370346218692,0.04795204795204795,True,True,,-0.04032929656816817,-0.07437074015553603,-0.09706503588044793,-0.10374679834934195,-0.03684821730973846,0.9005672906711074,0.00044426601984611457,0.007198563253918859,352.8500837520938,False,False,-5.014609248611451,-0.029710422290495534,True,False,B
boll_width_20,1,channel,False,-1.0,-0.031195559684977846,-7.64819448499046,2.038207908196879e-14,-0.031195559684977846,-7.64819448499046,-4.815323603872887,-0.02056483394991009,8.226948283994675e-14,0.000999000999000999,True,True,,0.029139321671780065,-0.06029542159193796,-0.11991858376775,-0.13239812277141205,0.010565522654777148,0.11829992495200797,0.0004873496631155772,0.0018166838976211373,354.00412201154165,False,False,-0.8445968328308191,-0.0020963484127271203,False,False,B
boll_width_20,5,channel,False,-1.0,-0.046610274506807554,-5.778247508593369,7.54827127869327e-09,-0.046610274506807554,-5.778247508593369,-4.186162313365882,-0.03408150247756264,1.6926426503736422e-08,0.002997002997002997,True,True,,-0.027078034451849853,-0.08920371323489863,-0.13062083242359782,-0.15831616320623965,-0.021799121781460623,0.4108841189355077,0.0004889620689488793,0.00379401184056136,353.76509511993385,False,False,0.26236881228971437,0.0011191839909598625,False,False,B
boll_width_20,20,channel,False,-1.0,-0.053320433300605465,-3.335642697332306,0.0008510246527041546,-0.053320433300605465,-3.335642697332306,-2.430230191009655,-0.03851094309267881,0.001038063037913859,0.15884115884115885,True,True,,-0.034633633832070174,-0.0611587941847088,-0.0788422344198012,-0.12185714095850028,-0.008001828090853227,0.7017238188528735,0.0004931479839489513,0.006892096909571133,352.8500837520938,False,False,1.9030679772273729,0.011976989074877264,False,False,B
dist_high_20,1,channel,False,-1.0,-0.005119199088134523,-1.2229441304323132,0.22135079893518161,-0.005119199088134523,-1.2229441304323132,-6.407202216872418,-0.027545540611389606,0.23070364959441464,1.0,True,False,1.0,-0.05491441135558997,-0.18401415398953702,-0.27008064907883506,-0.25669290338754686,-0.11498765641142383,0.1707668553359088,0.001037269854313108,0.004231967971915869,354.00412201154165,False,False,,,False,False,C
dist_high_20,5,channel,False,-1.0,0.009933802502693594,1.306330131327778,0.1914403146350936,0.009933802502693594,1.306330131327778,-1.7027805887478142,-0.013678662396422858,0.20047051815561687,1.0,False,False,0.0,-0.08295924892061535,-0.1487839065647582,-0.19266701166085348,-0.21030118845712545,-0.08471737510480733,0.43534826484221484,0.0010407016817880895,0.00479211583228996,353.76509511993385,False,False,,,False,False,C
dist_high_20,20,channel,False,1.0,0.01200650267982713,1.0401341889448021,0.29827756163226526,0.01200650267982713,1.0401341889448021,0.3017935806089455,0.004446183733215002,0.3094281246839387,1.0,True,False,0.0,-0.08389885161934706,-0.11727249138615159,-0.13952158456402128,-0.16222007655126927,-0.07875242358641957,0.8829005229313369,0.012713419858887293,0.006180572287036009,352.90871021775547,False,False,,,False,False,C
dist_high_60,1,channel,False,-1.0,-0.010894242511102077,-2.4033692685512196,0.016244774251371545,-0.010894242511102077,-2.4033692685512196,-6.334001942859529,-0.030559550174415223,0.018122310973891876,0.6893106893106893,True,False,1.0,0.06322367383045208,-0.013706413889013731,-0.06499313903532432,-0.10308721847320097,0.06671221069155721,0.1017593752902987,0.001259313772493161,0.0038075053836744946,353.6199505358615,False,False,,,False,False,C
dist_high_60,5,channel,False,-1.0,-0.0064574179444661026,-0.7477549095160907,0.454608004219068,-0.0064574179444661026,-0.7477549095160907,-3.348160113639402,-0.031239469423723347,0.4650828430259589,1.0,True,False,0.0,0.019943023781656317,-0.018079606006543635,-0.04342802586534361,-0.0998336330568228,0.06620782236453693,0.2514724192341267,0.0012596151439089411,0.00506795494223277,353.3771712158809,False,False,,,False,False,C
dist_high_60,20,channel,False,-1.0,0.0010231557748776937,0.07088047169347067,0.9434928856091758,0.0010231557748776937,0.07088047169347067,-1.3410728345211331,-0.02396247662080837,0.9434928856091758,1.0,False,False,0.0,-0.027174801515725655,-0.047708190828383526,-0.0613971170368221,-0.11299444484278891,0.015765063171770274,0.5432113574777216,0.0012734826302024812,0.007585053058564226,352.4530988274707,False,False,,,False,False,C
dist_high_250,1,channel,False,-1.0,-0.006370253354812545,-1.4208692295734884,0.15535477990242572,-0.006370253354812545,-1.4208692295734884,-4.263233771130118,-0.01981886482498849,0.16423219589685006,0.998001998001998,True,False,1.0,0.06395119988342332,0.023067694767758537,-0.004187975309351354,-0.0679856718556756,0.10980600019831563,0.054078710470456086,0.0018062461549546707,0.0035284879695707035,343.66199505358617,False,False,,,False,False,C
dist_high_250,5,channel,False,-1.0,-0.006719548696017452,-0.7558978991293946,0.4497104136576745,-0.006719548696017452,-0.7558978991293946,-2.2767070324583907,-0.020316238207579614,0.4622023695926099,1.0,True,False,1.0,0.04944803675280533,0.029776046956951307,0.01666138709304864,-0.046885197163952674,0.11182973044887475,0.1301057526180821,0.0018122221554673413,0.004852316501751431,343.38626964433416,False,False,,,False,False,C
dist_high_250,20,channel,False,-1.0,-0.0035632488855160383,-0.2129320435219035,0.8313799683507593,-0.0035632488855160383,-0.2129320435219035,-0.6045951452701664,-0.011567161203773269,0.8427687350404958,1.0,True,False,0.0,0.008209136550149607,-0.002373655255649381,-0.009428849792848696,-0.06810627870019079,0.06718572894336708,0.27996803719044927,0.0018271568845146316,0.007345698275829555,342.33668341708545,False,False,,,False,False,C
dist_low_20,1,channel,False,-1.0,-0.040634591246607364,-10.999195178298127,3.8555759945051148e-28,-0.040634591246607364,-10.999195178298127,-11.233085717217582,-0.04302745513143816,6.113841934143825e-27,0.000999000999000999,True,True,1.0,-0.23556148660661,-0.5645513389809698,-0.7838779072305428,-0.6446098530044921,-0.498407288044483,0.43517176239994665,0.00036724990883324623,0.0033425903165642317,358.638911788953,False,False,-5.181792457689168,-0.01611526383602972,True,False,B
dist_low_20,5,channel,False,-1.0,-0.04832385166795684,-7.263145481781679,3.781907904395742e-13,-0.04832385166795684,-7.263145481781679,-8.144543971459504,-0.05509519197465916,1.3541670238320238e-12,0.000999000999000999,True,True,1.0,-0.12739046392050268,-0.23123359532628335,-0.30046234959680385,-0.2826309951063691,-0.1838519309807645,0.6867931971281791,0.00036846496229506014,0.003688476942781,358.4152191894127,False,False,-1.1713454414309987,-0.005762746671585367,False,False,B
dist_low_20,20,channel,False,-1.0,-0.059806657371231045,-4.743257984315313,2.1030816002267376e-06,-0.059806657371231045,-4.743257984315313,-3.842309555576077,-0.05068177054183522,3.6192567073669436e-06,0.005994005994005994,True,True,1.0,-0.05836248746849122,-0.09111561092814546,-0.11295102656791493,-0.1291850161171268,-0.0557147593352752,0.8664847476099005,0.00037113251184055603,0.006426868594342833,357.55862646566163,False,False,-0.29270552350772067,-0.00246155942591502,False,False,B
dist_low_60,1,channel,False,-1.0,-0.040086411515267886,-9.65024431817565,4.903875548460243e-22,-0.040086411515267886,-9.65024431817565,-9.120232474595966,-0.03707087293079874,4.468001647289987e-21,0.000999000999000999,True,True,1.0,-0.23932429076367703,-0.45494120354557444,-0.5986858120668394,-0.5420309854230506,-0.37880513049470504,0.2852075565898114,0.0004115770293571675,0.0031716124606084597,356.2209398186315,False,False,-1.726413134794425,-0.005265162346404961,False,False,B
dist_low_60,5,channel,False,-1.0,-0.05449481462640726,-7.101260043215682,1.2362451040610478e-12,-0.05449481462640726,-7.101260043215682,-7.09365954543459,-0.05567077932981633,4.0359766632581264e-12,0.000999000999000999,True,True,1.0,-0.1436792211078251,-0.220351519490118,-0.27146638507831333,-0.27408818275006425,-0.17009646768555875,0.5070919205178103,0.0004129387399588455,0.0037551500745552128,355.9867659222498,False,False,1.0321379129209116,0.0054158999505432,False,False,B
dist_low_60,20,channel,False,-1.0,-0.07097760435005163,-4.583709621483439,4.567984938705367e-06,-0.07097760435005163,-4.583709621483439,-4.070774674124966,-0.06170827193484138,7.62475681498189e-06,0.007992007992007992,True,True,1.0,-0.061055804178481846,-0.08923502841195341,-0.10802117790093446,-0.13980450893272334,-0.045989009932303704,0.7454821225786129,0.0004161695880118065,0.006023488220036454,355.09547738693465,False,False,1.8858127261909055,0.01643319973947703,False,False,B
dist_low_250,1,channel,False,-1.0,-0.03438192653087865,-7.922156092120723,2.334270149158935e-15,-0.03438192653087865,-7.922156092120723,-7.53740704236779,-0.030381821509273814,1.036415946226567e-14,0.000999000999000999,True,True,1.0,-0.13917805579371378,-0.2648790203820509,-0.3486796634409424,-0.3528581954404733,-0.18533601189907364,0.16627111718034018,0.0004897590203368875,0.002779556849283479,344.76504534212694,False,False,-5.028861158300541,-0.014285824972887802,True,False,B
dist_low_250,5,channel,False,-1.0,-0.05007362076052882,-6.0258903185500605,1.6818121222935356e-09,-0.05007362076052882,-6.0258903185500605,-6.110200849137882,-0.0490405342212879,4.291520587921436e-09,0.001998001998001998,True,True,1.0,-0.09344056068182877,-0.14323439220551223,-0.1764302798879679,-0.20664357300378144,-0.08450097794695317,0.3293242825640441,0.0004894468512361434,0.003362646377360413,344.4929693961952,False,False,-2.489510724349418,-0.013437471182146742,True,False,B
dist_low_250,20,channel,False,-1.0,-0.06340205522922328,-3.668018804447598,0.00024443721040534085,-0.06340205522922328,-3.668018804447598,-4.068943867332738,-0.06460709626754026,0.0003100860611999181,0.08091908091908091,True,True,1.0,-0.0579052626642109,-0.07867343593511933,-0.09251888478239163,-0.1362221382268254,-0.03310627419462138,0.5494225733044559,0.0004955956810255421,0.005413039602453148,343.4572864321608,False,False,-0.7764176015835157,-0.008010050365282661,False,False,B
new_high_250,1,channel,False,-1.0,-0.014456638761921568,-9.636350694784412,5.614864625980897e-22,-0.014456638761921568,-9.636350694784412,-12.996529916341787,-0.019663209357920288,4.794230565260612e-21,0.000999000999000999,True,True,,0.021549428990459196,0.012418658083330831,0.00633147747857859,0.006337042268964084,0.018324681017778472,0.01207773929514334,0.0018641460831937367,0.002393532075654037,3373.0906842539157,False,True,-3.2779975045107475,-0.02079573922990134,True,False,A候选
new_high_250,5,channel,False,-1.0,-0.016823552000182096,-6.4805216817157945,9.140601734634678e-11,-0.016823552000182096,-6.4805216817157945,-7.456578719589991,-0.020162243504710044,2.5365169813611235e-10,0.000999000999000999,True,True,,0.010393673602096577,0.007167086541363022,0.005016028500873981,0.002510454744714621,0.011424807848594575,0.021339861512788078,0.0018675946478639107,0.0037351787125856815,3370.167907361456,False,True,-3.393041048916299,-0.028849517488367116,True,False,A候选
new_high_250,20,channel,False,-1.0,-0.02021386483135682,-4.174028339582706,2.9926050600179467e-05,-0.02021386483135682,-4.174028339582706,-2.758540952793844,-0.014643902458537734,4.2861827311224785e-05,0.023976023976023976,True,True,,0.006223727054393795,0.004938331147594186,0.004081400543061112,0.001248325656767017,0.008230525093246446,0.03400518271956637,0.0018819690633926328,0.005746856252679413,3359.2688442211056,False,True,-3.6612779482783018,-0.043557302015740956,True,False,A候选
vol_20,1,volatility,False,-1.0,-0.043970465540224865,-10.280179842930279,8.656592054595624e-25,-0.043970465540224865,-10.280179842930279,-5.3990118663182125,-0.023727185856801992,1.2011021475751429e-23,0.000999000999000999,True,True,1.0,0.015233912321220842,-0.055724610984236145,-0.10303029318787416,-0.1384388985065575,0.019756400488659908,0.0938604805627738,0.0003976437156852596,0.0017421298980120161,354.00412201154165,False,False,-13.367166079119876,-0.03613881399439458,True,True,B
vol_20,5,volatility,False,-1.0,-0.06982501492278732,-8.219306094041512,2.046840131272671e-16,-0.06982501492278732,-8.219306094041512,-5.225920503959692,-0.04707126928480952,9.878228459620283e-16,0.000999000999000999,True,True,1.0,-0.01541968294476879,-0.05533783338870193,-0.08194993368465738,-0.13151286100775433,0.01411498771471167,0.2640089315074943,0.00039895932764782456,0.00371011769506122,353.76509511993385,False,False,-9.210314040228154,-0.047434587415573916,True,True,B
vol_20,20,volatility,False,-1.0,-0.09205048893575925,-5.604623775386926,2.087078015358073e-08,-0.09205048893575925,-5.604623775386926,-3.7648923049917693,-0.06768608528907782,4.412679232471354e-08,0.002997002997002997,True,True,1.0,-0.013640243933681555,-0.03479023508171789,-0.04889022918040878,-0.10367903145898685,0.02111823498823453,0.5595235753448764,0.0004039713795026967,0.006720902543504047,352.8500837520938,False,False,-5.037689240466945,-0.04904783172792056,True,True,B
vol_60,1,volatility,False,-1.0,-0.03875358764453897,-8.303502986099586,1.010858336277352e-16,-0.03875358764453897,-8.303502986099586,-3.6799665356053186,-0.018198089705765096,5.100239787581186e-16,0.000999000999000999,True,True,1.0,0.03163791422002347,0.005110999256411904,-0.012573610719329163,-0.08153219933495313,0.08396008048467477,0.03508851185662907,0.00043288171398841145,0.0016178528057305358,353.6199505358615,False,False,-5.921183040761836,-0.01940144703298271,True,False,B
vol_60,5,volatility,False,-1.0,-0.06598864490724263,-6.9980726311023025,2.5950756220741214e-12,-0.06598864490724263,-6.9980726311023025,-3.906131466620921,-0.03987286651187559,7.891873809595273e-12,0.000999000999000999,True,True,1.0,0.0046027316959726585,-0.011971233263040604,-0.02302054323571611,-0.09156950234845421,0.05793858685412947,0.10961617036384427,0.0004343139115533028,0.0033880139298958904,353.3771712158809,False,False,-5.485518260305817,-0.035708356742528806,True,False,B
vol_60,20,volatility,False,-1.0,-0.09897614970977152,-5.659585935480283,1.517386529073124e-08,-0.09897614970977152,-5.659585935480283,-3.4394213997227148,-0.06777132535787733,3.3352456381607275e-08,0.002997002997002997,True,True,1.0,0.0010861270587572366,-0.00953236551316996,-0.016611360561121426,-0.08476654460252935,0.05030001600826341,0.28091250190283584,0.00043977011647231413,0.006244937882452916,352.4530988274707,False,False,-5.629490220012818,-0.06895578357347394,True,False,B
atr_14,1,volatility,False,-1.0,-0.043106237221161796,-8.990699568819117,2.45661718545941e-19,-0.043106237221161796,-8.990699568819117,-4.062013453261265,-0.020626017764928062,1.7592548876515773e-18,0.000999000999000999,True,True,,0.013457414752566017,-0.028172564407737362,-0.055925883847939575,-0.1146320483668135,0.04944916417276651,0.05506611000040127,0.00046748890420951727,0.0014648324155816094,355.8722176422094,False,False,-9.503012763063325,-0.040549966580473364,True,False,B
atr_14,5,volatility,False,-1.0,-0.07090439076461236,-7.322959429991109,2.425611508040548e-13,-0.07090439076461236,-7.322959429991109,-4.149102325132424,-0.042301951601042845,9.12687719974579e-13,0.000999000999000999,True,True,,-0.006011885642097609,-0.030163764210265332,-0.04626501658904381,-0.1093562911746929,0.040220003926881645,0.1597346466148659,0.0004690356003359342,0.0027211714324882645,355.6368899917287,False,False,-6.813471728632884,-0.05642018378710395,True,False,B
atr_14,20,volatility,False,-1.0,-0.09688818030433446,-5.3262352108669475,1.0026927306941056e-07,-0.09688818030433446,-5.3262352108669475,-3.371472145713284,-0.06575694729186135,1.839651125736293e-07,0.003996003996003996,True,True,,-0.009090928236921958,-0.022136527473646923,-0.03083359363146356,-0.09919093543559053,0.03943869942584359,0.34512167292923185,0.0004749280073753304,0.004526102420104858,354.7403685092127,False,False,-4.587401570033227,-0.07122614401712733,True,False,B
amplitude_20,1,volatility,False,-1.0,-0.0445810949321852,-9.862228045205747,6.068752625666373e-23,-0.0445810949321852,-9.862228045205747,-5.9661226493538235,-0.026336754467303145,7.090858331041763e-22,0.000999000999000999,True,True,,-0.010899740598346464,-0.05463543275053945,-0.08379256085200147,-0.13637146017756235,0.021131244429785596,0.05785144464575792,0.0006279090562603465,0.0016969222399219564,354.00412201154165,False,False,-4.943949113801553,-0.019708880170798665,True,False,B
amplitude_20,5,volatility,False,-1.0,-0.07182976799131956,-7.914506418564037,2.482359159752255e-15,-0.07182976799131956,-7.914506418564037,-5.428892004106065,-0.05012564580099748,1.0805563401274522e-14,0.000999000999000999,True,True,,-0.01810738107118591,-0.04505659847778892,-0.06302274341552427,-0.12078616628628998,0.02270088652221183,0.1782355648584855,0.0006299865055779985,0.0027080013696335384,353.76509511993385,False,False,-3.0210573230598765,-0.02326725670116961,True,False,B
amplitude_20,20,volatility,False,-1.0,-0.0971180346121772,-5.4314043601878375,5.591227922486496e-08,-0.0971180346121772,-5.4314043601878375,-4.04679371920418,-0.07260280339917724,1.0608996570871813e-07,0.003996003996003996,True,True,,-0.01609934632939742,-0.03250410993793934,-0.04344061901030062,-0.10695308408138918,0.02616544095900421,0.43398845525243174,0.0006379009089144056,0.004714360414033871,352.8500837520938,False,False,-2.2198507117450186,-0.03310774697594236,True,False,B
max_ret_20,1,volatility,False,-1.0,-0.04560756088666939,-14.172058320787615,1.3644188690223578e-45,-0.04560756088666939,-14.172058320787615,-10.305260651016544,-0.0326359279134112,6.058019778459269e-44,0.000999000999000999,True,True,,0.011277649851893735,-0.06592478170572491,-0.117393069410804,-0.1333631081808469,-0.00392791871629991,0.10211961846245854,0.0004963787441101211,0.0020060985568321177,354.00741962077495,False,False,-2.108683257809359,-0.004832019012737518,True,False,B
max_ret_20,5,volatility,False,-1.0,-0.06982297875949357,-11.104969611308375,1.1865770121800907e-28,-0.06982297875949357,-11.104969611308375,-10.005255884527456,-0.06204723971207564,2.0263084361844623e-27,0.000999000999000999,True,True,,0.0008425354102082316,-0.05245037488127184,-0.08797898174225854,-0.11253514160556706,0.008687460828705446,0.35246633790661425,0.0004960839506438984,0.0033188458238216077,353.7684036393714,False,False,-0.06170691334636374,-0.00024680268072329605,False,False,B
max_ret_20,20,volatility,False,-1.0,-0.08988631891962591,-7.0143859221268094,2.3096108157344264e-12,-0.08988631891962591,-7.0143859221268094,-6.273335955536764,-0.07894842765478036,7.1213000151811476e-12,0.000999000999000999,True,True,,0.0018224598765209064,-0.025424239647554643,-0.043588705996938336,-0.08760736341859796,0.024355088774843117,0.7208121567215752,0.0005023161610791232,0.006256079279788,352.8525963149079,False,False,1.4307202972129576,0.008854344097504803,False,False,B
min_ret_20,1,volatility,False,1.0,0.022464836333872196,5.453598898936358,4.936047265706755e-08,0.022464836333872196,5.453598898936358,1.1251985051133866,0.00450331786287479,9.528717330320867e-08,0.003996003996003996,True,True,,-0.03595597045344229,-0.11550528436302913,-0.16853816030275373,-0.19572250945504063,-0.044593000072584196,0.10522396019786621,0.0018029587753332064,0.00219754587785208,354.0,False,False,-2.806205686514119,-0.005287836927743072,False,False,B
min_ret_20,5,volatility,False,1.0,0.037224771594696095,4.732455709542415,2.2181971573424397e-06,0.037224771594696095,4.732455709542415,1.162743691837436,0.009555901807376739,3.787998222538628e-06,0.005994005994005994,True,True,,-0.04075690222315943,-0.09378716025510686,-0.12914066560973853,-0.1665722059011876,-0.025521502218159565,0.3507292197880122,0.0018089238994865007,0.004246505799089351,353.76095947063686,False,False,-2.279905454744676,-0.007219139000677631,False,False,B
min_ret_20,20,volatility,False,1.0,0.04689810038454537,3.341852463269462,0.0008322128263875668,0.04689810038454537,3.341852463269462,1.299662277785137,0.020946095129611503,0.0010207251240775682,0.15784215784215785,True,True,,-0.02563953169276157,-0.05191380458944796,-0.06942998652057222,-0.11216248521871455,-0.001339069464747012,0.6950865845684231,0.0018238171931571473,0.00715434276444254,352.8450586264657,False,False,-1.2640290852118747,-0.007087792851832481,False,False,B
skew_20,1,volatility,False,-1.0,-0.019440753276801104,-8.68136592103799,3.910438513708539e-18,-0.019440753276801104,-8.68136592103799,-5.837627881710015,-0.01817626634910594,2.553286323656752e-17,0.000999000999000999,True,True,,0.045252943229515036,-0.09727312633866486,-0.1922905060507848,-0.1550170958830161,-0.03853796324790032,0.188526547047857,0.0008747054886622608,0.0025105745514727336,168.4608408903545,False,False,-2.675085110532592,-0.00386206891780797,True,False,B
skew_20,5,volatility,False,-1.0,-0.028829125596259685,-7.022559956373494,2.1783947284906706e-12,-0.028829125596259685,-7.022559956373494,-7.812255357351146,-0.043351080264582585,6.811318728520124e-12,0.000999000999000999,True,True,,0.03693055551419806,-0.03752770621329002,-0.08716654736494875,-0.0851638686829477,0.007417900924051144,0.49244882094899517,0.000877599468773633,0.002859091408153252,168.21505376344086,False,False,-1.697415803187766,-0.004266932658160043,False,False,B
skew_20,20,volatility,False,-1.0,-0.03759508043016531,-5.15076005293787,2.5943293013276757e-07,-0.03759508043016531,-5.15076005293787,-5.151228049110423,-0.051367732727948506,4.6824480072743413e-07,0.003996003996003996,True,True,,0.03961875910448469,0.00603454441438169,-0.01635493204568698,-0.02889196794517681,0.0439225460265521,0.888471288097963,0.0008748806116032341,0.003967178579095371,167.28391959798995,False,False,-0.3266664017194435,-0.001307696972843689,False,False,B
amt_ratio_5_20,1,volume,False,-1.0,-0.02573875467951791,-9.647608648401933,5.031533386587823e-22,-0.02573875467951791,-9.647608648401933,-10.36547337275591,-0.028574561625716272,4.468001647289987e-21,0.000999000999000999,True,True,1.0,-0.07659765352441966,-0.2274388313376432,-0.3279996165464589,-0.2692250672841154,-0.18526533751171956,0.1995253674778089,0.0016276272695576073,0.00253457325623545,353.66859027205277,False,False,-15.933884626330075,-0.02628049042022933,True,False,B
amt_ratio_5_20,5,volume,False,-1.0,-0.025829767458559125,-5.3162543763197325,1.0592504279032093e-07,-0.025829767458559125,-5.3162543763197325,-4.295409196791907,-0.02198607591000872,1.9274884835615775e-07,0.003996003996003996,True,True,1.0,-0.05437863433486136,-0.15070408537879731,-0.21492105274142123,-0.18419301515257708,-0.1143190104538812,0.6370730889149201,0.0016291381616370308,0.0036836870914406772,353.42928039702235,False,False,-10.558606544630445,-0.03048545228571142,True,False,B
amt_ratio_5_20,20,volume,False,-1.0,-0.028420747136082676,-4.585842438009554,4.521595083505602e-06,-0.028420747136082676,-4.585842438009554,-2.938391770619009,-0.023671675230150072,7.604500822259421e-06,0.007992007992007992,True,True,1.0,-0.026085477696298636,-0.06123489763677509,-0.08466784426375937,-0.09366044868462825,-0.02828856984569328,0.9298788344041387,0.0016398114332433172,0.006930036401068807,352.51256281407035,False,False,-7.504836994257198,-0.03188182175058595,True,False,B
amt_ratio_20_60,1,volume,False,-1.0,-0.026972829328289216,-8.45296245939744,2.840030133863309e-17,-0.026972829328289216,-8.45296245939744,-7.786232273348111,-0.022871809618154257,1.5762167242941364e-16,0.000999000999000999,True,True,1.0,0.042096098922399634,-0.01184551502706099,-0.04780659099336808,-0.06537938155523625,0.042444482137160455,0.07135134120299023,0.0016654555099230852,0.0023861353691384773,352.4921681780709,False,False,3.0408057901171555,0.00670895533413885,False,False,B
amt_ratio_20_60,5,volume,False,-1.0,-0.04318449302445816,-7.210855351931408,5.560149444216252e-13,-0.04318449302445816,-7.210855351931408,-7.214084777398567,-0.04261878094914996,1.9051672477065784e-12,0.000999000999000999,True,True,1.0,0.02282126661956643,-0.020013136624161054,-0.04856940545331271,-0.07123494052782858,0.03244657769115232,0.2832963177495204,0.0016690331555107984,0.003986510097467463,352.24813895781637,False,False,2.630481229841827,0.011521978707780144,False,False,B
amt_ratio_20_60,20,volume,False,-1.0,-0.04840534682910004,-4.023536621384319,5.7330664594873046e-05,-0.04840534682910004,-4.023536621384319,-4.7804123774187,-0.05646733359506258,7.954629712538635e-05,0.03796203796203796,True,True,1.0,-0.0019366351276001107,-0.031297859841806205,-0.05087200965127693,-0.0810819150438539,0.015978782398785963,0.7767519765662987,0.0016880395014534767,0.006325453948822353,351.3140703517588,False,False,3.649816458738299,0.030210158820874078,False,False,B
pv_corr_20,1,volume,False,-1.0,-0.028947805582961453,-12.324649928532082,6.673264945998419e-35,-0.028947805582961453,-12.324649928532082,-12.249126699888,-0.030876866377514158,2.4691080300194152e-33,0.000999000999000999,True,True,,0.043840996648043105,-0.08071783522274618,-0.16375705646993904,-0.1292087709765818,-0.039133936979138695,0.16476035961744614,0.002853126817913411,0.002388710186410594,353.7790601813685,False,False,-8.505034677716218,-0.011751117766435091,True,False,B
pv_corr_20,5,volume,False,-1.0,-0.045142121544526945,-10.191102878190895,2.1728503892792056e-24,-0.045142121544526945,-10.191102878190895,-12.137909028237745,-0.059783444458564955,2.83748697894108e-23,0.000999000999000999,True,True,,0.029342340601721233,-0.038618429612237715,-0.08392560975487698,-0.08091136385593843,0.0011128644916819695,0.44947599347856443,0.0028606293712587793,0.003565842344874718,353.5392886683209,False,False,-7.145060334532082,-0.019185407718631073,True,False,B
pv_corr_20,20,volume,False,-1.0,-0.06490355019860533,-7.993246713204076,1.3143074422078774e-15,-0.06490355019860533,-7.993246713204076,-7.907906252410084,-0.06708589613072447,6.078671920211433e-15,0.000999000999000999,True,True,,0.05161510848760299,0.018311668128083637,-0.0038906254449292675,-0.017981442787024824,0.051772136874701245,0.8810433957544803,0.0028906964524953284,0.005301324226129082,352.6247906197655,False,False,-5.1636266684636,-0.026331306102680276,True,False,B
obv_chg_20,1,volume,False,-1.0,-0.019373929591266277,-6.780303916628507,1.199233393358611e-11,-0.019373929591266277,-6.780303916628507,-8.677580730412652,-0.023710644748290294,3.503023859547522e-11,0.000999000999000999,True,True,,-0.09286649118172602,-0.2881620470998818,-0.41835908437865227,-0.34376481578030316,-0.23969603614694976,0.2583274549181955,0.0011448518775007323,0.0038410153415404194,355.8722176422094,False,False,-2.180362363759203,-0.002544588471774256,True,False,B
obv_chg_20,5,volume,False,-1.0,-0.023820325582201377,-4.4275735314942555,9.529908937037486e-06,-0.023820325582201377,-4.4275735314942555,-4.304870473748545,-0.022435530918521567,1.533072307262552e-05,0.012987012987012988,True,True,,-0.03950198388075494,-0.11958813023259052,-0.17297889446714756,-0.1652776742343984,-0.07219653391430533,0.5296702801047326,0.001148639642190561,0.004852770842924541,355.6368899917287,False,False,-2.3038909810174673,-0.004884955391833691,True,False,B
obv_chg_20,20,volume,False,-1.0,-0.04029701456866667,-4.296444367483574,1.7355949955354714e-05,-0.04029701456866667,-4.296444367483574,-1.958581341508712,-0.018643511501155476,2.6209397329814784e-05,0.017982017982017984,True,True,,0.009512961799809452,-0.024775905523433384,-0.04763515040559528,-0.0676088687336569,0.01679449824461779,0.9071128921492815,0.0011630697884492363,0.007433666151884313,354.7403685092127,False,False,-3.66350216381235,-0.015155554019543509,True,False,B
log_amount_20,1,volume,False,-1.0,-0.032673492324552446,-8.288899091044254,1.1430146260387985e-16,-0.032673492324552446,-8.288899091044254,-11.055614328691592,-0.03665506886748353,5.638872155124739e-16,0.000999000999000999,True,True,,0.1773932297602312,0.15189446914658689,0.13489529540415737,0.09172939289319844,0.22241517432080854,0.03372851933021734,0.0017382574741024546,0.0018668378957048956,354.00412201154165,False,True,-8.81339985022689,-0.02768550106858313,True,True,A候选
log_amount_20,5,volume,False,-1.0,-0.060297658773562024,-7.5927085921992505,3.132865755509088e-14,-0.060297658773562024,-7.5927085921992505,-11.154050532911395,-0.07529802020837938,1.2419574959339598e-13,0.000999000999000999,True,True,,0.14749956721139196,0.12750717250704063,0.11417890937080637,0.07035732435795547,0.19519557531542903,0.13222483270073648,0.001744008532742992,0.003391459177504698,353.76509511993385,False,True,-9.568870996574939,-0.0605278468821893,True,True,A候选
log_amount_20,20,volume,False,-1.0,-0.09308411499048182,-5.588259178885749,2.293571597808275e-08,-0.09308411499048182,-5.588259178885749,-8.006408843812768,-0.12376324480684087,4.803517874655067e-08,0.002997002997002997,True,True,,0.12165234943098055,0.10744005066773295,0.0979651848255679,0.04944366765905819,0.1675190868856022,0.37598673976845476,0.0017639567804096931,0.006104243360381804,352.8500837520938,False,True,-9.273076697947587,-0.1074224879255917,True,True,A候选
amihud_20,1,volume,False,1.0,0.01536166706802523,4.018078470063403,5.8674659215622554e-05,0.01536166706802523,4.018078470063403,7.122330235176951,0.025429102578831398,8.074094446952452e-05,0.03796203796203796,True,True,,0.07706339523123736,0.03847095646879955,0.012742663960507657,-0.02192824470174657,0.10932084412551392,0.05104819942121405,0.004312008479571697,0.003334323636057302,354.00412201154165,False,False,-8.559774146552485,-0.039019619647589696,False,False,B
amihud_20,5,volume,False,1.0,0.03328370015972627,4.357024964757911,1.318422351444492e-05,0.03328370015972627,4.357024964757911,7.432378102473988,0.0539059346148119,2.0467815525921485e-05,0.013986013986013986,True,True,,0.1049134631813273,0.08321773616189007,0.06875391814893198,0.023703360178215734,0.14634560904809293,0.1434902580650608,0.004322405224912503,0.00434356629216814,353.76509511993385,False,True,-7.174411497863693,-0.05945976550544777,False,False,B
amihud_20,20,volume,False,1.0,0.059660548615385986,3.766062770283323,0.00016584211416251156,0.059660548615385986,3.766062770283323,5.693476941075249,0.09590338781115433,0.000214533043420668,0.06793206793206794,True,True,,0.1131259353064624,0.09953471513727373,0.09047390169114791,0.04820887157955585,0.15781454475760884,0.3595560891319759,0.0043571293441784665,0.006901035885797686,352.8500837520938,False,True,-2.6641864961584023,-0.04018619146500123,False,False,B
vol_chg_1,1,volume,False,-1.0,-0.005813030507778611,-3.214668778218967,0.0013059511615850442,-0.005813030507778611,-3.214668778218967,-5.0298530558447245,-0.009009841819309028,0.0015587159025369883,0.20279720279720279,True,True,,-0.15794248409099032,-0.87011865829864,-1.3449027744370732,-0.9122391663985449,-0.8274111273717026,0.942031976465145,0.0057958270811229355,0.0035387080747047587,355.6702390766694,False,False,-1.1864807333845206,-0.0013135822485590368,False,False,B
vol_chg_1,5,volume,False,-1.0,-0.0048282629879645,-3.109575141939731,0.0018735662200093932,-0.0048282629879645,-3.109575141939731,-4.4060815319643964,-0.007233744250469782,0.002224233694342702,0.24275724275724275,True,True,,-0.051114409493182,-0.18606587350501091,-0.2760335161795635,-0.2024111184922292,-0.17040514558966097,0.892536137644371,0.005807272502320539,0.004645564084767839,355.435070306038,False,False,-6.862145233519809,-0.005974355668145574,True,False,B
vol_chg_1,20,volume,False,1.0,-0.003089801187106741,-2.619562358533847,0.008804267425680369,-0.003089801187106741,-2.619562358533847,0.42112606659988394,0.0005086151962327705,0.009972180451535929,0.5374625374625375,False,False,,-0.04333485543973429,-0.07731853279752894,-0.09997431770272537,-0.08886473182200073,-0.0659548692197178,0.8990390835395411,0.00536350043466349,0.007004596740693802,354.536850921273,False,False,,,False,False,C
abnormal_amt_1,1,volume,False,-1.0,-0.02658416653690529,-9.846567021113458,7.092522942520296e-23,-0.02658416653690529,-9.846567021113458,-10.736799298480022,-0.02945817060018461,7.497809967807171e-22,0.000999000999000999,True,True,,-0.1495007425622017,-0.5064436170697795,-0.7444055334081646,-0.5497139574941695,-0.4598049596797436,0.4721466594015579,0.003684682554088576,0.0033742167114726245,353.87798845836767,False,False,-14.681677816275903,-0.026188736510358,True,False,B
abnormal_amt_1,5,volume,False,-1.0,-0.025077976675774317,-5.640697032869067,1.693631385437555e-08,-0.025077976675774317,-5.640697032869067,-5.6432624629889485,-0.02545374842724008,3.6503511414285165e-08,0.002997002997002997,True,True,,-0.08034732865244651,-0.18405407563467313,-0.2531919069561575,-0.2184882850726922,-0.14823154026110855,0.6858911837448849,0.0036929992535609884,0.003757472922663436,353.63854425144746,False,False,-11.653694898135743,-0.031422639256097215,True,False,B
abnormal_amt_1,20,volume,False,-1.0,-0.024584553476734147,-4.351197987801666,1.3539572218013624e-05,-0.024584553476734147,-4.351197987801666,-2.439909996807415,-0.01675818339180389,2.072955194757948e-05,0.014985014985014986,True,True,,-0.03854426871034021,-0.07374591767930758,-0.09721368365861914,-0.10280148428095695,-0.04519839027054075,0.9312605547345862,0.003715911736030138,0.007147916708877888,352.7244556113903,False,False,-7.978417354401542,-0.03296862365814944,True,False,B
streak,1,ashare,False,-1.0,-0.022519642101407597,-8.418994358616825,3.797296879523112e-17,-0.022519642101407597,-8.418994358616825,-12.584362037398337,-0.03494962194956095,2.056097334766173e-16,0.000999000999000999,True,True,,-0.2752085131658844,-0.6017597074079795,-0.8194605035693762,-0.7148624751292568,-0.5096208139140296,0.4319460241297553,0.0005278625453170465,0.0054228593648495025,303.2877164056059,False,False,-5.379161083516685,-0.009186451903053804,True,False,B
streak,5,ashare,False,-1.0,-0.013636644455821769,-3.8384189477414585,0.00012382907543211666,-0.013636644455821769,-3.8384189477414585,-8.815230047029146,-0.02896405059119481,0.00016266304583390472,0.053946053946053944,True,True,,-0.145227330580154,-0.2824183042353199,-0.37387895333876375,-0.345254858219366,-0.22985398885517522,0.9073477093595627,0.0005296089888085835,0.0056077427587243114,303.11248966087675,False,False,-0.7163460006963756,-0.0014760898716050564,False,False,B
streak,20,ashare,False,-1.0,-0.007278992872719392,-2.1634004511906153,0.030510392910898493,-0.007278992872719392,-2.1634004511906153,-0.8759972213951025,-0.0036257572012338007,0.03353122389217557,0.8351648351648352,True,False,,-0.07058085408676726,-0.10491556939262761,-0.12780537959653446,-0.13274887179682796,-0.08030965941807913,0.9083258017423365,0.0005341944150381738,0.007521713428746073,301.99497487437185,False,False,,,False,False,C
gap_1,1,ashare,False,1.0,0.01497935420588098,7.961234006285307,1.703319025169831e-15,0.01497935420588098,7.961234006285307,4.805079021368433,0.009059363598492002,7.717078032402091e-15,0.000999000999000999,True,True,,-0.005495266570223999,-0.638493058746764,-1.0604915868644573,-0.6885517416774941,-0.5815993776489957,0.8372986669001851,0.013027860544067604,0.003962951664131838,355.8689200329761,False,False,13.685463320061189,0.015317216681500241,True,False,B
gap_1,5,ashare,False,1.0,0.01785500478224573,9.716454479278504,2.5655958922692542e-22,0.01785500478224573,9.716454479278504,6.639797651430188,0.014973400097639542,2.4763577742772804e-21,0.000999000999000999,True,True,,-0.036549941560172494,-0.16754108906271198,-0.2548685207310716,-0.20042326517233722,-0.13410880152512944,0.8663435681384886,0.013059381688686937,0.004971095707269064,355.63440860215053,False,False,12.467583335401232,0.013792817451813731,True,False,B
gap_1,20,ashare,False,1.0,0.025660942697609466,11.619110269443897,3.2955030395341083e-31,0.025660942697609466,11.619110269443897,6.435693987847143,0.01668520073196616,8.128907497517468e-30,0.000999000999000999,True,True,,-0.022230165646176636,-0.055383049008916774,-0.07748497125074352,-0.0805070064880106,-0.029595468656258866,0.8770604064216965,0.013153312409763073,0.0066038500160755745,354.73785594639867,False,False,11.139595264504047,0.016681395157049493,True,False,B
upper_shadow_5,1,ashare,False,-1.0,-0.03562583136379706,-11.409863350440858,3.733153207327209e-30,-0.03562583136379706,-11.409863350440858,-8.17480950154047,-0.024856597531312558,7.534181927514913e-29,0.000999000999000999,True,True,,-0.09907812467798154,-0.35543972419467323,-0.526347457205801,-0.40862661918495374,-0.30505162250505985,0.3391026448633488,0.0041767095314662805,0.003450969621072303,355.0445177246496,False,False,-5.717590433220713,-0.008628783936917638,True,False,B
upper_shadow_5,5,ashare,False,-1.0,-0.05141969917185498,-8.583173755934157,9.229079141381621e-18,-0.05141969917185498,-8.583173755934157,-7.021102273482696,-0.03966723396413566,5.691265470518666e-17,0.000999000999000999,True,True,,-0.05580292281017496,-0.16536701561666683,-0.23840974415432817,-0.21164096452778997,-0.12127075481300802,0.7246302434291793,0.004184721565417902,0.004046422546857319,354.8089330024814,False,False,-4.50743335569891,-0.011321347542062486,True,False,B
upper_shadow_5,20,ashare,False,-1.0,-0.06771708530779667,-5.454876776584709,4.90068176578276e-08,-0.06771708530779667,-5.454876776584709,-5.078702978058058,-0.051837685247024666,9.528717330320867e-08,0.003996003996003996,True,True,,-0.023376121690664116,-0.0525258933786366,-0.0719590745039516,-0.09950915468616903,-0.010758439972623662,0.7711579811632933,0.004217743422559945,0.0064299190894683425,353.90536013400333,False,False,-2.4139302214685747,-0.011424793565623667,True,False,B
lower_shadow_5,1,ashare,False,-1.0,-0.03681585820673179,-12.137532191746155,6.6810757927910894e-34,-0.03681585820673179,-12.137532191746155,-10.971528660662075,-0.029435607388779896,2.1188554657137456e-32,0.000999000999000999,True,True,,0.00330924739832772,-0.26533822592946943,-0.4444365414813342,-0.3133151064246625,-0.2190888681237651,0.3553538006981443,0.002489323014898651,0.002428216734549425,355.0445177246496,False,False,-12.865184386252743,-0.017618319594492587,True,False,B
lower_shadow_5,5,ashare,False,-1.0,-0.05478688499013927,-9.581837516615916,9.533349472016872e-22,-0.05478688499013927,-9.581837516615916,-8.915292997131727,-0.04681047241040101,7.444895472836227e-21,0.000999000999000999,True,True,,0.004834018408170324,-0.10898098151002193,-0.1848576481221501,-0.14889993439932547,-0.0711709637684339,0.7527447084536525,0.002495626442140543,0.003255172542891811,354.8089330024814,False,False,-8.264773987538247,-0.01904613057133025,True,False,B
lower_shadow_5,20,ashare,False,-1.0,-0.0695345701414785,-6.1146916182889255,9.674386070544412e-10,-0.0695345701414785,-6.1146916182889255,-6.432603311545772,-0.061022171615616454,2.4973415205358833e-09,0.000999000999000999,True,True,,0.001537067200890772,-0.02797968343734858,-0.0476575171961748,-0.07015262686081157,0.007890410947528174,0.7808664190010409,0.002517189827616603,0.005170349666998539,353.90536013400333,False,False,-5.091860402775112,-0.018615753720592466,True,False,B
limit_up_20,1,ashare,False,-1.0,-0.04096766034096339,-17.905892916252405,1.0608015696497102e-71,-0.04096766034096339,-17.905892916252405,-13.682480564242253,-0.03208147463522107,2.3549794846223567e-69,0.000999000999000999,True,True,,0.06429203918507899,0.05733521508134359,0.052697332345519994,0.04430657800017727,0.07139428802343178,0.009202148285364272,0.0007865875681074488,0.0023091655753709156,2948.2745259686726,False,True,-7.625905102975592,-0.01976071371338804,True,False,A候选
limit_up_20,5,ashare,False,-1.0,-0.06595625244389391,-14.665524209870268,1.0718614908797958e-48,-0.06595625244389391,-14.665524209870268,-13.583618160528069,-0.06183760187572807,7.931775032510489e-47,0.000999000999000999,True,True,,0.04499198577551909,0.03842541899184678,0.03404770780273191,0.027606912076327546,0.05031250449757583,0.043429674495187205,0.0007885318529477067,0.0037717801815602154,2945.543424317618,False,True,-6.616216227518466,-0.03260973076492328,True,False,A候选
limit_up_20,20,ashare,False,-1.0,-0.08433611820822123,-11.489465625318742,1.4903093880486363e-30,-0.08433611820822123,-11.489465625318742,-8.789039893110383,-0.08065693172970684,3.3084868414679726e-29,0.000999000999000999,True,True,,0.03176005729659317,0.025998650163506172,0.022157712074781514,0.017877644145948467,0.03522672417441337,0.1524181781239945,0.0007957350973332757,0.005964046053537105,2935.9514237855947,False,True,-3.6335818112366343,-0.035826090068598215,True,False,A候选
limit_down_20,1,ashare,False,-1.0,-0.012148292241329638,-5.575740854936321,2.4647861902634693e-08,-0.012148292241329638,-5.575740854936321,-0.5681250459716424,-0.0016556426103706654,5.043979430142305e-08,0.002997002997002997,True,True,,-0.0061669345366603245,-0.011166409776629069,-0.01449939326994157,-0.046791982997457605,0.013982445076817257,0.006613062486731138,0.0023924198065877118,0.0023067496904339573,3271.3998351195382,False,False,-3.234122506984001,-0.009556074795683541,True,False,B
limit_down_20,5,ashare,False,-1.0,-0.01796494980457519,-4.220470396148211,2.437930721900288e-05,-0.01796494980457519,-4.220470396148211,-0.2759349469656754,-0.0014969312437827437,3.560661975407e-05,0.02097902097902098,True,True,,-0.02021756926063313,-0.024097264545224366,-0.026683728068285183,-0.059444866005891085,-0.00010892955450325043,0.025659360347825625,0.0023971596767929843,0.003906935956099936,3268.449958643507,False,False,-2.339279962364973,-0.012732188502717264,True,False,B
limit_down_20,20,ashare,False,1.0,-0.020155845730048506,-3.015367387679467,0.0025666815077811495,-0.020155845730048506,-3.015367387679467,0.2577413112251564,0.0027619141964614928,0.002967725493371954,0.3026973026973027,False,False,,-0.0873373394572055,-0.11973646211957603,-0.14133587722782304,-0.17350139067561626,-0.06684529703733563,0.8571196471526595,0.0037520630329993974,0.00983257270207507,174.88693467336682,False,False,,,False,False,C
close_pos_1,1,ashare,False,-1.0,-0.028878523308753252,-9.848515172884444,6.956403977240045e-23,-0.028878523308753252,-9.848515172884444,-2.2348981495619054,-0.006705679287791269,7.497809967807171e-22,0.000999000999000999,True,True,,0.00686829312987768,-0.6651168237302675,-1.1131069016370312,-0.7242605154208234,-0.6153854790547408,0.8888692021959592,0.000600320189204282,0.0032235401953583597,372.9587798845837,False,False,-14.941292086904882,-0.02777796160595441,True,False,B
close_pos_1,5,ashare,False,-1.0,-0.01605414610510013,-5.878251680074712,4.146221965128413e-09,-0.01605414610510013,-5.878251680074712,-6.212040363009012,-0.01939018728075544,9.697697258682103e-09,0.002997002997002997,True,True,,-0.01423211446960046,-0.14878321966750224,-0.23848395646610343,-0.17136407430809017,-0.12981438801323192,0.8898882618908847,0.000600373813879774,0.004401246869423934,372.7799834574028,False,False,-9.78998171097061,-0.014624933900318667,True,False,B
close_pos_1,20,ashare,False,-1.0,-0.009058127042988591,-3.224866345427723,0.0012603149224507972,-0.009058127042988591,-3.224866345427723,-0.805248091896537,-0.002366876866707835,0.0015123779069409567,0.2007992007992008,True,True,,-0.024538363050069806,-0.058168064135675615,-0.08058786485941283,-0.07252350017189006,-0.0467286624416624,0.8896746318943337,0.0006059593739166663,0.006568833599672411,372.10217755443887,False,False,-7.289644206155776,-0.01231933619197317,True,False,B
intraday_ret_1,1,ashare,False,-1.0,-0.03436916428499007,-10.395460320857024,2.600283265709908e-25,-0.03436916428499007,-10.395460320857024,-7.67371018275493,-0.02472875728262107,3.848419233250664e-24,0.000999000999000999,True,True,,0.08865146755679587,-0.5621251126255683,-0.9959761660804776,-0.6302939463432082,-0.4981840804742424,0.8608155822518043,0.0017290121871096629,0.003834129019194303,355.79225061830175,False,False,-16.138679460788566,-0.03784648492497739,True,False,B
intraday_ret_1,5,ashare,False,-1.0,-0.022818355601686983,-6.8643801242745655,6.678059083259791e-12,-0.022818355601686983,-6.8643801242745655,-10.281719863893693,-0.033910102373638264,1.9767054886448978e-11,0.000999000999000999,True,True,,-0.015711012850720373,-0.14637781677936068,-0.23348901939845418,-0.18099763150481532,-0.1125719018485893,0.8641984386814834,0.0017347326575384789,0.00504161708532217,355.55665839536806,False,False,-13.244341634985854,-0.028612162484362828,True,False,B
intraday_ret_1,20,ashare,False,-1.0,-0.017145303103933897,-5.878104250429402,4.14991549358018e-09,-0.017145303103933897,-5.878104250429402,-2.964842913309485,-0.011308003714417895,9.697697258682103e-09,0.002997002997002997,True,True,,-0.038533265087692115,-0.0715138653085856,-0.09350093212251459,-0.09842310723365601,-0.044509447043995495,0.8725026513463888,0.0017526121322577273,0.0066702655692845335,354.65912897822443,False,False,-12.445521274015912,-0.03180416969780705,True,False,B
overnight_ret_5,1,ashare,False,1.0,0.009611525634787009,5.513870856546988,3.5102621775875226e-08,0.009611525634787009,5.513870856546988,1.7895075332697719,0.003591250159552096,7.020524355175045e-08,0.003996003996003996,True,True,,-0.08815268461459282,-0.35794078617882874,-0.5377995205549861,-0.4115529621976138,-0.3019543304939295,0.3568625682066613,0.010980087682729171,0.004060269855515631,355.0445177246496,False,False,6.368612389279522,0.006240003963431562,True,False,B
overnight_ret_5,5,ashare,False,1.0,0.017197628524277555,5.574912124777705,2.4765484589437442e-08,0.017197628524277555,5.574912124777705,1.9186577956003004,0.006745469790749709,5.043979430142305e-08,0.002997002997002997,True,True,,-0.06691516843634135,-0.1961258984777459,-0.28226638517201563,-0.2358910748811529,-0.15614033520690673,0.8545683203796595,0.01100482924755068,0.005238942030664746,354.8089330024814,False,False,5.883048844250946,0.009934732418891016,True,False,B
overnight_ret_5,20,ashare,False,1.0,0.032517677122379254,7.8402780009031945,4.4955004439255956e-15,0.032517677122379254,7.8402780009031945,2.451902451994963,0.012772877645528053,1.9192328818297735e-14,0.000999000999000999,True,True,,-0.02321581281059809,-0.05607120718014158,-0.07797480342650392,-0.08691138416060214,-0.025974000582513063,0.8691903272366005,0.01109039664390954,0.006664318579149244,353.90536013400333,False,False,7.1271536547917655,0.01701365938160589,True,False,B
ev_macd_golden,1,events,True,-1.0,-0.0011010524443156328,-5.81208945077728,6.169785537916265e-09,-0.00782007313364487,-7.644481140068391,-3.094937502342642,-0.009000493502467649,1.3976452953238884e-08,0.002997002997002997,True,True,,-0.3011058427436972,-1.057105842743697,-1.5611058427436975,-1.1507878554994304,-0.9673226807263497,1.0,0.007838919157525472,0.0032767200969568066,137.36933223413027,True,False,-6.498622690822007,-0.01982210706999243,True,False,B
ev_macd_golden,5,events,True,-1.0,-0.004134623158980571,-7.267927342759714,3.650450311140473e-13,-0.008965811872671196,-6.625520517737491,-8.355816522722256,-0.014581380983480849,1.3285245394642378e-12,0.000999000999000999,True,True,,-0.22036566628356208,-0.36860589961117685,-0.4674327218295867,-0.4232209691893045,-0.3146773380003137,0.9804248235953357,0.007843914376960788,0.004713449729903084,137.4177005789909,True,False,-8.618148236539525,-0.03142654375758167,True,False,B
ev_macd_golden,20,events,True,-1.0,-0.005801861741546088,-5.085014003922032,3.6759894541144283e-07,-0.005922459933345107,-3.9393840465350083,-4.950415471077024,-0.008492182010896167,6.528557270507225e-07,0.003996003996003996,True,True,,-0.07497640299282206,-0.11142804800481979,-0.1357291446794849,-0.13703125498769061,-0.08482433697136214,0.9643292331216323,0.00783057692505566,0.006954152207436287,137.6465661641541,True,False,-6.648953607800244,-0.02877821601529571,True,False,B
ev_macd_dead,1,events,True,-1.0,-0.0006618930787954919,-2.96623754122168,0.003014675474644174,-0.0006263396438636939,-0.5401729558859647,-2.4110047368763325,0.0004303973681779706,0.0034676577998497752,0.3146853146853147,True,False,,-0.2813132577097857,-1.0373132577097859,-1.541313257709786,-1.2109512955552337,-0.8982857690557771,1.0,0.0005353740720701791,0.0057550865173284565,139.77493816982687,True,False,,,False,False,C
ev_macd_dead,5,events,True,-1.0,-0.0024201608605236187,-3.7655020038742473,0.00016621479039799505,-0.004599777118472016,-2.857847429856321,-0.17956033744718047,0.002920472439257794,0.000214533043420668,0.06793206793206794,True,True,,-0.12232635126588287,-0.27063832176365793,-0.3695129687621746,-0.33781594432110823,-0.21251948044257646,0.9808992757789353,0.0005371453675939844,0.004945389261354466,140.05789909015715,True,False,-2.1378250424590446,-0.00830102129835523,True,False,B
ev_macd_dead,20,events,True,-1.0,-0.007186648430195414,-4.293806380495077,1.7563565784633727e-05,-0.007543950908807065,-4.05599398971065,-3.942016395483973,-0.0060906260135070766,2.6209397329814784e-05,0.01898101898101898,True,True,,-0.09033481591336635,-0.12679461714504298,-0.15110115129949406,-0.1611747147177349,-0.08911622554166598,0.9645450061290108,0.0005438934249758184,0.006527247234564305,138.9932998324958,True,False,-1.8325285481253155,-0.00685449574158382,False,False,B
ev_kdj_golden_low,1,events,True,-1.0,-0.0009248638650993262,-3.5641736315151435,0.00036500429056456394,-0.0039031037101275074,-3.582099809430982,-1.4846013135273435,-0.0028370954437545812,0.00045523007025468086,0.1038961038961039,True,True,,-0.31050626274166276,-1.0521715554044824,-1.5466150838463621,-1.1605524239734815,-0.9328525650125981,1.0,0.0021093510616641145,0.0032314101946755397,100.79579831932773,True,False,-4.882334192201564,-0.022816329774501595,True,False,B
ev_kdj_golden_low,5,events,True,-1.0,-0.003680753499545538,-5.642863832272681,1.6724461743661807e-08,-0.0059078607101409435,-4.096325043215976,-6.946270615809611,-0.009347637355971475,3.640029908914629e-08,0.002997002997002997,True,True,,-0.2403137789589124,-0.3838773055953485,-0.4795863233529725,-0.44578463665004103,-0.32806071902299816,0.9679076868104693,0.00211382037009824,0.003735820233545456,99.13490725126475,True,False,-6.147030778052552,-0.03456909804964503,True,False,B
ev_kdj_golden_low,20,events,True,-1.0,-0.0049323879799209845,-3.0853252411038357,0.0020332967444474663,-0.0016927596310224785,-0.8958020865374144,-4.280433722465203,-0.00636097086783972,0.002401020623762434,0.25574425574425574,True,True,,-0.07479364800120634,-0.11107309168708901,-0.13525938747767746,-0.14936823564309865,-0.06999882245654795,0.9786248754274123,0.0021408974884171753,0.007009467972763818,99.55251921434672,True,False,-2.3550778007517748,-0.015600784309006657,True,False,B
ev_rsi6_oversold,1,events,True,-1.0,-0.0021608895273063367,-5.883716138508398,4.011556263965136e-09,-0.002921137091957331,-1.6385903135709399,-3.8028683118387216,-0.00403721000433543,9.5759730172071e-09,0.002997002997002997,True,True,,-1.0167936307202554,-1.3107631435694034,-1.5067428188021685,-1.655399871054299,-1.0246188928051743,0.39904678990637377,0.0003681807392349706,0.017106193451875862,188.00338409475467,True,False,-7.0566792830057965,-0.04547213747729402,True,False,B
ev_rsi6_oversold,5,events,True,-1.0,-0.007624048268034207,-5.936035220548502,2.9199709877995265e-09,-0.0015071682718446403,-0.5434624365071884,-4.282532891146225,-0.005238577770592624,7.202595103238832e-09,0.001998001998001998,True,True,,-0.4217527920201789,-0.5340995240000318,-0.6089973453199338,-0.6776506076112796,-0.4044516236889735,0.7625874664463698,0.000369430928502322,0.010078683857812352,187.2402376910017,True,False,-6.745237973191687,-0.060503952060927714,True,False,B
ev_rsi6_oversold,20,events,True,-1.0,-0.015108984888648412,-4.067075582120842,4.7606805780837146e-05,0.0011341168239446934,0.2698639892437635,-3.6295389921499934,-0.0073376571321211986,6.731662983022833e-05,0.03496503496503497,True,True,,-0.1986896614748808,-0.23368575619354606,-0.2570164860059897,-0.3184015604016169,-0.15193894714754935,0.950500600392308,0.00035156822365088836,0.012885963257665643,186.07996560619088,True,False,-4.734916213277327,-0.06659801278269119,True,False,B
ev_rsi6_overbought,1,events,True,-1.0,-0.003910217741608316,-9.759037489772776,1.6874912428807215e-22,-0.02537315292032713,-14.833011418464377,-10.358550900512583,-0.036813575822772594,1.7028320723614553e-21,0.000999000999000999,True,True,,-1.044095615006358,-1.4239720444506982,-1.6772229974135917,-1.6545731632803569,-1.2020757824909005,0.5024820495295504,0.0337652973591727,0.013862813144827435,154.43693322341304,True,False,-10.326136728692967,-0.048915886526606805,True,False,B
ev_rsi6_overbought,5,events,True,-1.0,-0.009436833543457946,-7.709739637662197,1.2607467830564802e-14,-0.029204404823808174,-9.806806086994344,-9.091266810430728,-0.03619293589652255,5.280863883746011e-14,0.000999000999000999,True,True,,-0.47974213760093604,-0.6104849799039566,-0.697646874772637,-0.730033879334801,-0.50282519950127,0.8647013379829397,0.03358025915180837,0.010405368660932916,154.88585607940448,True,False,-10.394195141931952,-0.06505683460972152,True,False,B
ev_rsi6_overbought,20,events,True,-1.0,-0.017346882038118006,-5.4454809838463705,5.166558306692382e-08,-0.027224044778383864,-7.152697277574815,-3.967352666471105,-0.0260004724790694,9.887723655911282e-08,0.003996003996003996,True,True,,-0.2201318177031283,-0.25612378423791243,-0.2801184285944351,-0.3329978713912804,-0.18696515599827696,0.95216842684614,0.03376737128975575,0.009143472754944839,154.92378559463987,True,False,-8.140217048137647,-0.07132454188485582,True,False,B
ev_break_high_20,1,events,True,-1.0,-0.003809244350402656,-11.207094396904397,3.763455916436618e-29,-0.029962808743036654,-17.385461376807434,-6.7647690028756875,-0.0302166491795724,6.962393445407744e-28,0.000999000999000999,True,True,,-0.9902143698274825,-1.5439142691754528,-1.913047535407433,-1.7326567979959995,-1.3760892322503722,0.7324072742698021,0.02893975888254537,0.01092364084333917,167.02638087386646,True,False,-15.562175447868542,-0.059455925530425086,True,False,B
ev_break_high_20,5,events,True,-1.0,-0.009914717180406011,-10.05627882976977,8.619496254292047e-24,-0.03544631367171962,-13.082402019695543,-10.463069735116248,-0.03709997879956059,1.0630712046960192e-22,0.000999000999000999,True,True,,-0.49363142353903333,-0.6328347596076884,-0.7256369836534584,-0.7345987867039757,-0.5385359983256853,0.920656984581052,0.028810723486562113,0.008351845013627103,167.45988420181968,True,False,-16.646468476461212,-0.0861227496188511,True,False,B
ev_break_high_20,20,events,True,-1.0,-0.018411018062171526,-7.21947109547618,5.219015985617298e-13,-0.03426665884432487,-9.947785991020691,-5.491166604434928,-0.028814631648662287,1.8390818235032382e-12,0.000999000999000999,True,True,,-0.22873369669741347,-0.2648584997072524,-0.2889417017138117,-0.3283362701492719,-0.20898266193894424,0.9556826193079078,0.028860388038573877,0.006824017739146901,167.69011725293132,True,False,-12.837899722183515,-0.08880986663305489,True,False,B
ev_break_low_20,1,events,True,-1.0,-0.0023201731708814032,-6.631336252359043,3.326614445083614e-11,-0.0017881913324803685,-0.9529280105890566,-2.246149991188532,-0.002524076058280337,9.591018270241068e-11,0.000999000999000999,True,True,,-0.9634615866220261,-1.4704150489171068,-1.808384023780494,-1.8346854114874924,-1.2021204011828912,0.6904970196143729,0.0002558767208890793,0.013692989830132842,218.99405772495754,True,False,-6.46991194778866,-0.050296594736473986,True,False,B
ev_break_low_20,5,events,True,-1.0,-0.007082944585312006,-6.28526922530045,3.272860080530758e-10,-0.001074921177008066,-0.42429992739291894,-1.2007184966846947,-0.0008388243023661741,8.649701641402719e-10,0.000999000999000999,True,True,,-0.46555636407393414,-0.5970871649101033,-0.6847743654675493,-0.7320958804653037,-0.4867960799494198,0.8958470690519481,0.00025674853254457875,0.008109238735442581,218.31431005110733,True,False,-6.480772647600347,-0.06057117773932254,True,False,B
ev_break_low_20,20,events,True,-1.0,-0.011379931186173553,-4.399333390004491,1.0858390430100024e-05,0.0007315534103425257,0.2285158761312767,-2.39222874484548,-0.0007154073498631444,1.7096189187817058e-05,0.012987012987012988,True,True,,-0.20117232376479527,-0.23616308946735498,-0.2594902666023948,-0.3037186265050061,-0.17876913509004738,0.9536357799977244,0.0002531636329486282,0.010761270324740361,214.73684210526315,True,False,-5.049552452577301,-0.05267894215774981,True,False,B
ev_ma_golden_5_20,1,events,True,-1.0,-0.0007807076552644715,-3.231205979083266,0.0012326907292807892,-0.00541046366139379,-5.473936399815887,-4.213588236889931,-0.008779568630586947,0.0014872681625018216,0.1998001998001998,True,True,,-0.17784412959504386,-0.9319743851597596,-1.4347278888695698,-1.0317871925257638,-0.8193267928425771,1.0,0.007017509550652813,0.0029157938306750963,110.60661157024794,True,False,-4.49863027700705,-0.017346781886018996,True,False,B
ev_ma_golden_5_20,5,events,True,-1.0,-0.0028476494901794633,-4.4128018316571405,1.0204138970687011e-05,-0.003986265018226715,-2.7636718767209056,-5.8659369817118385,-0.009479600067899765,1.629725792440659e-05,0.012987012987012988,True,True,,-0.1432215755127179,-0.292718783348604,-0.3923835885725281,-0.3456204516753306,-0.23302087794296514,0.9911976946922479,0.006981344915873172,0.004861669719646257,110.85323383084577,True,False,-4.522813743877236,-0.02128083710479252,True,False,B
ev_ma_golden_5_20,20,events,True,-1.0,-0.005682906330020034,-4.260741462566236,2.0374982011121358e-05,-0.004849193712450871,-3.1109984927883483,-3.464681756053533,-0.005915375892733726,2.995527156601948e-05,0.01998001998001998,True,True,,-0.07369760622915286,-0.11028056531485578,-0.13466920470532437,-0.14072938949429326,-0.08116971246249682,0.9702409417262906,0.006994499663758232,0.006255785214533289,110.86649874055415,True,False,-5.027327628992943,-0.027108004326590694,True,False,B
ev_limit_up,1,events,True,-1.0,-0.009788670149066763,-17.121240071909437,1.0305641076461749e-65,-0.03969987234853866,-26.16959066551603,-9.875392677583013,-0.024411906471049315,1.1439261594872542e-63,0.000999000999000999,True,True,,-2.5081834341711944,-3.1586212464221894,-3.5922464545895196,-3.441792842847483,-2.908463012988722,0.8603674765224802,0.09865453233443329,0.018651303676281795,45.44023083264633,True,False,-20.405795460835826,-0.14299494640048993,True,False,B
ev_limit_up,5,events,True,-1.0,-0.020730040737347993,-14.424612662196216,3.62298099136635e-47,-0.047330141837992085,-23.921688695753346,-13.163244319337132,-0.03273412711668595,2.010754450208324e-45,0.000999000999000999,True,True,,-1.0126830741707251,-1.1565146975288958,-1.2524024464343424,-1.3006180481345457,-1.0268060723807522,0.9512673502524497,0.09874142529758739,0.012437048373933392,45.4656741108354,True,False,-22.243057237720855,-0.18048557806157378,True,False,B
ev_limit_up,20,events,True,-1.0,-0.03695670460270605,-12.00889286409713,3.1908823626830455e-33,-0.05095529887579721,-17.154350298893014,-10.127686169495307,-0.035894887625489647,8.854698556445451e-32,0.000999000999000999,True,True,,-0.46358697292076456,-0.5002753123783544,-0.5247342053500809,-0.5692078073826651,-0.43029254940987693,0.9705909909415285,0.09898747341751028,0.007906386224315868,45.60050251256281,True,False,-16.180530074438085,-0.18965459918736405,True,False,B
ev_limit_down,1,events,True,-1.0,-0.011689798202088156,-8.852626572802302,8.548330251123285e-19,-0.015998717554646394,-11.709404707479631,-5.926290865683788,-0.01671373083031463,5.75069489621021e-18,0.000999000999000999,True,True,,-6.086319640512978,-6.626184722026757,-6.986094776369275,-7.918942154788381,-5.452973529903951,0.773403656316389,0.0015103954511037695,0.12363292667443082,19.62410714285714,True,False,-13.077546619800179,-0.17819794627370747,True,False,B
ev_limit_down,5,events,True,-1.0,-0.024849963833638883,-8.535077136842702,1.4006195169771473e-17,-0.01791487902321307,-13.17004111306572,-4.792950503057788,-0.019706500906513484,8.403717101862884e-17,0.000999000999000999,True,True,,-1.577210566094787,-1.7126930375454106,-1.8030146851791595,-2.00805530578556,-1.447957250485556,0.9707187659050401,0.0015158090548711665,0.027304743301104814,19.669354838709676,True,False,-13.107393723482891,-0.1882988723479549,True,False,B
ev_limit_down,20,events,True,-1.0,-0.04094750695669151,-6.97062309916797,3.1554028248731107e-12,-0.01912667459011242,-11.088324210963016,-3.4086190668688285,-0.015673263114099462,9.466208474619332e-12,0.000999000999000999,True,True,,-0.6349986664042158,-0.6695203746385067,-0.6925348467947008,-0.7859870758107727,-0.5689611094480751,0.9904156306134257,0.0014456338816949189,0.014310460247743967,19.831062670299726,True,False,-9.636819025555772,-0.17730704110758097,True,False,B
