口径,日期,行业,当日跌幅,市场当日涨跌,前60日超额,放量倍数,成交占比分位,距RS高点天数,前60日大跌次数,次日涨跌,L0_20日超额,L0_60日超额,20日内收复,结果
跌幅≥10%,2015-07-07,电子化学品,-0.10004459289494494,-0.06558349137539154,0.1502993829127931,0.2639930581111776,0.18,1.0,5.0,0.008885915586913207,0.20450330853159926,0.0558356307000103,1.0,机会
跌幅≥10%,2015-08-18,电机,-0.10000045738910335,-0.08278548696045196,0.2639086608889011,0.7391141259905953,0.82,0.0,12.0,0.014019413167136507,-0.09034228002434985,0.08226037828964117,0.0,中性
跌幅≥10%,2020-02-03,半导体,-0.10967349006624161,-0.0900369157681159,0.3947433201130701,0.43049252130347765,0.996,0.0,0.0,0.03691378668703971,0.05522958464416439,-0.01199871034221367,1.0,机会
跌幅≥10%,2023-12-22,游戏,-0.11201105001137446,-0.014672037024324736,0.15661200766986627,1.334906162191269,0.8706666666666667,4.0,0.0,-0.03542235395799054,-0.01819627292532766,-0.014083804770157582,0.0,趋势结束
跌幅≥10%,2024-10-09,电池,-0.12707486861040718,-0.07963207571723896,0.24520595169255643,3.2349380692557532,0.72,0.0,0.0,-0.004423178392968019,-0.054553429446713375,-0.06681165133407219,0.0,趋势结束
跌幅≥10%,2024-11-18,教育,-0.10407990476607543,-0.026026374535812025,0.23809382822335112,1.1806651777639074,0.956,0.0,1.0,0.011006572671810044,0.1666948323972468,0.03962947025202879,1.0,机会
跌幅≥10%,2025-04-07,塑料制品,-0.1392049279806281,-0.11353703273366667,0.10796802822319118,0.8842740371996486,0.904,5.0,0.0,-0.0018366817876728225,0.08596534807308687,0.09484532312411265,1.0,机会
跌幅≥10%,2025-04-07,汽车零部件,-0.1195236833036577,-0.11353703273366667,0.11178664156772111,0.5320130451056897,0.7986666666666666,10.0,1.0,-0.043676726325192816,0.06675797095248592,0.0015382822807605834,1.0,机会
跌幅≥10%,2025-04-07,电机,-0.11551572598576054,-0.11353703273366667,0.21753408299741417,0.31434078044296543,0.832,18.0,3.0,-0.06298416243658411,0.034646048997608814,-0.09173943485875302,1.0,机会
跌幅≥10%,2025-04-07,通用设备,-0.14093098165218643,-0.11353703273366667,0.15217615622602554,0.6688840798243457,0.9626666666666667,10.0,1.0,-0.015825086542711864,0.05997881082147649,-0.0037236050675568677,1.0,机会
跌幅≥10%,2025-11-21,能源金属,-0.1021409791707758,-0.03528630085660456,0.5444319383839058,0.9979690834436256,1.0,0.0,2.0,-0.04762016186613793,-0.025476603760768324,0.002273319017485731,0.0,中性
跌幅≥10%,2026-07-20,电子化学品,-0.10534026578035649,-0.02207659912938531,0.3663910600882868,0.666703140855803,0.9373333333333334,12.0,9.0,0.09713939516719394,0.07870003120718372,,1.0,未知(数据不足)
跌幅≥3σ,2015-01-19,银行,-0.09968497673167209,-0.04941177145547471,0.45501135203495036,1.0564701252546636,0.988,9.0,1.0,0.0018625534649667763,-0.13939721618844259,-0.32465048343173586,0.0,趋势结束
跌幅≥3σ,2015-05-28,光伏设备,-0.07957148818480331,-0.06958374897934727,0.45035135017550965,1.5944276818205059,0.43333333333333335,0.0,1.0,-0.008993234937586414,-0.01082427232947758,-0.03951416456178747,1.0,趋势结束
跌幅≥3σ,2015-07-08,石油行业,-0.09579894177268777,-0.0779141398005021,0.17234558368773456,1.061466412077669,0.9933333333333333,0.0,4.0,0.06994802450445015,-0.2420834080840244,-0.1894547432650866,1.0,趋势结束
跌幅≥3σ,2015-08-24,银行,-0.09115476739815909,-0.09760380264851942,0.12782180253798348,1.6690942392065322,0.208,32.0,3.0,-0.06503649978232628,0.16237417144574562,-0.034015613009620305,1.0,机会
跌幅≥3σ,2016-01-04,专业服务,-0.09714994274967637,-0.08829201408428622,0.23874749090696135,0.6810169571867011,0.8506666666666667,10.0,3.0,-0.046866475695983345,-0.07220336516109493,-0.09450150781047939,0.0,趋势结束
跌幅≥3σ,2016-01-04,半导体,-0.09422989076287902,-0.08829201408428622,0.3229949132688956,0.8163862365865413,0.7506666666666667,1.0,2.0,-0.02237255941530314,-0.03602026309867434,-0.037176732018151304,0.0,趋势结束
跌幅≥3σ,2016-01-04,电子化学品,-0.09435114612618967,-0.08829201408428622,0.41529547476678874,0.6047618167417945,0.944,22.0,2.0,-0.03247781665933536,0.019683821345171104,-0.06397672703252433,0.0,趋势结束
跌幅≥3σ,2016-01-04,美容护理,-0.0890338632575367,-0.08829201408428622,0.3784606437607496,0.7302681193342954,0.6386666666666667,3.0,2.0,-0.0018182607227065217,0.06723841479508708,0.034089310751455826,0.0,中性
跌幅≥3σ,2016-01-04,能源金属,-0.09768011914104091,-0.08829201408428622,0.46849370105187105,0.6163247977344234,0.9146666666666666,16.0,2.0,-0.06286745357978041,-0.0549066244221007,0.0791672239119956,0.0,中性
跌幅≥3σ,2016-01-07,农药兽药,-0.09150339746030045,-0.08990657076689745,0.1681126638594166,0.23691445182055654,0.488,8.0,2.0,0.0234230987033901,-0.011152879960051765,0.04034008631089592,0.0,中性
跌幅≥3σ,2016-02-25,玻璃玻纤,-0.09305644181897466,-0.08528393942743628,0.14076618590427337,1.1933866905845154,0.912,1.0,5.0,-0.012051661144309778,-0.05894555568572479,-0.08270845705652341,0.0,趋势结束
跌幅≥3σ,2016-02-25,酿酒行业,-0.0676048882551068,-0.08528393942743628,0.11308701109988739,1.314945174496807,0.19066666666666668,14.0,5.0,0.009035240004819256,0.010301199324076027,0.14026039069530594,1.0,机会
跌幅≥3σ,2016-05-09,小金属,-0.07437122418011644,-0.042298249159176016,0.14160026102502554,0.8931111170453856,0.84,10.0,3.0,-0.019526903409446073,0.18732691930438028,0.06513964683633833,1.0,机会
跌幅≥3σ,2016-06-13,塑料制品,-0.06384140752035794,-0.05164583829503355,0.20605623101510284,1.2010728947373366,0.9813333333333333,1.0,2.0,0.016063007245414873,0.028940086889604366,-0.00478344758048066,1.0,机会
跌幅≥3σ,2016-06-13,消费电子,-0.07535177237861268,-0.05164583829503355,0.20353040637206088,1.562339470139101,0.9946666666666667,0.0,1.0,0.008374718263565839,0.0023971011254646513,-0.030520552521179356,1.0,机会
跌幅≥3σ,2016-07-27,塑料制品,-0.06413938870374258,-0.04641204142253019,0.15274492908392023,1.1504146133175033,0.9293333333333333,28.0,2.0,-0.009231853941854773,-0.021942546820791664,-0.07231182092056376,0.0,趋势结束
跌幅≥3σ,2016-07-27,电池,-0.06287821489365109,-0.04641204142253019,0.17588634073693754,0.9349617514467253,0.908,21.0,1.0,0.004630123932535257,-0.014731244095806506,-0.03453553507530427,0.0,趋势结束
跌幅≥3σ,2016-07-27,通信设备,-0.05990801446795213,-0.04641204142253019,0.12206889577081825,1.3182627183201077,0.9186666666666666,2.0,2.0,0.0020318680008326595,-0.018915163770494736,0.002858087711338664,0.0,中性
跌幅≥3σ,2016-07-27,非金属材料,-0.07614682643238113,-0.04641204142253019,0.11898902119804045,1.9942077580956785,0.9786666666666667,1.0,2.0,0.008168440688524514,0.005489409234344711,-0.006028116095692093,0.0,中性
跌幅≥3σ,2016-09-12,煤炭行业,-0.04239719203968084,-0.03242418087974619,0.16214930715543852,1.0972253804546763,0.664,22.0,0.0,0.0071972130545314705,0.052796331342310765,0.07053073443157554,1.0,机会
跌幅≥3σ,2016-09-26,多元金融,-0.03322466033949745,-0.024848850028897695,0.13944773392107224,0.9910778108091526,0.5733333333333334,23.0,0.0,0.015114102440042965,0.04716717638060475,0.09762507376311524,1.0,机会
跌幅≥3σ,2016-12-05,工程建设,-0.04015059674168753,-0.008888445810865564,0.11431889762906855,1.3013590523829552,0.9426666666666667,3.0,0.0,-0.0013800570388592392,0.01694020240408045,0.009615849778147889,0.0,中性
跌幅≥3σ,2016-12-12,交运设备,-0.046973146855986414,-0.05454397562711266,0.10634010341560218,0.9697548107057593,0.8133333333333334,8.0,0.0,0.011984289124225445,0.0605772771665094,0.043247951318319044,1.0,机会
跌幅≥3σ,2016-12-12,水泥建材,-0.04495081362729125,-0.05454397562711266,0.12235269148971772,1.08363077937488,0.6186666666666667,1.0,0.0,0.012020865537563319,0.009868478520405066,0.09959901067860155,0.0,中性
跌幅≥3σ,2016-12-12,美容护理,-0.039518209457486964,-0.05454397562711266,0.1225761841297568,1.1526497786884775,0.12133333333333333,23.0,0.0,0.013677499714438657,0.041275446133949734,0.04624902371461581,1.0,机会
跌幅≥3σ,2017-03-31,水泥建材,-0.04235414559303374,0.00268262762598237,0.16973146462008892,1.0102117756544602,0.988,1.0,0.0,0.03463102568630716,0.1165396776428721,0.021378695202775355,1.0,机会
跌幅≥3σ,2017-08-11,有色金属,-0.0773357274156804,-0.018811659192825125,0.2719114921371073,1.4262592693647076,0.996,1.0,0.0,0.010671656919392758,-0.0006160878977738982,-0.13152141217045699,1.0,趋势结束
跌幅≥3σ,2017-10-11,非金属材料,-0.05945802912114395,-0.003990266256051589,0.22014300442870582,1.0582154646330209,0.916,13.0,1.0,-0.015295719952232334,-0.011608850161854423,0.13401045928782007,0.0,中性
跌幅≥3σ,2017-11-17,光学光电子,-0.046928286573832745,-0.03414193885412775,0.18205420362125357,1.1279538036852688,0.992,3.0,0.0,0.010872014258071605,-0.04909695592728236,-0.05655795033741551,0.0,趋势结束
跌幅≥3σ,2017-11-17,医疗器械,-0.05680226025189716,-0.03414193885412775,0.21384224919561712,1.0229415281223582,0.8986666666666666,0.0,0.0,0.013474744511577486,-0.026981597758209408,-0.06968554205294042,0.0,趋势结束
跌幅≥3σ,2017-11-17,生物制品,-0.040961629787722775,-0.03414193885412775,0.20435412292767996,1.1169105624146904,0.8853333333333333,0.0,0.0,0.020543729899092478,-0.004023755081791758,-0.032935564763614034,0.0,中性
跌幅≥3σ,2017-11-23,航空机场,-0.035924966548629866,-0.026921758361596826,0.1734803772494532,1.3088061724583233,0.9066666666666666,0.0,0.0,0.022613624403861943,0.08172329320709537,0.20999380161978276,1.0,机会
跌幅≥3σ,2018-01-15,半导体,-0.07076505380022602,-0.025467375393426583,0.19215781435859214,0.9908739167263861,0.9013333333333333,20.0,2.0,-0.0010850100066838175,-0.032044957893859305,0.23936316531330215,0.0,中性
跌幅≥3σ,2018-01-15,非金属材料,-0.07825743016066133,-0.025467375393426583,0.20188960631713615,1.4510236016928928,0.9493333333333334,3.0,1.0,0.008170422187866455,0.027695971267928665,-0.025438171773370266,0.0,趋势结束
跌幅≥3σ,2018-02-06,化纤行业,-0.056882210751668105,-0.05670073865598635,0.22820743481471406,1.1254161422064173,0.6493333333333333,0.0,0.0,0.0033498785157664024,-0.01117838024226625,-0.11158778387154944,1.0,中性
跌幅≥3σ,2018-02-06,房地产开发,-0.05760579151405587,-0.05670073865598635,0.22642418043879076,0.9450611529502386,0.8333333333333334,0.0,0.0,-0.041665968978895185,-0.13976393900195727,-0.16146024087172595,0.0,趋势结束
跌幅≥3σ,2018-02-08,贵金属,-0.06090019176425743,0.00950876257997546,0.24251953603542264,1.223068480239585,0.86,1.0,0.0,-0.05780151402675604,-0.09373498614456321,-0.09912648877380315,0.0,趋势结束
跌幅≥3σ,2018-02-09,煤炭行业,-0.08123376677431404,-0.04195178270793509,0.20277313602237856,1.1422469823013257,0.98,2.0,0.0,0.004078203094514121,-0.11839329253646058,-0.16729562203278525,1.0,趋势结束
跌幅≥3σ,2018-03-23,能源金属,-0.08606642663277209,-0.056769528449941764,0.24868357467312008,1.156646524063208,0.7986666666666666,5.0,1.0,0.05818000988030381,-0.03697735917452116,-0.07672647826925527,1.0,趋势结束
跌幅≥3σ,2018-06-19,家用轻工,-0.07347859559393899,-0.06813022656271339,0.15651198877997918,0.6514431359675147,0.7226666666666667,10.0,1.0,0.024488291434639597,0.019506464981058125,-0.013972242326987905,0.0,趋势结束
跌幅≥3σ,2018-06-19,教育,-0.08821605840076374,-0.06813022656271339,0.2051370091678476,1.1357977093697957,0.5533333333333333,2.0,1.0,-0.003367657860634865,-0.04772798901770581,-0.12942197445254733,0.0,趋势结束
跌幅≥3σ,2018-08-06,化纤行业,-0.0639882374695323,-0.02173835242949007,0.1799782659107485,1.498454178750903,0.9973333333333333,0.0,1.0,0.03526728393047818,0.0722694475722,0.020758014429010707,1.0,机会
跌幅≥3σ,2018-10-08,石油行业,-0.042417141973993044,-0.041311388357600176,0.19269788796682752,2.272574013133808,0.8373333333333334,0.0,0.0,0.026919484793398007,-0.033643652163401816,-0.11808197044497282,0.0,中性
跌幅≥3σ,2018-10-11,采掘行业,-0.0887674493440509,-0.0721226309262244,0.16143772691153813,1.362889228932009,0.9666666666666667,1.0,0.0,-0.02140837489225489,-0.11358743495592594,-0.19632335777555088,0.0,趋势结束
跌幅≥3σ,2018-10-18,燃气,-0.07343019737891954,-0.03157066844955547,0.3004513367632726,0.8153609210377347,0.9813333333333333,1.0,0.0,-0.004944997929390849,-0.04654738155286453,-0.13334815165278013,1.0,趋势结束
跌幅≥3σ,2019-03-08,房地产服务,-0.07455044357559504,-0.04292450740373477,0.18900799399742407,1.627320917214753,0.8506666666666667,0.0,0.0,0.03968851100846349,-0.06705215742090287,-0.033600504119788766,1.0,中性
跌幅≥3σ,2019-05-06,教育,-0.0839525742586208,-0.07620544820905473,0.10692689941143385,0.9610574265414765,0.36933333333333335,42.0,0.0,0.03542535904080113,0.02179901880690327,0.06562995622080936,0.0,中性
跌幅≥3σ,2019-05-06,软件开发,-0.09098529056882487,-0.07620544820905473,0.10593173591329763,0.7528908344761766,0.66,34.0,1.0,-0.0005119660813811544,0.04501209818328711,0.059902216445587575,0.0,中性
跌幅≥3σ,2019-05-06,酿酒行业,-0.0798057952107808,-0.07620544820905473,0.258382564749442,1.653072694860957,0.812,0.0,0.0,0.016788613406472974,0.017323482549755242,0.13756358650903633,1.0,机会
跌幅≥3σ,2019-07-22,小金属,-0.07100077782882497,-0.02650578154210037,0.1463524328715775,1.0151241462459548,0.8013333333333333,24.0,1.0,0.008579882268716199,0.051871252980701055,-0.08215572466389709,1.0,机会
跌幅≥3σ,2020-02-03,半导体,-0.10967349006624161,-0.0900369157681159,0.3947433201130701,0.43049252130347765,0.996,0.0,0.0,0.03691378668703971,0.05522958464416439,-0.01199871034221367,1.0,机会
跌幅≥3σ,2020-02-03,游戏,-0.0800920833802179,-0.0900369157681159,0.21964151903935814,1.2093103387074868,0.9533333333333334,12.0,0.0,0.052724633474350746,-0.00257537572886668,-0.07160278250725693,1.0,中性
跌幅≥3σ,2020-02-03,电子化学品,-0.0991687090562503,-0.0900369157681159,0.24933684315298987,0.19635534546508057,0.9826666666666667,1.0,0.0,0.013863502617389889,0.1740739602159449,0.0843203327617641,1.0,机会
跌幅≥3σ,2020-02-03,电池,-0.08060266117260151,-0.0900369157681159,0.30221994182060685,1.3921441725509893,0.9853333333333333,0.0,0.0,0.06438014234261002,-0.00754927454162968,-0.05433850095895387,1.0,中性
跌幅≥3σ,2020-02-03,能源金属,-0.0972983196718673,-0.0900369157681159,0.5583496340282443,0.5719427084092961,0.5093333333333333,7.0,0.0,0.05326321434642112,-0.06596342374108244,-0.2317325927935241,1.0,中性
跌幅≥3σ,2020-07-16,旅游酒店,-0.07987488583201452,-0.05412547361447706,0.45170167247423954,1.8436786001704064,0.9973333333333333,0.0,0.0,0.05601779755061842,0.05969303036819795,0.004910920027868748,1.0,机会
跌幅≥3σ,2020-07-16,生物制品,-0.0747161622276089,-0.05412547361447706,0.3062284069084882,1.5479527844592205,0.9906666666666667,0.0,0.0,-0.0019973245286433183,0.013471786146012521,-0.02867496708821593,1.0,机会
跌幅≥3σ,2020-07-16,酿酒行业,-0.09222715446728025,-0.05412547361447706,0.3803471793666444,1.9640616972266305,0.468,0.0,0.0,0.005991849007313421,-0.04370865665517076,0.09346195811556357,0.0,中性
跌幅≥3σ,2020-09-10,船舶制造,-0.08970609261033413,-0.026269839693557118,0.3529632258372062,0.9461405254463182,0.9466666666666667,33.0,0.0,-0.02024312431630082,-0.058917932781994975,-0.04665196658394677,0.0,趋势结束
跌幅≥3σ,2021-05-06,生物制品,-0.05351757739144547,-0.003359876589628774,0.21329787620670093,2.0887204781780095,0.9773333333333334,0.0,0.0,-0.023518381628530594,-0.03529239656073724,-0.1430790466655001,1.0,中性
跌幅≥3σ,2021-06-08,酿酒行业,-0.06437155496380176,-0.005583244992672598,0.3966799367229361,1.7904433953132313,0.9973333333333333,0.0,0.0,-0.006210214594715047,-0.08234811728734559,-0.2854008694446497,0.0,趋势结束
跌幅≥3σ,2021-06-16,汽车整车,-0.07296645739827468,-0.017975366517231084,0.18915147486675843,1.2038205401992619,0.9706666666666667,0.0,0.0,0.038351623117106826,0.0911814458524185,0.17426949953877147,1.0,机会
跌幅≥3σ,2021-09-27,电机,-0.06645967618899795,-0.019228056891438805,0.4312158787122795,0.7850010093911576,0.9533333333333334,2.0,0.0,-0.02538396475363247,-0.02622662989751079,-0.028769492965681653,0.0,中性
跌幅≥3σ,2022-01-25,房地产服务,-0.04076662280474286,-0.035583650627005414,0.24220757415197813,0.7250430480649784,0.38533333333333336,2.0,0.0,0.002067780042843248,-0.06097085453820639,0.11188372910360345,0.0,中性
跌幅≥3σ,2022-01-25,计算机设备,-0.04580867343401607,-0.035583650627005414,0.15241987891823017,1.118891129292914,0.588,2.0,0.0,0.00020144851835812716,-0.054770313870167064,-0.09294339613380431,0.0,趋势结束
跌幅≥3σ,2022-03-07,航空机场,-0.06915613446995517,-0.022633405560342768,0.20471103845937233,1.4805170244317216,0.148,15.0,0.0,-0.02075167929785826,0.026442646181099705,0.006418461520160013,0.0,中性
跌幅≥3σ,2022-03-08,有色金属,-0.048618162798050646,-0.030545103592596212,0.1902073978148473,1.6077586468444303,0.9146666666666666,0.0,0.0,-0.033211214155378976,-0.0602257307302857,-0.06042235582265054,0.0,趋势结束
跌幅≥3σ,2022-03-15,水泥建材,-0.06702904127887632,-0.04820773953549151,0.16701924786834943,1.2892398189009713,0.4613333333333333,21.0,0.0,0.018717952036775953,0.11318704381631117,-0.033376064422304674,1.0,机会
跌幅≥3σ,2022-03-15,煤炭行业,-0.08429528433115918,-0.04820773953549151,0.2648679417577806,1.0798224402889538,0.9146666666666666,5.0,2.0,0.023275741212739565,0.2935930321768052,0.3122169184188781,1.0,机会
跌幅≥3σ,2022-03-15,石油行业,-0.06952329102707955,-0.04820773953549151,0.16347105478401525,0.9728108464207879,0.8253333333333334,4.0,0.0,0.02688943751773354,0.12288124984882387,0.22295393176278022,1.0,机会
跌幅≥3σ,2022-03-15,贵金属,-0.08707875784664199,-0.04820773953549151,0.18957268142911188,1.0363523286855019,0.6146666666666667,3.0,0.0,0.033073439265181914,0.2657652691705399,0.019150380705419856,1.0,机会
跌幅≥3σ,2022-04-25,银行,-0.04337473068748143,-0.07242121281302982,0.18626925189984145,1.6149577710960343,0.8706666666666667,0.0,0.0,-0.011022578123568327,-0.15824422167020613,-0.3067141295705592,0.0,中性
跌幅≥3σ,2022-12-20,教育,-0.0578441408361704,-0.008746718756520777,0.29763217663555475,1.2745530756653836,1.0,0.0,0.0,0.0008982493968050509,0.001209980109292852,0.019448576630832326,1.0,机会
跌幅≥3σ,2023-05-31,公用事业,-0.03453980256909883,-0.002452155860851013,0.1701230206826041,1.9472677493322492,0.984,0.0,0.0,-0.004072752459193363,-0.029246238076255926,0.08273535720705272,0.0,中性
跌幅≥3σ,2023-06-21,文化传媒,-0.06333822988029758,-0.02129157385204028,0.18308208787102698,1.0135119279344624,0.9586666666666667,28.0,2.0,-0.06236985624247693,-0.05450268135214986,-0.08761996656885096,0.0,趋势结束
跌幅≥3σ,2023-06-21,游戏,-0.07843699764813672,-0.02129157385204028,0.43958182145990066,1.1569344243281496,0.9866666666666667,0.0,3.0,-0.05234183394752423,-0.17636109731128335,-0.2452428033467744,0.0,趋势结束
跌幅≥3σ,2023-10-11,采掘行业,-0.03721193492403552,0.004363868058539833,0.16348075873164047,1.3168871651481835,0.988,0.0,0.0,-0.007655675258373629,-0.05420401112108264,-0.019327978621981212,1.0,中性
跌幅≥3σ,2023-10-18,造纸印刷,-0.03938928611872816,-0.01629023154487441,0.18335358920270328,1.107727259249208,0.7466666666666667,34.0,0.0,0.00305322451245571,-0.007340320201418171,-0.09886832119693423,1.0,趋势结束
跌幅≥3σ,2023-12-22,文化传媒,-0.07784362519817778,-0.014672037024324736,0.16599277942981927,1.2443967738841692,0.964,4.0,0.0,-0.013102393108935018,-0.04664072273890274,0.05949592101774115,0.0,中性
跌幅≥3σ,2023-12-22,游戏,-0.11201105001137446,-0.014672037024324736,0.15661200766986627,1.334906162191269,0.8706666666666667,4.0,0.0,-0.03542235395799054,-0.01819627292532766,-0.014083804770157582,0.0,趋势结束
跌幅≥3σ,2024-01-22,家用轻工,-0.05104519216568193,-0.04824177108965111,0.16817438659349482,1.566260684026011,1.0,0.0,0.0,-0.01695831267585679,-0.14935834633273348,-0.1422817668359001,0.0,趋势结束
跌幅≥3σ,2024-06-11,航运港口,-0.055911846866509185,0.006307363765609919,0.27491474439176566,1.6999554351768869,0.9426666666666667,0.0,0.0,-0.0030304722760560177,0.0060958288295970275,-0.03788360077982833,0.0,趋势结束
跌幅≥3σ,2024-08-29,银行,-0.03160152726669063,0.013212932715362724,0.1870077887912468,1.6604095529264338,0.9733333333333334,1.0,0.0,-0.021084816684040608,-0.1749380170207151,-0.340482424029638,1.0,趋势结束
跌幅≥3σ,2024-11-18,教育,-0.10407990476607543,-0.026026374535812025,0.23809382822335112,1.1806651777639074,0.956,0.0,1.0,0.011006572671810044,0.1666948323972468,0.03962947025202879,1.0,机会
跌幅≥3σ,2025-01-03,综合行业,-0.06325500160391984,-0.032790217299255575,0.13806718577483834,0.847533063514924,0.5413333333333333,44.0,4.0,-0.017480062560919163,0.12659697889578925,0.033859346617256425,1.0,机会
跌幅≥3σ,2025-04-07,塑料制品,-0.1392049279806281,-0.11353703273366667,0.10796802822319118,0.8842740371996486,0.904,5.0,0.0,-0.0018366817876728225,0.08596534807308687,0.09484532312411265,1.0,机会
跌幅≥3σ,2025-04-07,汽车零部件,-0.1195236833036577,-0.11353703273366667,0.11178664156772111,0.5320130451056897,0.7986666666666666,10.0,1.0,-0.043676726325192816,0.06675797095248592,0.0015382822807605834,1.0,机会
跌幅≥3σ,2025-04-07,电机,-0.11551572598576054,-0.11353703273366667,0.21753408299741417,0.31434078044296543,0.832,18.0,3.0,-0.06298416243658411,0.034646048997608814,-0.09173943485875302,1.0,机会
跌幅≥3σ,2025-04-07,贵金属,-0.07349059553411263,-0.11353703273366667,0.18530846770459886,1.6807228718298977,0.916,3.0,0.0,0.014477680646966418,0.02466710263726668,0.05642071052516773,1.0,机会
跌幅≥3σ,2025-04-07,通用设备,-0.14093098165218643,-0.11353703273366667,0.15217615622602554,0.6688840798243457,0.9626666666666667,10.0,1.0,-0.015825086542711864,0.05997881082147649,-0.0037236050675568677,1.0,机会
跌幅≥3σ,2025-06-27,银行,-0.028475626167140833,0.0036444957518062537,0.14635633956570415,1.8167187346539082,0.7573333333333333,4.0,0.0,-0.003395531758088488,-0.060852534844411776,-0.25831065867553715,1.0,趋势结束
跌幅≥3σ,2025-09-02,消费电子,-0.04571999688727835,-0.02099263386954775,0.23360882637819746,1.1317781368819693,0.8066666666666666,1.0,0.0,-0.017635107773428693,0.12237002413637099,0.07388524008305097,1.0,机会
跌幅≥3σ,2026-01-30,小金属,-0.06527835954864081,-0.006917072006549896,0.2464330216738584,1.3939713582360673,0.9973333333333333,0.0,1.0,-0.05963293050962326,0.06762149378477722,0.04335010948790652,1.0,机会
跌幅≥3σ,2026-01-30,有色金属,-0.06962354948170624,-0.006917072006549896,0.4237901771783674,1.2439519301182418,1.0,0.0,1.0,-0.073060745302016,-0.05232752499028581,-0.1383783776305908,0.0,趋势结束
跌幅≥3σ,2026-03-03,航天航空,-0.07590442613327653,-0.038594024394654314,0.3061538987544892,1.2798154196722655,0.9706666666666667,29.0,2.0,0.024387211249832008,-0.047348089462902476,-0.2148538043357967,0.0,趋势结束
跌幅≥3σ,2026-05-21,电子化学品,-0.061384289775854084,-0.028776915279106863,0.22791443885074525,1.576265357027247,0.9813333333333333,0.0,1.0,0.024153179159364324,0.23587278733755412,0.14576256615467387,1.0,机会
跌幅≥4σ,2015-08-24,银行,-0.09115476739815909,-0.09760380264851942,0.12782180253798348,1.6690942392065322,0.208,32.0,3.0,-0.06503649978232628,0.16237417144574562,-0.034015613009620305,1.0,机会
跌幅≥4σ,2016-01-04,专业服务,-0.09714994274967637,-0.08829201408428622,0.23874749090696135,0.6810169571867011,0.8506666666666667,10.0,3.0,-0.046866475695983345,-0.07220336516109493,-0.09450150781047939,0.0,趋势结束
跌幅≥4σ,2016-01-04,半导体,-0.09422989076287902,-0.08829201408428622,0.3229949132688956,0.8163862365865413,0.7506666666666667,1.0,2.0,-0.02237255941530314,-0.03602026309867434,-0.037176732018151304,0.0,趋势结束
跌幅≥4σ,2016-01-04,电子化学品,-0.09435114612618967,-0.08829201408428622,0.41529547476678874,0.6047618167417945,0.944,22.0,2.0,-0.03247781665933536,0.019683821345171104,-0.06397672703252433,0.0,趋势结束
跌幅≥4σ,2016-01-04,美容护理,-0.0890338632575367,-0.08829201408428622,0.3784606437607496,0.7302681193342954,0.6386666666666667,3.0,2.0,-0.0018182607227065217,0.06723841479508708,0.034089310751455826,0.0,中性
跌幅≥4σ,2016-01-04,能源金属,-0.09768011914104091,-0.08829201408428622,0.46849370105187105,0.6163247977344234,0.9146666666666666,16.0,2.0,-0.06286745357978041,-0.0549066244221007,0.0791672239119956,0.0,中性
跌幅≥4σ,2016-07-27,塑料制品,-0.06413938870374258,-0.04641204142253019,0.15274492908392023,1.1504146133175033,0.9293333333333333,28.0,2.0,-0.009231853941854773,-0.021942546820791664,-0.07231182092056376,0.0,趋势结束
跌幅≥4σ,2016-07-27,电池,-0.06287821489365109,-0.04641204142253019,0.17588634073693754,0.9349617514467253,0.908,21.0,1.0,0.004630123932535257,-0.014731244095806506,-0.03453553507530427,0.0,趋势结束
跌幅≥4σ,2016-07-27,通信设备,-0.05990801446795213,-0.04641204142253019,0.12206889577081825,1.3182627183201077,0.9186666666666666,2.0,2.0,0.0020318680008326595,-0.018915163770494736,0.002858087711338664,0.0,中性
跌幅≥4σ,2016-07-27,非金属材料,-0.07614682643238113,-0.04641204142253019,0.11898902119804045,1.9942077580956785,0.9786666666666667,1.0,2.0,0.008168440688524514,0.005489409234344711,-0.006028116095692093,0.0,中性
跌幅≥4σ,2016-12-12,水泥建材,-0.04495081362729125,-0.05454397562711266,0.12235269148971772,1.08363077937488,0.6186666666666667,1.0,0.0,0.012020865537563319,0.009868478520405066,0.09959901067860155,0.0,中性
跌幅≥4σ,2016-12-12,美容护理,-0.039518209457486964,-0.05454397562711266,0.1225761841297568,1.1526497786884775,0.12133333333333333,23.0,0.0,0.013677499714438657,0.041275446133949734,0.04624902371461581,1.0,机会
跌幅≥4σ,2017-11-17,医疗器械,-0.05680226025189716,-0.03414193885412775,0.21384224919561712,1.0229415281223582,0.8986666666666666,0.0,0.0,0.013474744511577486,-0.026981597758209408,-0.06968554205294042,0.0,趋势结束
跌幅≥4σ,2018-02-06,化纤行业,-0.056882210751668105,-0.05670073865598635,0.22820743481471406,1.1254161422064173,0.6493333333333333,0.0,0.0,0.0033498785157664024,-0.01117838024226625,-0.11158778387154944,1.0,中性
跌幅≥4σ,2018-06-19,教育,-0.08821605840076374,-0.06813022656271339,0.2051370091678476,1.1357977093697957,0.5533333333333333,2.0,1.0,-0.003367657860634865,-0.04772798901770581,-0.12942197445254733,0.0,趋势结束
跌幅≥4σ,2018-08-06,化纤行业,-0.0639882374695323,-0.02173835242949007,0.1799782659107485,1.498454178750903,0.9973333333333333,0.0,1.0,0.03526728393047818,0.0722694475722,0.020758014429010707,1.0,机会
跌幅≥4σ,2018-10-11,采掘行业,-0.0887674493440509,-0.0721226309262244,0.16143772691153813,1.362889228932009,0.9666666666666667,1.0,0.0,-0.02140837489225489,-0.11358743495592594,-0.19632335777555088,0.0,趋势结束
跌幅≥4σ,2019-05-06,教育,-0.0839525742586208,-0.07620544820905473,0.10692689941143385,0.9610574265414765,0.36933333333333335,42.0,0.0,0.03542535904080113,0.02179901880690327,0.06562995622080936,0.0,中性
跌幅≥4σ,2019-05-06,软件开发,-0.09098529056882487,-0.07620544820905473,0.10593173591329763,0.7528908344761766,0.66,34.0,1.0,-0.0005119660813811544,0.04501209818328711,0.059902216445587575,0.0,中性
跌幅≥4σ,2019-05-06,酿酒行业,-0.0798057952107808,-0.07620544820905473,0.258382564749442,1.653072694860957,0.812,0.0,0.0,0.016788613406472974,0.017323482549755242,0.13756358650903633,1.0,机会
跌幅≥4σ,2020-02-03,半导体,-0.10967349006624161,-0.0900369157681159,0.3947433201130701,0.43049252130347765,0.996,0.0,0.0,0.03691378668703971,0.05522958464416439,-0.01199871034221367,1.0,机会
跌幅≥4σ,2020-02-03,电子化学品,-0.0991687090562503,-0.0900369157681159,0.24933684315298987,0.19635534546508057,0.9826666666666667,1.0,0.0,0.013863502617389889,0.1740739602159449,0.0843203327617641,1.0,机会
跌幅≥4σ,2020-02-03,电池,-0.08060266117260151,-0.0900369157681159,0.30221994182060685,1.3921441725509893,0.9853333333333333,0.0,0.0,0.06438014234261002,-0.00754927454162968,-0.05433850095895387,1.0,中性
跌幅≥4σ,2020-07-16,酿酒行业,-0.09222715446728025,-0.05412547361447706,0.3803471793666444,1.9640616972266305,0.468,0.0,0.0,0.005991849007313421,-0.04370865665517076,0.09346195811556357,0.0,中性
跌幅≥4σ,2020-09-10,船舶制造,-0.08970609261033413,-0.026269839693557118,0.3529632258372062,0.9461405254463182,0.9466666666666667,33.0,0.0,-0.02024312431630082,-0.058917932781994975,-0.04665196658394677,0.0,趋势结束
跌幅≥4σ,2021-06-08,酿酒行业,-0.06437155496380176,-0.005583244992672598,0.3966799367229361,1.7904433953132313,0.9973333333333333,0.0,0.0,-0.006210214594715047,-0.08234811728734559,-0.2854008694446497,0.0,趋势结束
跌幅≥4σ,2022-03-15,水泥建材,-0.06702904127887632,-0.04820773953549151,0.16701924786834943,1.2892398189009713,0.4613333333333333,21.0,0.0,0.018717952036775953,0.11318704381631117,-0.033376064422304674,1.0,机会
跌幅≥4σ,2024-08-29,银行,-0.03160152726669063,0.013212932715362724,0.1870077887912468,1.6604095529264338,0.9733333333333334,1.0,0.0,-0.021084816684040608,-0.1749380170207151,-0.340482424029638,1.0,趋势结束
跌幅≥4σ,2025-04-07,塑料制品,-0.1392049279806281,-0.11353703273366667,0.10796802822319118,0.8842740371996486,0.904,5.0,0.0,-0.0018366817876728225,0.08596534807308687,0.09484532312411265,1.0,机会
跌幅≥4σ,2025-04-07,汽车零部件,-0.1195236833036577,-0.11353703273366667,0.11178664156772111,0.5320130451056897,0.7986666666666666,10.0,1.0,-0.043676726325192816,0.06675797095248592,0.0015382822807605834,1.0,机会
跌幅≥4σ,2025-04-07,电机,-0.11551572598576054,-0.11353703273366667,0.21753408299741417,0.31434078044296543,0.832,18.0,3.0,-0.06298416243658411,0.034646048997608814,-0.09173943485875302,1.0,机会
跌幅≥4σ,2025-04-07,贵金属,-0.07349059553411263,-0.11353703273366667,0.18530846770459886,1.6807228718298977,0.916,3.0,0.0,0.014477680646966418,0.02466710263726668,0.05642071052516773,1.0,机会
跌幅≥4σ,2025-04-07,通用设备,-0.14093098165218643,-0.11353703273366667,0.15217615622602554,0.6688840798243457,0.9626666666666667,10.0,1.0,-0.015825086542711864,0.05997881082147649,-0.0037236050675568677,1.0,机会
跌幅≥4σ,2025-06-27,银行,-0.028475626167140833,0.0036444957518062537,0.14635633956570415,1.8167187346539082,0.7573333333333333,4.0,0.0,-0.003395531758088488,-0.060852534844411776,-0.25831065867553715,1.0,趋势结束
跌幅≥5%,2015-01-19,工程建设,-0.08600990410575338,-0.04941177145547471,0.43268055970042196,0.6377460029796833,0.9386666666666666,12.0,0.0,0.02277749143016483,-0.06718816149100859,0.23207452052371846,1.0,中性
跌幅≥5%,2015-01-19,航空机场,-0.07818748000020348,-0.04941177145547471,0.2616729561420148,0.8324850822910378,0.716,18.0,1.0,0.038691028355410495,-0.09103054892021745,0.2194840401378635,1.0,中性
跌幅≥5%,2015-01-19,航运港口,-0.056662457798060006,-0.04941177145547471,0.31789028086526416,0.8956175816748858,0.7866666666666666,24.0,2.0,0.052889281339843164,-0.06433773155714828,0.025018893669727094,1.0,中性
跌幅≥5%,2015-01-19,证券,-0.09851452497298607,-0.04941177145547471,1.0414626955806874,0.3641600294935121,0.9693333333333334,10.0,3.0,-0.06393301282731423,-0.07135453343056719,-0.19506977064615616,0.0,趋势结束
跌幅≥5%,2015-01-19,银行,-0.09968497673167209,-0.04941177145547471,0.45501135203495036,1.0564701252546636,0.988,9.0,1.0,0.0018625534649667763,-0.13939721618844259,-0.32465048343173586,0.0,趋势结束
跌幅≥5%,2015-03-26,互联网服务,-0.06182838748984798,-0.007860673849445665,0.6747009488334599,1.565783403928897,0.6693333333333333,0.0,0.0,0.011409813710601124,-0.058395378967154965,0.2109658067487874,1.0,中性
跌幅≥5%,2015-03-26,教育,-0.05517245168554574,-0.007860673849445665,0.5193990035568878,1.30887269635251,0.5786666666666667,1.0,0.0,-0.0016349978088986417,-0.08417262535018777,0.03196917907501762,1.0,中性
跌幅≥5%,2015-03-26,软件开发,-0.05358234755125246,-0.007860673849445665,0.7161843884302797,1.6802266294215376,0.8573333333333333,0.0,0.0,0.013567009527820861,-0.005101498014917771,0.012293605940793428,1.0,中性
跌幅≥5%,2015-04-15,专业服务,-0.0512546785016148,-0.03214210710816501,0.42562787748769493,0.9955189473773046,0.9133333333333333,7.0,0.0,0.004828427741623953,0.060452583142965866,-0.044239650331540536,1.0,机会
跌幅≥5%,2015-04-15,互联网服务,-0.06158382316778477,-0.03214210710816501,0.40827908884853126,0.8555379197372966,0.43866666666666665,13.0,1.0,0.015213569258264226,0.2525657458633206,0.06248569072209209,1.0,机会
跌幅≥5%,2015-04-15,医疗器械,-0.05986433904647903,-0.03214210710816501,0.43118958721848233,1.1611760543387037,0.5013333333333333,0.0,0.0,0.020101475026065962,0.021829763261504986,-0.02920001767427738,1.0,机会
跌幅≥5%,2015-04-15,软件开发,-0.0626077735661551,-0.03214210710816501,0.6098343315226264,0.855221812080707,0.43733333333333335,13.0,1.0,0.019873627519416237,0.1500377451569057,-0.07109043691617034,1.0,机会
跌幅≥5%,2015-04-28,交运设备,-0.05788187693917046,-0.02636960378849862,0.43481268765914916,1.5049437638613636,0.984,6.0,1.0,0.017211824429435252,-0.06820648457370604,-0.14612083607802473,1.0,趋势结束
跌幅≥5%,2015-05-05,工程建设,-0.06136636822156183,-0.037010278226280335,0.4147905970080805,1.2223330813943745,0.9906666666666667,0.0,0.0,-0.03548076799115574,-0.2491142767363015,-0.1881321079906706,1.0,趋势结束
跌幅≥5%,2015-05-28,仪器仪表,-0.05063036490495887,-0.06958374897934727,0.4889206827316712,1.8572893419116585,0.344,0.0,1.0,0.027893786935305753,-0.048172760000842585,-0.13674675605614495,1.0,中性
跌幅≥5%,2015-05-28,光伏设备,-0.07957148818480331,-0.06958374897934727,0.45035135017550965,1.5944276818205059,0.43333333333333335,0.0,1.0,-0.008993234937586414,-0.01082427232947758,-0.03951416456178747,1.0,趋势结束
跌幅≥5%,2015-05-28,医疗服务,-0.0663542605652474,-0.06958374897934727,0.44615375448255024,1.4722790034014437,0.62,4.0,0.0,0.011772877416135641,-0.05678037370554234,0.023421750012266762,1.0,中性
跌幅≥5%,2015-05-28,教育,-0.07485352210069607,-0.06958374897934727,0.4436356157805912,1.5746016932150908,0.4186666666666667,4.0,2.0,0.006975970979209656,-0.07061320446126296,0.003550004830405129,1.0,中性
跌幅≥5%,2015-06-08,互联网服务,-0.051480308568236155,0.0014488319743293232,0.522759037231266,0.8824723477001004,0.44666666666666666,2.0,2.0,0.0019460565229545423,-0.0900430036241664,-0.1261820336368663,0.0,趋势结束
跌幅≥5%,2015-06-08,软件开发,-0.051198410368156866,0.0014488319743293232,0.45650660097047946,0.8431993212968772,0.548,2.0,3.0,0.00020736235133211878,-0.1239021687527454,-0.1549590127536119,0.0,趋势结束
跌幅≥5%,2015-06-09,交运设备,-0.054402650120236595,-0.001586714795941857,0.43104334283408585,6.256543208458087,0.5773333333333334,35.0,3.0,-0.03532734145771399,-0.008908311316707662,-0.0656917793869557,0.0,趋势结束
跌幅≥5%,2015-06-15,专业服务,-0.06716011687637258,-0.02087799857597661,0.4950172501692527,0.8314216519896392,0.9266666666666666,10.0,3.0,-0.06607318103792792,-0.043139199799914096,-0.09745819782367648,0.0,趋势结束
跌幅≥5%,2015-06-16,仪器仪表,-0.07036207833168051,-0.0409509260522527,0.4794659768655929,0.7877960093515668,0.37066666666666664,8.0,2.0,0.03363373694741445,-0.06022953543104792,-0.12245596104941658,0.0,趋势结束
跌幅≥5%,2015-06-16,化纤行业,-0.05929953172300029,-0.0409509260522527,0.40822206492318514,0.8772896451719505,0.82,0.0,1.0,0.027746059501965625,-0.08207343087889607,-0.0678009278439633,0.0,中性
跌幅≥5%,2015-06-16,汽车服务,-0.05259050573399737,-0.0409509260522527,0.41374767875937324,0.9269466004379516,0.848,0.0,1.0,0.006561602168372316,-0.0797759053088426,-0.02401705389825537,0.0,中性
跌幅≥5%,2015-06-19,包装材料,-0.08832054227582908,-0.07318183273453294,0.37762954631500967,0.4954560062313906,0.544,0.0,1.0,-0.007842952926536917,-0.0490128973722288,-0.03155047357080942,0.0,趋势结束
跌幅≥5%,2015-06-19,家用轻工,-0.06185944097004614,-0.07318183273453294,0.39293841635732063,0.8720546329624594,0.704,0.0,3.0,-0.016922619873062872,-0.04011104396432785,-0.06437923185222927,0.0,中性
跌幅≥5%,2015-06-19,消费电子,-0.07338655401262584,-0.07318183273453294,0.40151318232183053,0.7222347421245513,0.5333333333333333,0.0,1.0,0.01308347503137397,0.06179030267121921,-0.014017605332566019,0.0,中性
跌幅≥5%,2015-06-19,珠宝首饰,-0.08222565263551485,-0.07318183273453294,0.4257432919033217,0.5456989834318607,0.2613333333333333,5.0,2.0,0.009611004949419133,0.020377208776396705,0.08477819502042194,0.0,中性
跌幅≥5%,2015-06-26,航空机场,-0.08509658990499558,-0.09106012449170042,0.279803659966551,1.0668481569035206,0.9946666666666667,1.0,4.0,0.03360576216078326,0.07686410374122532,-0.007607000672805397,0.0,中性
跌幅≥5%,2015-07-01,电力行业,-0.08160861768410077,-0.06638981817949141,0.2548651194331608,1.0472429197030664,0.9866666666666667,1.0,5.0,-0.09632162754671436,-0.04731662530537284,-0.0024275037061944893,0.0,中性
跌幅≥5%,2015-07-01,航天航空,-0.0757849341126946,-0.06638981817949141,0.1931489139757514,1.12676885048111,0.6,24.0,4.0,-0.09843219679499382,0.10492690998503418,-0.12146878994088317,1.0,机会
跌幅≥5%,2015-07-06,包装材料,-0.05552902904364754,-0.019117207656070057,0.13139016512177637,0.8568328020468827,0.5626666666666666,10.0,7.0,-0.09391464787478987,0.02588674464004881,0.05723124378338773,1.0,机会
跌幅≥5%,2015-07-06,电子化学品,-0.08202745177887383,-0.019117207656070057,0.25078257046497643,0.6727069320942597,0.496,0.0,4.0,-0.10004459289494494,0.11169266393761723,0.0013975932798775403,1.0,机会
跌幅≥5%,2015-07-08,石油行业,-0.09579894177268777,-0.0779141398005021,0.17234558368773456,1.061466412077669,0.9933333333333333,0.0,4.0,0.06994802450445015,-0.2420834080840244,-0.1894547432650866,1.0,趋势结束
跌幅≥5%,2015-07-08,银行,-0.061049669287003394,-0.0779141398005021,0.2766522361615793,2.2649401408785863,1.0,0.0,2.0,0.05236698456322064,-0.35908483982431283,-0.22856368005857874,1.0,趋势结束
跌幅≥5%,2015-07-15,家用轻工,-0.08794140994460697,-0.05819362704428033,0.24580894242187268,0.6292061744984322,0.050666666666666665,13.0,11.0,0.010698442501470229,-0.00488058051508844,-0.014427176461326519,1.0,趋势结束
跌幅≥5%,2015-07-15,生物制品,-0.06154840507095838,-0.05819362704428033,0.1720691312025472,1.2702012270826386,0.16266666666666665,0.0,6.0,0.027487904528521456,-0.030419658148975293,-0.029850587213227087,1.0,中性
跌幅≥5%,2015-07-27,电机,-0.09992915874098562,-0.09230250610935797,0.314771974124894,1.9326287058400338,0.984,0.0,9.0,-0.05407203492936763,-0.02349509243485448,0.03226331059379128,1.0,中性
跌幅≥5%,2015-07-27,通信设备,-0.08963356055188287,-0.09230250610935797,0.2817180730182476,1.5720093290150052,0.7466666666666667,0.0,10.0,-0.04104524589548242,-0.043408312141312466,-0.04038346691468553,0.0,中性
跌幅≥5%,2015-07-27,造纸印刷,-0.06901865751131286,-0.09230250610935797,0.2671355715104251,2.3052590866012763,0.32133333333333336,0.0,9.0,-0.05456163686720228,0.0600582652569458,0.074636617625646,1.0,机会
跌幅≥5%,2015-07-28,电池,-0.053064899865834514,-0.027604673797637203,0.26051982874462143,1.6166252999062374,0.6066666666666667,0.0,12.0,0.06971273314525783,0.0015183716056466068,0.14205978944060438,1.0,机会
跌幅≥5%,2015-08-18,房地产服务,-0.09824196991544554,-0.08278548696045196,0.16869051756078945,1.218396540313569,0.652,0.0,10.0,0.026247729319985424,-0.005231901916242121,0.010483247879937485,0.0,中性
跌幅≥5%,2015-08-18,电机,-0.10000045738910335,-0.08278548696045196,0.2639086608889011,0.7391141259905953,0.82,0.0,12.0,0.014019413167136507,-0.09034228002434985,0.08226037828964117,0.0,中性
跌幅≥5%,2015-08-18,航空机场,-0.09409229173511102,-0.08278548696045196,0.23251913392521206,1.114226800299071,0.988,14.0,11.0,0.016748113538503473,-0.013178843367115833,-0.16241827157314093,0.0,趋势结束
跌幅≥5%,2015-08-18,装修建材,-0.06938475702980829,-0.08278548696045196,0.1988069557128166,1.3723509999178432,0.7933333333333333,0.0,11.0,0.024873422284914515,-0.03928621584614056,-0.05604587950104445,0.0,中性
跌幅≥5%,2015-08-18,造纸印刷,-0.07949813213083434,-0.08278548696045196,0.19490740529782802,1.4770305058015838,0.8866666666666667,0.0,12.0,0.04710190363923639,-0.015433154303630126,0.02055575332955062,0.0,中性
跌幅≥5%,2015-08-20,生物制品,-0.060006428669792444,-0.038861844038895144,0.13026894368686037,0.9999930864833146,0.5746666666666667,0.0,8.0,-0.07302810062150689,0.011402648299871254,-0.06009341844703897,0.0,中性
跌幅≥5%,2015-08-21,消费电子,-0.0731125106601308,-0.061113174019686634,0.12889531763987194,0.6816395989863997,0.19066666666666668,28.0,13.0,-0.09994536372809082,-0.015289240794738257,0.12549585277123887,0.0,中性
跌幅≥5%,2015-08-24,银行,-0.09115476739815909,-0.09760380264851942,0.12782180253798348,1.6690942392065322,0.208,32.0,3.0,-0.06503649978232628,0.16237417144574562,-0.034015613009620305,1.0,机会
跌幅≥5%,2015-08-24,食品饮料,-0.09408338202477429,-0.09760380264851942,0.12119421730154423,0.7336871075972521,0.22266666666666668,0.0,9.0,-0.08564408988644812,-0.028017106395950675,-0.1586376660146187,0.0,中性
跌幅≥5%,2015-09-01,玻璃玻纤,-0.07833831160880367,-0.04933134356488211,0.10528596905818832,0.7670776580690845,0.9773333333333334,3.0,14.0,-0.039207501014349555,-0.035139049962682245,0.007161269423556771,0.0,中性
跌幅≥5%,2015-09-25,医疗服务,-0.050656441160804144,-0.037024540404656414,0.14776183120917374,0.9922527865910272,0.664,42.0,17.0,0.052417177049974395,0.0518828679088057,0.0326751666976024,1.0,机会
跌幅≥5%,2015-09-25,电池,-0.05853800117998209,-0.037024540404656414,0.13908083023104179,0.8260316914415575,0.8133333333333334,1.0,18.0,0.056835538646734074,0.11595909492970846,0.22215329408135487,1.0,机会
跌幅≥5%,2015-10-21,教育,-0.07600628705587964,-0.06371416579637235,0.245868084332301,1.664383910625516,0.392,1.0,14.0,0.04729117329616983,0.1679636893212888,-0.03327991328056412,1.0,机会
跌幅≥5%,2015-10-21,能源金属,-0.09127688313394522,-0.06371416579637235,0.19081655242575335,1.3130307392697347,0.6133333333333333,1.0,10.0,0.04489284853931652,0.2868134571824168,0.2880620335535916,1.0,机会
跌幅≥5%,2015-10-21,造纸印刷,-0.07661923407131677,-0.06371416579637235,0.2161535682885073,1.604767487499022,0.5813333333333334,2.0,12.0,0.04548963667469441,-0.007527913830510657,0.014257622072591625,1.0,中性
跌幅≥5%,2015-10-21,铁路公路,-0.07185279759193985,-0.06371416579637235,0.19804175355912534,1.2849091761320328,0.9666666666666667,19.0,7.0,0.04425017874847792,-0.03524109541808995,-0.05319983584593313,1.0,趋势结束
跌幅≥5%,2015-10-21,非金属材料,-0.08752886169982965,-0.06371416579637235,0.19722250200322444,1.6918567784068832,0.8893333333333333,1.0,13.0,0.0695022508492813,0.05745502208320841,0.005093184649321514,1.0,机会
跌幅≥5%,2015-11-13,医疗器械,-0.05829463910918009,-0.02070103480114238,0.17331258380153514,0.9416303308189852,0.9626666666666667,0.0,8.0,0.01278827216571865,-0.03750818111161236,-0.03923928844850755,1.0,趋势结束
跌幅≥5%,2015-11-27,教育,-0.0869045804304539,-0.0695157893511561,0.4615807333779962,1.2710862240350442,0.6973333333333334,4.0,8.0,0.00910101872081448,-0.07303746237209063,-0.1087613674752711,0.0,趋势结束
跌幅≥5%,2015-11-27,电子化学品,-0.050592945205282125,-0.0695157893511561,0.5421287926206715,1.1652712606386242,0.9986666666666667,0.0,5.0,0.05435377961892218,-0.01749341644382274,-0.02806111704820069,1.0,中性
跌幅≥5%,2015-11-27,电池,-0.06613065379013039,-0.0695157893511561,0.3551686435693422,1.1002847145872328,0.8693333333333333,0.0,6.0,0.046756099484224656,-0.033084348301290145,-0.009077909151764874,1.0,中性
跌幅≥5%,2015-11-27,能源金属,-0.055128548675990485,-0.0695157893511561,0.5044649295673078,0.9771975091241536,0.9546666666666667,4.0,4.0,0.03920351801880817,0.016224751963770823,-0.04286179172260651,1.0,机会
跌幅≥5%,2015-11-27,非金属材料,-0.051906696351533665,-0.0695157893511561,0.37160499441369454,1.4477168639738327,0.928,0.0,6.0,0.04247399128340801,0.025712358605261,-0.06062508445287762,1.0,机会
跌幅≥5%,2016-01-04,专业服务,-0.09714994274967637,-0.08829201408428622,0.23874749090696135,0.6810169571867011,0.8506666666666667,10.0,3.0,-0.046866475695983345,-0.07220336516109493,-0.09450150781047939,0.0,趋势结束
跌幅≥5%,2016-01-04,半导体,-0.09422989076287902,-0.08829201408428622,0.3229949132688956,0.8163862365865413,0.7506666666666667,1.0,2.0,-0.02237255941530314,-0.03602026309867434,-0.037176732018151304,0.0,趋势结束
跌幅≥5%,2016-01-04,电子化学品,-0.09435114612618967,-0.08829201408428622,0.41529547476678874,0.6047618167417945,0.944,22.0,2.0,-0.03247781665933536,0.019683821345171104,-0.06397672703252433,0.0,趋势结束
跌幅≥5%,2016-01-04,美容护理,-0.0890338632575367,-0.08829201408428622,0.3784606437607496,0.7302681193342954,0.6386666666666667,3.0,2.0,-0.0018182607227065217,0.06723841479508708,0.034089310751455826,0.0,中性
跌幅≥5%,2016-01-04,能源金属,-0.09768011914104091,-0.08829201408428622,0.46849370105187105,0.6163247977344234,0.9146666666666666,16.0,2.0,-0.06286745357978041,-0.0549066244221007,0.0791672239119956,0.0,中性
跌幅≥5%,2016-01-07,农药兽药,-0.09150339746030045,-0.08990657076689745,0.1681126638594166,0.23691445182055654,0.488,8.0,2.0,0.0234230987033901,-0.011152879960051765,0.04034008631089592,0.0,中性
跌幅≥5%,2016-01-12,贵金属,-0.06283276639875734,0.003926635756349661,0.1215866915994529,1.2359565397080061,0.9173333333333333,0.0,3.0,-0.04518808758929993,0.10060715656372099,0.18645364459192026,0.0,中性
跌幅≥5%,2016-01-26,塑料制品,-0.08605756173020884,-0.08143591583315068,0.12326871649207205,0.7745990986962837,0.6453333333333333,0.0,4.0,-0.022385583846939006,-0.049862409667306595,0.020673890259776728,0.0,中性
跌幅≥5%,2016-02-25,玻璃玻纤,-0.09305644181897466,-0.08528393942743628,0.14076618590427337,1.1933866905845154,0.912,1.0,5.0,-0.012051661144309778,-0.05894555568572479,-0.08270845705652341,0.0,趋势结束
跌幅≥5%,2016-02-25,美容护理,-0.0811082599691183,-0.08528393942743628,0.2109438867809601,1.1086236775569644,0.6386666666666667,5.0,6.0,0.00786387788511722,-0.047033746982743985,-0.01130765543333645,0.0,趋势结束
跌幅≥5%,2016-02-25,贵金属,-0.05859634983376172,-0.08528393942743628,0.24430255116744304,2.1161283887720286,0.984,7.0,6.0,0.01918563717509647,-0.00583030893416292,0.0962293818877884,1.0,中性
跌幅≥5%,2016-02-25,酿酒行业,-0.0676048882551068,-0.08528393942743628,0.11308701109988739,1.314945174496807,0.19066666666666668,14.0,5.0,0.009035240004819256,0.010301199324076027,0.14026039069530594,1.0,机会
跌幅≥5%,2016-03-09,有色金属,-0.06743884887944385,-0.02386968167531822,0.14938513893123773,1.1310531799918668,0.98,1.0,7.0,-0.028183870585089754,-0.06701203815593959,-0.09161347425066602,1.0,趋势结束
跌幅≥5%,2016-03-09,煤炭行业,-0.05932524708905318,-0.02386968167531822,0.1660299162153135,0.9139827036103876,0.9026666666666666,1.0,8.0,-0.027435625877724634,-0.09848138066694045,-0.19218892831938517,0.0,趋势结束
跌幅≥5%,2016-04-20,电池,-0.06317470886337695,-0.046072982576566335,0.12438722692455784,1.1084280899136572,0.9893333333333333,7.0,6.0,-0.031818227450415515,0.12363736719883034,0.309585359465534,1.0,机会
跌幅≥5%,2016-05-09,小金属,-0.07437122418011644,-0.042298249159176016,0.14160026102502554,0.8931111170453856,0.84,10.0,3.0,-0.019526903409446073,0.18732691930438028,0.06513964683633833,1.0,机会
跌幅≥5%,2016-05-09,贵金属,-0.05031604603339779,-0.042298249159176016,0.3119828496097543,0.7855884458245936,0.8506666666666667,42.0,3.0,-0.015896288423865923,-0.026168337855791757,0.2999499637543912,1.0,中性
跌幅≥5%,2016-06-13,塑料制品,-0.06384140752035794,-0.05164583829503355,0.20605623101510284,1.2010728947373366,0.9813333333333333,1.0,2.0,0.016063007245414873,0.028940086889604366,-0.00478344758048066,1.0,机会
跌幅≥5%,2016-06-13,消费电子,-0.07535177237861268,-0.05164583829503355,0.20353040637206088,1.562339470139101,0.9946666666666667,0.0,1.0,0.008374718263565839,0.0023971011254646513,-0.030520552521179356,1.0,机会
跌幅≥5%,2016-06-13,电池,-0.05569040947434667,-0.05164583829503355,0.4278216289279322,1.6265639645561758,1.0,0.0,1.0,0.04322746046961501,0.04355335660505966,-0.10481862754391247,1.0,机会
跌幅≥5%,2016-07-27,塑料制品,-0.06413938870374258,-0.04641204142253019,0.15274492908392023,1.1504146133175033,0.9293333333333333,28.0,2.0,-0.009231853941854773,-0.021942546820791664,-0.07231182092056376,0.0,趋势结束
跌幅≥5%,2016-07-27,电池,-0.06287821489365109,-0.04641204142253019,0.17588634073693754,0.9349617514467253,0.908,21.0,1.0,0.004630123932535257,-0.014731244095806506,-0.03453553507530427,0.0,趋势结束
跌幅≥5%,2016-07-27,通信设备,-0.05990801446795213,-0.04641204142253019,0.12206889577081825,1.3182627183201077,0.9186666666666666,2.0,2.0,0.0020318680008326595,-0.018915163770494736,0.002858087711338664,0.0,中性
跌幅≥5%,2016-07-27,非金属材料,-0.07614682643238113,-0.04641204142253019,0.11898902119804045,1.9942077580956785,0.9786666666666667,1.0,2.0,0.008168440688524514,0.005489409234344711,-0.006028116095692093,0.0,中性
跌幅≥5%,2016-08-08,贵金属,-0.0591784564310035,0.012126304161900414,0.2573107880152037,0.9686181500052273,0.9133333333333333,19.0,0.0,0.0017443095356557414,-0.01912947599971515,0.030744659651045003,0.0,中性
跌幅≥5%,2016-09-12,综合行业,-0.05013223919801324,-0.03242418087974619,0.14964568858743088,0.8788237345042517,0.9253333333333333,15.0,0.0,0.024689889846874813,0.005542488057911132,-0.046624700496255,0.0,趋势结束
跌幅≥5%,2017-04-24,水泥建材,-0.0518688969408273,-0.03171368396769314,0.2001246324613296,0.8503250540443157,0.996,3.0,0.0,0.011310016890023311,-0.02704954477397359,0.045904127703273456,1.0,中性
跌幅≥5%,2017-04-24,能源金属,-0.06977133808892921,-0.03171368396769314,0.3051531306225169,0.7526540115776739,0.816,4.0,0.0,0.0019228537700199944,0.08452598503421471,0.4548798385656534,1.0,机会
跌幅≥5%,2017-06-01,能源金属,-0.05110608012092166,-0.02942634607336292,0.18877528175927005,1.0238558484574436,0.6053333333333333,3.0,1.0,0.012290212437185088,0.1531284613714643,0.4637313014044684,1.0,机会
跌幅≥5%,2017-07-17,电池,-0.05042970076874298,-0.05440927779936311,0.1169768215140663,1.4123053844154747,0.9733333333333334,5.0,0.0,0.008897051866276318,-0.0041096280482955105,0.013614962481787396,1.0,中性
跌幅≥5%,2017-07-17,非金属材料,-0.052499310374090835,-0.05440927779936311,0.256242499974195,1.5050899606861137,0.996,2.0,0.0,0.033776343432923905,0.17500039918491317,0.11771644938471826,1.0,机会
跌幅≥5%,2017-08-04,能源金属,-0.05319103828973226,-0.005902011588494349,0.4960294962683961,1.1717684777479311,0.944,1.0,1.0,0.02451766825057833,0.12768724648412544,0.2690458545425165,1.0,机会
跌幅≥5%,2017-08-11,小金属,-0.0732485591096611,-0.018811659192825125,0.38350677319853377,1.1441050271196498,0.9933333333333333,1.0,0.0,0.036990573478999034,0.0086142895472483,-0.14808617657126644,1.0,机会
跌幅≥5%,2017-08-11,有色金属,-0.0773357274156804,-0.018811659192825125,0.2719114921371073,1.4262592693647076,0.996,1.0,0.0,0.010671656919392758,-0.0006160878977738982,-0.13152141217045699,1.0,趋势结束
跌幅≥5%,2017-08-11,煤炭行业,-0.06788774870890912,-0.018811659192825125,0.4187808535482518,1.2961859434991203,0.9946666666666667,1.0,0.0,0.008732257069706817,0.05137001858062473,-0.10227406965126096,1.0,机会
跌幅≥5%,2017-09-25,小金属,-0.05438457218710113,-0.014411785918109987,0.26911256723537824,0.7339999721081806,0.9333333333333333,32.0,1.0,0.016439697552733668,-0.08574303770056324,-0.07087988984356786,0.0,趋势结束
跌幅≥5%,2017-10-11,非金属材料,-0.05945802912114395,-0.003990266256051589,0.22014300442870582,1.0582154646330209,0.916,13.0,1.0,-0.015295719952232334,-0.011608850161854423,0.13401045928782007,0.0,中性
跌幅≥5%,2017-11-15,能源金属,-0.06318740687207769,-0.011372688125635966,0.1598712792086021,1.5103277139200177,0.912,9.0,0.0,-0.004710129789186168,0.08065126139629053,0.06692542949460223,0.0,中性
跌幅≥5%,2017-11-17,医疗器械,-0.05680226025189716,-0.03414193885412775,0.21384224919561712,1.0229415281223582,0.8986666666666666,0.0,0.0,0.013474744511577486,-0.026981597758209408,-0.06968554205294042,0.0,趋势结束
跌幅≥5%,2017-11-17,半导体,-0.058008846859954,-0.03414193885412775,0.4107654768161779,1.1105000389151254,0.9706666666666667,3.0,0.0,0.05153853371827832,0.13381415648103623,-0.05084087931477621,1.0,机会
跌幅≥5%,2017-11-23,光伏设备,-0.05253001377162758,-0.026921758361596826,0.16815967210989047,1.1233391995603477,0.9066666666666666,2.0,0.0,-0.0062821319151007415,0.011567083389807942,-0.06807213056075478,0.0,趋势结束
跌幅≥5%,2018-01-15,半导体,-0.07076505380022602,-0.025467375393426583,0.19215781435859214,0.9908739167263861,0.9013333333333333,20.0,2.0,-0.0010850100066838175,-0.032044957893859305,0.23936316531330215,0.0,中性
跌幅≥5%,2018-01-15,非金属材料,-0.07825743016066133,-0.025467375393426583,0.20188960631713615,1.4510236016928928,0.9493333333333334,3.0,1.0,0.008170422187866455,0.027695971267928665,-0.025438171773370266,0.0,趋势结束
跌幅≥5%,2018-02-06,化纤行业,-0.056882210751668105,-0.05670073865598635,0.22820743481471406,1.1254161422064173,0.6493333333333333,0.0,0.0,0.0033498785157664024,-0.01117838024226625,-0.11158778387154944,1.0,中性
跌幅≥5%,2018-02-06,房地产开发,-0.05760579151405587,-0.05670073865598635,0.22642418043879076,0.9450611529502386,0.8333333333333334,0.0,0.0,-0.041665968978895185,-0.13976393900195727,-0.16146024087172595,0.0,趋势结束
跌幅≥5%,2018-02-08,贵金属,-0.06090019176425743,0.00950876257997546,0.24251953603542264,1.223068480239585,0.86,1.0,0.0,-0.05780151402675604,-0.09373498614456321,-0.09912648877380315,0.0,趋势结束
跌幅≥5%,2018-02-09,煤炭行业,-0.08123376677431404,-0.04195178270793509,0.20277313602237856,1.1422469823013257,0.98,2.0,0.0,0.004078203094514121,-0.11839329253646058,-0.16729562203278525,1.0,趋势结束
跌幅≥5%,2018-02-09,航空机场,-0.055988525148124135,-0.04195178270793509,0.27296172413332176,0.9517848479319347,0.9266666666666666,2.0,0.0,0.02350436034212655,-0.0777581112198602,-0.09096411387204983,1.0,趋势结束
跌幅≥5%,2018-03-23,能源金属,-0.08606642663277209,-0.056769528449941764,0.24868357467312008,1.156646524063208,0.7986666666666666,5.0,1.0,0.05818000988030381,-0.03697735917452116,-0.07672647826925527,1.0,趋势结束
跌幅≥5%,2018-06-19,家用轻工,-0.07347859559393899,-0.06813022656271339,0.15651198877997918,0.6514431359675147,0.7226666666666667,10.0,1.0,0.024488291434639597,0.019506464981058125,-0.013972242326987905,0.0,趋势结束
跌幅≥5%,2018-06-19,教育,-0.08821605840076374,-0.06813022656271339,0.2051370091678476,1.1357977093697957,0.5533333333333333,2.0,1.0,-0.003367657860634865,-0.04772798901770581,-0.12942197445254733,0.0,趋势结束
跌幅≥5%,2018-07-23,生物制品,-0.06619048368454283,0.011597585356385665,0.2151467760198611,1.3929701107469,0.908,4.0,0.0,0.004612118407591792,-0.020954092192177143,0.027399896328159756,0.0,中性
跌幅≥5%,2018-08-06,化纤行业,-0.0639882374695323,-0.02173835242949007,0.1799782659107485,1.498454178750903,0.9973333333333333,0.0,1.0,0.03526728393047818,0.0722694475722,0.020758014429010707,1.0,机会
跌幅≥5%,2018-10-11,石油行业,-0.05817509344620986,-0.0721226309262244,0.20909147314073362,1.8211226206614068,0.972,0.0,0.0,0.013922938500250615,-0.07353715520447213,-0.16732001422592213,0.0,中性
跌幅≥5%,2018-10-11,采掘行业,-0.0887674493440509,-0.0721226309262244,0.16143772691153813,1.362889228932009,0.9666666666666667,1.0,0.0,-0.02140837489225489,-0.11358743495592594,-0.19632335777555088,0.0,趋势结束
跌幅≥5%,2018-10-18,煤炭行业,-0.052689778970512524,-0.03157066844955547,0.20676228975085786,1.0334774273112084,0.6613333333333333,3.0,0.0,0.015400334162603668,-0.07198513280321506,-0.10462589806196998,1.0,趋势结束
跌幅≥5%,2018-10-18,燃气,-0.07343019737891954,-0.03157066844955547,0.3004513367632726,0.8153609210377347,0.9813333333333333,1.0,0.0,-0.004944997929390849,-0.04654738155286453,-0.13334815165278013,1.0,趋势结束
跌幅≥5%,2019-03-08,房地产服务,-0.07455044357559504,-0.04292450740373477,0.18900799399742407,1.627320917214753,0.8506666666666667,0.0,0.0,0.03968851100846349,-0.06705215742090287,-0.033600504119788766,1.0,中性
跌幅≥5%,2019-03-08,证券,-0.08953035246168206,-0.04292450740373477,0.3359743852976791,2.049362830448768,0.9986666666666667,0.0,0.0,0.004425213567047059,-0.05673314038626209,-0.044472100587652164,0.0,趋势结束
跌幅≥5%,2019-03-13,互联网服务,-0.053769656020101086,-0.02118311717046395,0.22986690785731323,1.7655199313964007,0.9813333333333333,0.0,0.0,-0.04159135947360748,-0.054032135799537584,-0.07931946661294942,0.0,趋势结束
跌幅≥5%,2019-03-13,农牧饲渔,-0.05057550590562665,-0.02118311717046395,0.21881560832424296,1.7441704091534465,0.9786666666666667,0.0,0.0,-0.05432827940756024,-0.01679816518896482,0.09690755381277283,1.0,中性
跌幅≥5%,2019-03-13,软件开发,-0.05624991196711149,-0.02118311717046395,0.22869609419653858,1.793630539537065,0.9,0.0,0.0,-0.039055375887950716,-0.013185127496583293,-0.00013163402790072887,1.0,趋势结束
跌幅≥5%,2019-03-26,船舶制造,-0.06695758487112025,-0.02444907131763696,0.2598084744568747,1.947301598640239,0.9426666666666667,0.0,1.0,-0.0020637487591195214,0.04487596552132622,0.039115590301235015,1.0,机会
跌幅≥5%,2019-04-23,船舶制造,-0.0659205180200827,-0.014227590165873827,0.30403966659106696,0.9209642887237183,0.8586666666666667,2.0,2.0,-0.013582741321261138,-0.03529616581655404,0.048706756676619944,0.0,中性
跌幅≥5%,2019-04-26,农牧饲渔,-0.05049317134370668,-0.01416705328730361,0.21723235515634043,1.1566409572749847,1.0,0.0,2.0,-0.055074726125753926,0.06384300808006282,0.04655156126191129,0.0,中性
跌幅≥5%,2019-04-29,证券,-0.05543140952451309,-0.033393624690247425,0.11035034843090119,0.8125389519518469,0.8973333333333333,35.0,1.0,0.002850171743101315,-0.01785701962877695,0.0488789133207187,0.0,中性
跌幅≥5%,2019-05-06,教育,-0.0839525742586208,-0.07620544820905473,0.10692689941143385,0.9610574265414765,0.36933333333333335,42.0,0.0,0.03542535904080113,0.02179901880690327,0.06562995622080936,0.0,中性
跌幅≥5%,2019-05-06,软件开发,-0.09098529056882487,-0.07620544820905473,0.10593173591329763,0.7528908344761766,0.66,34.0,1.0,-0.0005119660813811544,0.04501209818328711,0.059902216445587575,0.0,中性
跌幅≥5%,2019-05-06,酿酒行业,-0.0798057952107808,-0.07620544820905473,0.258382564749442,1.653072694860957,0.812,0.0,0.0,0.016788613406472974,0.017323482549755242,0.13756358650903633,1.0,机会
跌幅≥5%,2019-05-17,房地产服务,-0.052755848298606356,-0.03534216419293479,0.11465425860820488,0.7507162688311994,0.7466666666666667,42.0,3.0,-0.012919561957184134,0.017167661166349046,-0.15251159152234195,1.0,机会
跌幅≥5%,2019-05-20,农牧饲渔,-0.053683604166036125,-0.0045219697110859824,0.17775954725588083,0.9959612293247481,0.9973333333333333,0.0,5.0,0.030104831437790747,0.03990220002028,0.04739695514459985,1.0,机会
跌幅≥5%,2019-05-24,半导体,-0.06246974990578269,-0.0062543925972237124,0.16482598475129806,1.2422483796389627,0.9693333333333334,0.0,4.0,0.06777771719793058,0.002479162779925659,0.09658460276142078,1.0,机会
跌幅≥5%,2019-06-26,贵金属,-0.0669258607752169,-0.002016514519354917,0.29442708805903284,2.0937275415578855,0.9986666666666667,0.0,0.0,0.012082579839933105,0.00048338136239811647,-0.049335810371079036,0.0,中性
跌幅≥5%,2019-07-22,小金属,-0.07100077782882497,-0.02650578154210037,0.1463524328715775,1.0151241462459548,0.8013333333333333,24.0,1.0,0.008579882268716199,0.051871252980701055,-0.08215572466389709,1.0,机会
跌幅≥5%,2019-09-25,半导体,-0.05431270412921774,-0.018892214983034505,0.24611754259466134,1.099881460237492,0.9813333333333333,1.0,0.0,-0.056997926279023337,-0.03019580167150293,0.12083056302279216,0.0,中性
跌幅≥5%,2019-09-26,消费电子,-0.052276819521099305,-0.028654008119898045,0.29028335029136665,0.9387018893347903,0.98,2.0,0.0,0.034258616529847075,0.05416508124066821,0.15220649508186934,1.0,机会
跌幅≥5%,2020-02-03,半导体,-0.10967349006624161,-0.0900369157681159,0.3947433201130701,0.43049252130347765,0.996,0.0,0.0,0.03691378668703971,0.05522958464416439,-0.01199871034221367,1.0,机会
跌幅≥5%,2020-02-03,游戏,-0.0800920833802179,-0.0900369157681159,0.21964151903935814,1.2093103387074868,0.9533333333333334,12.0,0.0,0.052724633474350746,-0.00257537572886668,-0.07160278250725693,1.0,中性
跌幅≥5%,2020-02-03,电子化学品,-0.0991687090562503,-0.0900369157681159,0.24933684315298987,0.19635534546508057,0.9826666666666667,1.0,0.0,0.013863502617389889,0.1740739602159449,0.0843203327617641,1.0,机会
跌幅≥5%,2020-02-03,电池,-0.08060266117260151,-0.0900369157681159,0.30221994182060685,1.3921441725509893,0.9853333333333333,0.0,0.0,0.06438014234261002,-0.00754927454162968,-0.05433850095895387,1.0,中性
跌幅≥5%,2020-02-03,能源金属,-0.0972983196718673,-0.0900369157681159,0.5583496340282443,0.5719427084092961,0.5093333333333333,7.0,0.0,0.05326321434642112,-0.06596342374108244,-0.2317325927935241,1.0,中性
跌幅≥5%,2020-02-19,能源金属,-0.06399910313880697,-0.006590406417240624,0.7782778077388175,1.4049216488643816,0.72,1.0,1.0,-0.0003307161658940849,-0.19523659858662845,-0.24658172901893238,0.0,趋势结束
跌幅≥5%,2020-02-26,半导体,-0.08049601354780456,-0.024929434981332044,0.6580984881922696,1.36875243500415,0.9693333333333334,0.0,1.0,-0.03757139563034251,-0.12315464074827165,-0.0363172112082637,0.0,趋势结束
跌幅≥5%,2020-02-26,电子元件,-0.06875878015572368,-0.024929434981332044,0.3277787369258498,1.7251215394317878,0.9866666666666667,0.0,1.0,-0.015267382265408913,-0.07791815932905954,-0.07110362199865505,0.0,趋势结束
跌幅≥5%,2020-02-26,电子化学品,-0.08788311502770307,-0.024929434981332044,0.6877280756206183,1.327537522210002,0.9786666666666667,0.0,1.0,-0.040214461638401366,-0.014814458487552806,0.09713187389107081,0.0,中性
跌幅≥5%,2020-02-26,电池,-0.0646618356105314,-0.024929434981332044,0.44569585154780444,1.0537114529767646,0.9466666666666667,9.0,1.0,-0.00047096283366332425,-0.11588266466026698,-0.03524781929645171,0.0,趋势结束
跌幅≥5%,2020-03-16,能源金属,-0.07941763895616194,-0.049010811348099925,0.2054308724723366,0.6502214529406539,0.17866666666666667,19.0,3.0,-0.01261858281115813,-0.04342649186987302,-0.020847598737103512,0.0,趋势结束
跌幅≥5%,2020-03-16,通信设备,-0.08152359843835366,-0.049010811348099925,0.19653424531401775,1.2418233896725412,0.96,0.0,3.0,-0.017031165167425755,-0.08285774784821587,-0.1392354805113295,0.0,趋势结束
跌幅≥5%,2020-03-23,电子化学品,-0.0982712338571825,-0.04522754586715594,0.5361435980000239,0.7783967483006209,1.0,1.0,3.0,-0.009793844013126884,-0.13339331921505537,0.08181339758565875,0.0,中性
跌幅≥5%,2020-04-10,半导体,-0.05143785151161162,-0.02483072691706234,0.183645997756975,0.794344501229564,0.7826666666666666,31.0,6.0,-0.026848097638096147,0.11345349087639556,0.2744145298835061,1.0,机会
跌幅≥5%,2020-07-15,电子化学品,-0.06447646737689927,-0.030293118185965695,0.3857407581631742,1.10396399642579,0.8733333333333333,27.0,0.0,-0.0833360237024745,-0.07485432673978176,-0.10042828334653586,0.0,趋势结束
跌幅≥5%,2020-07-16,医疗器械,-0.06934470989843489,-0.05412547361447706,0.2800911488013804,1.123816480312408,0.9546666666666667,2.0,0.0,0.023835527889128905,-0.01907575805016215,0.01158512338223927,1.0,中性
跌幅≥5%,2020-07-16,旅游酒店,-0.07987488583201452,-0.05412547361447706,0.45170167247423954,1.8436786001704064,0.9973333333333333,0.0,0.0,0.05601779755061842,0.05969303036819795,0.004910920027868748,1.0,机会
跌幅≥5%,2020-07-16,生物制品,-0.0747161622276089,-0.05412547361447706,0.3062284069084882,1.5479527844592205,0.9906666666666667,0.0,0.0,-0.0019973245286433183,0.013471786146012521,-0.02867496708821593,1.0,机会
跌幅≥5%,2020-07-16,酿酒行业,-0.09222715446728025,-0.05412547361447706,0.3803471793666444,1.9640616972266305,0.468,0.0,0.0,0.005991849007313421,-0.04370865665517076,0.09346195811556357,0.0,中性
跌幅≥5%,2020-08-12,航天航空,-0.05030826894968721,-0.008259023594325954,0.2652366230727139,0.9365781103242266,0.9893333333333333,2.0,0.0,0.022622890639058424,-0.007393361593410419,-0.07672895465486185,1.0,趋势结束
跌幅≥5%,2020-09-10,船舶制造,-0.08970609261033413,-0.026269839693557118,0.3529632258372062,0.9461405254463182,0.9466666666666667,33.0,0.0,-0.02024312431630082,-0.058917932781994975,-0.04665196658394677,0.0,趋势结束
跌幅≥5%,2020-09-24,风电设备,-0.05399534086867286,-0.025159515140309563,0.3117553820552543,0.8171785975117081,0.9866666666666667,7.0,0.0,-0.006455246242609847,0.11237938442457385,0.3497924176927003,1.0,机会
跌幅≥5%,2020-11-11,汽车整车,-0.056058220399312186,-0.01899649316155161,0.5000508378598673,1.35403186430026,0.9906666666666667,2.0,0.0,0.013841755141626555,0.09554477194900024,0.2612583807482819,1.0,机会
跌幅≥5%,2020-12-29,光伏设备,-0.06710573942813758,-0.002686774682720161,0.41065922767154284,1.6631167025474372,0.9973333333333333,1.0,0.0,0.011838832365528296,0.17378810230464747,-0.042242744234149754,1.0,机会
跌幅≥5%,2020-12-29,汽车整车,-0.05091232052299499,-0.002686774682720161,0.5096288276111867,0.9684885632056208,0.9626666666666667,5.0,1.0,0.029741150849605935,0.06733190564079283,-0.07627550231601032,1.0,机会
跌幅≥5%,2020-12-29,能源金属,-0.08052973250182704,-0.002686774682720161,0.9649634759928696,1.5660007890462857,0.988,0.0,0.0,0.0436612448492002,0.4376995513648705,0.06288733959204307,1.0,机会
跌幅≥5%,2021-01-11,电池,-0.05735504530806501,-0.01666410260672968,0.45866121153960715,1.470295796421854,0.9933333333333333,1.0,0.0,0.022145312123058147,0.0330761117765227,-0.09612279001134827,1.0,机会
跌幅≥5%,2021-01-13,能源金属,-0.059086460283485076,-0.01020564996564044,1.3104228315681308,1.6000685393841547,0.9853333333333333,0.0,1.0,-0.032746596266927996,0.04513249864684776,-0.10331816993776355,1.0,机会
跌幅≥5%,2021-01-28,光伏设备,-0.05234315045521465,-0.02251121946309309,0.41030276211944394,1.0213356127195514,0.9973333333333333,0.0,1.0,-0.03009256275961303,-0.14068576003967792,-0.12123091862810176,0.0,趋势结束
跌幅≥5%,2021-02-04,能源金属,-0.06638603156210521,-0.015278003243565874,0.9882745697123394,0.867653878222044,0.98,5.0,2.0,-0.06320584432163534,-0.1514513766240777,-0.053824367052563216,0.0,趋势结束
跌幅≥5%,2021-02-22,医疗服务,-0.05572096158399098,-0.0061857478836686575,0.3983149461962283,1.430181094271432,0.9533333333333334,2.0,0.0,-0.015255039266862114,-0.12031498301372223,0.10613922593435321,0.0,中性
跌幅≥5%,2021-03-04,光伏设备,-0.06451934577663032,-0.022010373426924024,0.2576708118647665,1.145232078520551,0.944,20.0,2.0,0.003203667657962761,-0.013735950894502302,0.03353196635893063,0.0,中性
跌幅≥5%,2021-03-08,旅游酒店,-0.0584441946510077,-0.026051425060177547,0.243128150156095,1.1069600198685137,0.8773333333333333,12.0,0.0,0.02887977811611364,0.12430616673480688,0.02473323981295117,1.0,机会
跌幅≥5%,2021-03-09,化纤行业,-0.05432599047051234,-0.028846943357465737,0.20053796392797107,0.8532316447051554,0.9706666666666667,10.0,0.0,-0.008875904583309446,-0.058779477976409145,-0.1065088921312276,1.0,趋势结束
跌幅≥5%,2021-03-09,小金属,-0.0587670263402863,-0.028846943357465737,0.22524968886558094,0.8632765717736205,0.9506666666666667,2.0,2.0,0.0006378641043374156,-0.05321935840592851,-0.021250959911116585,0.0,趋势结束
跌幅≥5%,2021-03-25,电力行业,-0.050777898733641136,-0.000577088675187909,0.23413291780770384,1.4619355737235404,0.9973333333333333,0.0,0.0,0.03001110208239055,-0.0656856612347807,-0.09187528838111825,1.0,趋势结束
跌幅≥5%,2021-04-13,旅游酒店,-0.061772891938718155,-0.002441491578602406,0.23549845061017505,1.567538908256888,0.9813333333333333,5.0,1.0,0.06561116086783536,-0.009427223437009857,-0.1708532359237953,1.0,趋势结束
跌幅≥5%,2021-05-06,旅游酒店,-0.061326236727419436,-0.003359876589628774,0.20773013530064455,1.0926724701391897,0.876,19.0,2.0,-0.020995554224674695,-0.000794408338726571,-0.2947406167784946,1.0,趋势结束
跌幅≥5%,2021-05-06,生物制品,-0.05351757739144547,-0.003359876589628774,0.21329787620670093,2.0887204781780095,0.9773333333333334,0.0,0.0,-0.023518381628530594,-0.03529239656073724,-0.1430790466655001,1.0,中性
跌幅≥5%,2021-05-13,煤炭行业,-0.050212632672066326,-0.007965006129911245,0.3210940979674908,1.3092251689283132,0.992,2.0,0.0,-0.017702156648924272,-0.032542745583264976,-0.011464263128742047,1.0,趋势结束
跌幅≥5%,2021-05-13,钢铁行业,-0.05004449825007451,-0.007965006129911245,0.33923138423764976,1.3096373464949727,0.9866666666666667,2.0,0.0,-0.0004405581975879258,-0.10490629205482982,-0.030605110587383466,0.0,趋势结束
跌幅≥5%,2021-06-08,酿酒行业,-0.06437155496380176,-0.005583244992672598,0.3966799367229361,1.7904433953132313,0.9973333333333333,0.0,0.0,-0.006210214594715047,-0.08234811728734559,-0.2854008694446497,0.0,趋势结束
跌幅≥5%,2021-06-16,汽车整车,-0.07296645739827468,-0.017975366517231084,0.18915147486675843,1.2038205401992619,0.9706666666666667,0.0,0.0,0.038351623117106826,0.0911814458524185,0.17426949953877147,1.0,机会
跌幅≥5%,2021-06-16,电池,-0.06218784251088927,-0.017975366517231084,0.23309279239008873,1.1037015845517013,0.872,1.0,0.0,0.02389303577546653,0.2669234770752895,0.21763567247621762,1.0,机会
跌幅≥5%,2021-07-14,能源金属,-0.06408676398373048,-0.01075859122957068,0.7095614518288893,1.5184149785657195,0.992,0.0,1.0,0.040983296581204476,0.10058185187425028,0.12223571775294562,1.0,机会
跌幅≥5%,2021-07-27,光伏设备,-0.061642600475661946,-0.02702879469060837,0.46697360650076214,1.362689510731621,0.9586666666666667,0.0,0.0,-0.002251704694094303,0.06393386187097594,0.22094696580459905,1.0,机会
跌幅≥5%,2021-07-27,化肥行业,-0.06924830444012897,-0.02702879469060837,0.4583600792490452,1.2075202525707625,0.9453333333333334,1.0,0.0,-0.041707629972680516,0.11111280361881026,0.38250240609674346,1.0,机会
跌幅≥5%,2021-07-27,小金属,-0.0525900970513693,-0.02702879469060837,0.43116852003832595,1.3530591312796616,0.924,0.0,0.0,-0.02635032672149118,0.08790998199903766,-0.0020940487818523756,1.0,机会
跌幅≥5%,2021-07-27,电池,-0.07298325240098835,-0.02702879469060837,0.4460684207837373,1.1665235439207555,0.9293333333333333,9.0,1.0,0.016676836431122277,0.040678982570129474,0.17558412211582786,1.0,机会
跌幅≥5%,2021-08-03,半导体,-0.07230214582302141,-0.00875834319534452,0.4307041714237234,1.1684435919298821,0.9706666666666667,1.0,1.0,0.03768333605719221,-0.09174027923918038,-0.06520671905997188,0.0,趋势结束
跌幅≥5%,2021-08-03,电子化学品,-0.06840436509164327,-0.00875834319534452,0.7069795566291037,1.7199777664239788,0.96,1.0,0.0,0.01877883460094454,-0.1353367933382642,-0.17506690540692182,0.0,趋势结束
跌幅≥5%,2021-08-16,小金属,-0.0682491688500102,-0.004843374076410778,0.5323880166029233,1.0049623638622094,0.9453333333333334,5.0,2.0,-0.010559860109401575,0.16927546848561903,-0.02308192698873268,1.0,机会
跌幅≥5%,2021-08-17,电源设备,-0.052307670471122725,-0.024885547737081293,0.44120596472410045,1.344312089576017,0.9973333333333333,2.0,0.0,0.01170281744838464,-0.08088374476933913,0.06785026577935849,0.0,中性
跌幅≥5%,2021-09-01,光伏设备,-0.05924644591384931,-0.0051505031492391495,0.6821697779716398,1.3703882371753606,0.9893333333333333,1.0,1.0,0.046178798872925864,-0.054433508304613465,-0.04003944798407555,0.0,中性
跌幅≥5%,2021-09-01,化肥行业,-0.06439397553924309,-0.0051505031492391495,0.6147064381235385,1.471624694605297,0.9933333333333333,0.0,1.0,0.05502066825705243,0.023437393313649357,0.011779565110959123,1.0,机会
跌幅≥5%,2021-09-01,小金属,-0.07294090064166692,-0.0051505031492391495,0.6507001708822167,1.4877775648052367,0.9466666666666667,0.0,3.0,0.014673481145585532,-0.16298500269186866,-0.03732118224334546,0.0,趋势结束
跌幅≥5%,2021-09-01,能源金属,-0.07780969236134938,-0.0051505031492391495,0.737034917941106,1.555117975102341,0.9506666666666667,0.0,4.0,0.02295038041076536,-0.1445481656948424,-0.08799768083534099,0.0,趋势结束
跌幅≥5%,2021-09-23,化肥行业,-0.05973519197391142,0.006289058602734654,0.9175251288393715,1.096718231703949,0.992,0.0,2.0,-0.05245695072801482,-0.06567168456116823,-0.130689072460196,0.0,趋势结束
跌幅≥5%,2021-09-23,风电设备,-0.05858169546109071,0.006289058602734654,0.7442538271256827,1.4658190900280346,1.0,0.0,0.0,-0.015740049140764656,0.11163083098938031,0.009195274205017423,0.0,中性
跌幅≥5%,2021-09-27,小金属,-0.0870266030377036,-0.019228056891438805,0.4657988359575296,0.7438479994404553,0.9093333333333333,16.0,5.0,-0.009353745609721242,-0.020161990952630493,-0.012562108890629808,0.0,趋势结束
跌幅≥5%,2021-09-27,电机,-0.06645967618899795,-0.019228056891438805,0.4312158787122795,0.7850010093911576,0.9533333333333334,2.0,0.0,-0.02538396475363247,-0.02622662989751079,-0.028769492965681653,0.0,中性
跌幅≥5%,2021-09-29,煤炭行业,-0.051282219883577285,-0.027579915841113967,0.4318733918851805,0.8219103677132211,0.984,11.0,2.0,0.035550367985006215,-0.1125548108447626,-0.14384355921810466,1.0,趋势结束
跌幅≥5%,2021-09-29,燃气,-0.08688473051154122,-0.027579915841113967,0.46328493313182273,1.128991781830064,0.9626666666666667,0.0,0.0,0.021919716898353814,-0.13236161493305476,-0.13574544775713515,0.0,趋势结束
跌幅≥5%,2021-10-28,化肥行业,-0.05900360316516662,-0.018530347415438908,0.37605972617265615,1.1726294785061138,0.9786666666666667,20.0,6.0,0.02475002551505301,-0.11404724200757277,-0.12004287277187964,0.0,趋势结束
跌幅≥5%,2021-10-28,燃气,-0.05916295096329327,-0.018530347415438908,0.2853066827839379,0.8080978120092387,0.792,16.0,3.0,-0.0012854081412787544,0.01787625061040443,-0.0501809198797607,1.0,机会
跌幅≥5%,2021-11-05,电力行业,-0.0571075695075266,-0.010520913353998296,0.26758667805852143,0.9348023019675528,0.9333333333333333,22.0,0.0,-0.0038683858619484868,-0.0014296463782386137,0.02238204067251659,1.0,中性
跌幅≥5%,2021-12-20,游戏,-0.05580785176181258,-0.01869872950513629,0.20992816337726894,1.3262333569009335,0.9506666666666667,23.0,0.0,0.019059427898450165,0.04182922211502871,-0.046598915816407294,1.0,机会
跌幅≥5%,2022-01-25,文化传媒,-0.06588862412876095,-0.035583650627005414,0.2467414480522846,0.7899113344996939,0.9373333333333334,13.0,0.0,-0.004141071794106943,-0.08000653061079299,-0.07330791004899384,0.0,趋势结束
跌幅≥5%,2022-03-04,采掘行业,-0.05941638571539343,-0.012708796343892992,0.2916913768992013,1.9281108689952773,0.9986666666666667,0.0,0.0,-0.0034367359204470205,-0.1064169353585761,-0.06252960273037067,0.0,趋势结束
跌幅≥5%,2022-03-07,航空机场,-0.06915613446995517,-0.022633405560342768,0.20471103845937233,1.4805170244317216,0.148,15.0,0.0,-0.02075167929785826,0.026442646181099705,0.006418461520160013,0.0,中性
跌幅≥5%,2022-03-08,煤炭行业,-0.05922444612781086,-0.030545103592596212,0.2917971442364393,1.1806678410567157,0.964,0.0,1.0,0.018111159170155933,0.08583604198411787,0.21930266674501153,1.0,机会
跌幅≥5%,2022-03-15,水泥建材,-0.06702904127887632,-0.04820773953549151,0.16701924786834943,1.2892398189009713,0.4613333333333333,21.0,0.0,0.018717952036775953,0.11318704381631117,-0.033376064422304674,1.0,机会
跌幅≥5%,2022-03-15,石油行业,-0.06952329102707955,-0.04820773953549151,0.16347105478401525,0.9728108464207879,0.8253333333333334,4.0,0.0,0.02688943751773354,0.12288124984882387,0.22295393176278022,1.0,机会
跌幅≥5%,2022-03-15,贵金属,-0.08707875784664199,-0.04820773953549151,0.18957268142911188,1.0363523286855019,0.6146666666666667,3.0,0.0,0.033073439265181914,0.2657652691705399,0.019150380705419856,1.0,机会
跌幅≥5%,2022-04-11,房地产服务,-0.056685257697106306,-0.036941460522810665,0.2366928740159825,0.9909208095240253,0.9613333333333334,2.0,1.0,0.009620496052755945,-0.13795875449736095,-0.2931885811645001,0.0,趋势结束
跌幅≥5%,2022-04-20,煤炭行业,-0.05877389342218431,-0.018016268545070324,0.42015215663261585,1.1386119546657458,0.9946666666666667,3.0,3.0,-0.023654769121340125,-0.016322036305088217,-0.05807762502231695,0.0,中性
跌幅≥5%,2022-04-21,农牧饲渔,-0.05341119514597403,-0.036159672746699734,0.20723875356685273,1.4099307173344244,0.9453333333333334,0.0,1.0,-0.043370123539918315,-0.08724363783052846,-0.1765093168635138,0.0,趋势结束
跌幅≥5%,2022-04-21,化肥行业,-0.07497970514819785,-0.036159672746699734,0.26297784330120266,1.0575376773821201,0.9626666666666667,7.0,0.0,-0.013840059350899492,0.022910873222490302,-0.015479252401131793,1.0,机会
跌幅≥5%,2022-04-21,旅游酒店,-0.053842917695603676,-0.036159672746699734,0.21091873915409987,0.9782448439521766,0.9866666666666667,45.0,3.0,-0.018214669698748187,-0.10322339575633444,-0.0595783549870188,0.0,中性
跌幅≥5%,2022-04-25,贵金属,-0.07446689605486467,-0.07242121281302982,0.3014693114792223,1.0243404981765356,0.5586666666666666,7.0,1.0,-0.038050860049436586,-0.15682411693399068,-0.31608452460488345,0.0,趋势结束
跌幅≥5%,2022-05-24,化肥行业,-0.053290835496432876,-0.038883183170371316,0.17266426939925494,1.372768281598512,0.9426666666666667,27.0,2.0,0.006318395852309422,-0.033956773417330055,-0.11819862507663714,1.0,中性
跌幅≥5%,2022-06-20,煤炭行业,-0.05282038557278457,0.00949056170856366,0.2314165621119384,1.277731475853133,0.8853333333333333,3.0,3.0,-0.0025220352389458967,-0.000690638838732216,0.121245585242166,1.0,中性
跌幅≥5%,2022-06-20,石油行业,-0.05204474980050955,0.00949056170856366,0.1536728680409709,1.3546048711978262,0.9293333333333333,3.0,0.0,0.006590703988132995,0.002603171110912905,0.15810956853238423,1.0,机会
跌幅≥5%,2022-06-29,汽车整车,-0.07164001481366422,-0.024083867372382883,0.5327586244933991,1.688779742755506,0.9933333333333333,0.0,2.0,-0.003956036863436596,-0.04250190251487984,-0.08280688864990737,0.0,趋势结束
跌幅≥5%,2022-06-29,风电设备,-0.05670161989516709,-0.024083867372382883,0.1511106629232728,1.3125456845708292,0.8,2.0,1.0,0.04730610049276329,0.08410194589364828,-0.02528075665669527,1.0,机会
跌幅≥5%,2022-07-01,旅游酒店,-0.056494352535714554,-0.0003571382127499634,0.20166233333391625,1.8286163256527115,0.9933333333333333,43.0,2.0,-0.007029277789190935,-0.06750112875320635,0.020155264399182693,0.0,中性
跌幅≥5%,2022-07-11,能源金属,-0.06370383568657079,-0.015006145803584392,0.44846875582401013,1.2758101377510902,0.8173333333333334,3.0,1.0,-0.023947210492602622,-0.07814959728273974,-0.11576384965474362,0.0,趋势结束
跌幅≥5%,2022-07-25,电源设备,-0.05368832479206709,-0.010516705874710097,0.38997841429037305,1.0686595611869205,0.9786666666666667,0.0,0.0,0.004876938901192229,0.12927492312789912,0.28233582879141095,1.0,机会
跌幅≥5%,2022-07-25,风电设备,-0.05861545699576798,-0.010516705874710097,0.46926511168999285,0.916779636793539,0.944,5.0,1.0,0.005295847407494225,-0.03315629985362967,0.011365868091689824,0.0,中性
跌幅≥5%,2022-08-24,电池,-0.05133194362041282,-0.030101878238926738,0.19851624217941666,1.5515706280962784,0.928,28.0,0.0,-0.023113608637710725,-0.09583898676810909,-0.16054643524767476,0.0,趋势结束
跌幅≥5%,2022-08-31,光伏设备,-0.06225600562972322,-0.024325257900888242,0.12976453585546754,1.0116578595611088,0.9213333333333333,8.0,0.0,0.0023303872994950847,0.033974422087052814,-0.06412685330853685,1.0,机会
跌幅≥5%,2022-08-31,电源设备,-0.05766623703178886,-0.024325257900888242,0.33568229939821403,1.0874999622464172,0.996,5.0,1.0,-0.011007382644778407,0.07777228561359639,0.10304421709390998,1.0,机会
跌幅≥5%,2022-09-15,电源设备,-0.053081408915142236,-0.025191830755415312,0.29197448834752904,0.8594477331622621,0.9586666666666667,3.0,2.0,-0.02794391700780452,0.10771860395150035,0.04890861583213946,1.0,机会
跌幅≥5%,2022-09-26,石油行业,-0.05824159324553191,-0.013017724179596235,0.2060826338696563,0.9931663840754387,0.9493333333333334,0.0,0.0,-0.007052114678992805,-0.04024084232722802,-0.08120039092504827,0.0,中性
跌幅≥5%,2022-11-14,航空机场,-0.0506231949956385,-0.004149186332947807,0.1793441407999241,1.8039783634480768,0.98,27.0,0.0,0.015301842566735502,0.10494025440271959,0.04854205674573042,1.0,机会
跌幅≥5%,2022-12-14,中药,-0.054237255945907226,-0.0024938404142176296,0.4013937548411386,1.087841186088532,1.0,0.0,0.0,-0.001840457747672275,-0.13301689386213889,-0.07467945146251154,0.0,趋势结束
跌幅≥5%,2022-12-19,化学制药,-0.051712907849564727,-0.019146270791577713,0.2474837952357556,1.3225470519795672,1.0,0.0,0.0,-0.025622118037054165,-0.06667437415966437,-0.12154562931854151,0.0,趋势结束
跌幅≥5%,2022-12-20,教育,-0.0578441408361704,-0.008746718756520777,0.29763217663555475,1.2745530756653836,1.0,0.0,0.0,0.0008982493968050509,0.001209980109292852,0.019448576630832326,1.0,机会
跌幅≥5%,2023-04-10,互联网服务,-0.05403966032631291,-0.009741877629460105,0.2773957091190413,1.279623314532434,0.992,2.0,0.0,0.015383088271509138,-0.002720390324871813,-0.05608826645405063,0.0,中性
跌幅≥5%,2023-04-10,游戏,-0.05267982392620463,-0.009741877629460105,0.5242413860644439,1.4677338347073516,0.996,0.0,0.0,0.03617910498559862,0.1610541165571462,0.09627414065756101,1.0,机会
跌幅≥5%,2023-04-10,软件开发,-0.0632934394209258,-0.009741877629460105,0.2856133309343356,1.236466084809474,0.9893333333333333,2.0,0.0,0.010791529549966539,-0.02810407954995031,-0.051660377868817164,0.0,中性
跌幅≥5%,2023-04-21,文化传媒,-0.05489209031587561,-0.026730836109651768,0.28829190173269437,1.174974867354731,0.9946666666666667,5.0,0.0,0.020296382122250156,-0.02683293407560139,0.007715803165008084,1.0,中性
跌幅≥5%,2023-04-27,游戏,-0.07004858449613693,-0.001844757983058165,0.7445335473152608,1.3095687351514558,0.9986666666666667,1.0,1.0,0.10261114829914231,0.043464662642423435,-0.1294316083550353,1.0,机会
跌幅≥5%,2023-05-16,文化传媒,-0.05341226320052017,-0.007298433345936495,0.2726983578018429,0.8547107320330095,0.996,2.0,1.0,-0.00453500649744798,0.10747083135819957,-0.0295466981531054,1.0,机会
跌幅≥5%,2023-06-21,文化传媒,-0.06333822988029758,-0.02129157385204028,0.18308208787102698,1.0135119279344624,0.9586666666666667,28.0,2.0,-0.06236985624247693,-0.05450268135214986,-0.08761996656885096,0.0,趋势结束
跌幅≥5%,2023-06-21,游戏,-0.07843699764813672,-0.02129157385204028,0.43958182145990066,1.1569344243281496,0.9866666666666667,0.0,3.0,-0.05234183394752423,-0.17636109731128335,-0.2452428033467744,0.0,趋势结束
跌幅≥5%,2023-06-26,计算机设备,-0.05783645296917983,-0.01978393914205434,0.13876175991229922,1.0816303870919013,0.9706666666666667,1.0,0.0,0.004800468727049978,-0.0515492132030031,-0.08882594068934091,0.0,趋势结束
跌幅≥5%,2023-08-31,房地产开发,-0.053379509979766704,-0.0059110660475261145,0.17399311801029482,1.2627519044527005,0.8933333333333333,1.0,0.0,0.00045875103822612395,-0.05061413023374861,-0.10426059641365382,0.0,趋势结束
跌幅≥5%,2023-12-22,文化传媒,-0.07784362519817778,-0.014672037024324736,0.16599277942981927,1.2443967738841692,0.964,4.0,0.0,-0.013102393108935018,-0.04664072273890274,0.05949592101774115,0.0,中性
跌幅≥5%,2023-12-22,游戏,-0.11201105001137446,-0.014672037024324736,0.15661200766986627,1.334906162191269,0.8706666666666667,4.0,0.0,-0.03542235395799054,-0.01819627292532766,-0.014083804770157582,0.0,趋势结束
跌幅≥5%,2024-01-22,家用轻工,-0.05104519216568193,-0.04824177108965111,0.16817438659349482,1.566260684026011,1.0,0.0,0.0,-0.01695831267585679,-0.14935834633273348,-0.1422817668359001,0.0,趋势结束
跌幅≥5%,2024-01-22,旅游酒店,-0.05367079268893704,-0.04824177108965111,0.10971509894409426,1.31815396892946,0.9546666666666667,0.0,0.0,-0.010043611464255586,-0.10162613896644979,-0.08092159461453285,0.0,趋势结束
跌幅≥5%,2024-02-28,通信设备,-0.07546846433232646,-0.050161772563364404,0.15894302249958037,1.8407280071500416,0.9733333333333334,0.0,2.0,0.054128432320734055,0.021824794377988344,0.018517002825222617,1.0,机会
跌幅≥5%,2024-04-16,通信设备,-0.05485699303800762,-0.05070259989258774,0.17803929275496722,0.7810322894972187,0.7253333333333334,17.0,3.0,0.06663178769262945,0.011825667436160314,0.08571642809332791,1.0,机会
跌幅≥5%,2024-04-22,采掘行业,-0.05643776706666703,-0.008050298009693035,0.2345143975067051,1.5710266346437545,0.992,0.0,2.0,-0.005512814008305167,-0.07805133816525067,-0.11288147123722525,0.0,趋势结束
跌幅≥5%,2024-05-24,房地产服务,-0.05337388216550021,-0.014498810454243172,0.29640140630909184,1.2103732756456598,0.996,1.0,1.0,0.0005818833561912484,-0.16470026854092046,-0.12709245607724362,0.0,趋势结束
跌幅≥5%,2024-06-11,航运港口,-0.055911846866509185,0.006307363765609919,0.27491474439176566,1.6999554351768869,0.9426666666666667,0.0,0.0,-0.0030304722760560177,0.0060958288295970275,-0.03788360077982833,0.0,趋势结束
跌幅≥5%,2024-08-05,半导体,-0.05124919297881825,-0.026463565098107544,0.12832311930772233,1.048940265117353,0.9146666666666666,9.0,0.0,0.010160052368473949,-0.03869776089023391,0.11433331412334424,0.0,中性
跌幅≥5%,2024-10-09,多元金融,-0.057692371017082134,-0.07963207571723896,0.24606706218904506,4.1651351384347155,0.9386666666666666,3.0,0.0,-0.03101548348584393,0.04662978536612328,-0.11818863135901325,1.0,机会
跌幅≥5%,2024-10-09,电池,-0.12707486861040718,-0.07963207571723896,0.24520595169255643,3.2349380692557532,0.72,0.0,0.0,-0.004423178392968019,-0.054553429446713375,-0.06681165133407219,0.0,趋势结束
跌幅≥5%,2024-10-09,证券,-0.07595839615885702,-0.07963207571723896,0.2494745078958316,6.295674242382745,0.7986666666666666,0.0,0.0,-0.04678404974963535,-0.07970185669053076,-0.12051419305340494,0.0,趋势结束
跌幅≥5%,2024-10-10,软件开发,-0.060930993863417715,-0.005482997617117791,0.3582338186301497,2.6670619282449968,0.9493333333333334,0.0,0.0,-0.034468512316187194,0.07312016292302359,-0.008123978195051729,1.0,机会
跌幅≥5%,2024-10-17,房地产服务,-0.06589864229612152,-0.0007993955601962588,0.30266111216236724,1.4262575329224123,0.9506666666666667,0.0,1.0,0.006750979983225935,0.015916920450302685,-0.09181896503366804,1.0,机会
跌幅≥5%,2024-11-01,互联网服务,-0.06817952748734113,-0.029976169325628077,0.2581128892175164,1.03554888368627,0.9586666666666667,8.0,1.0,0.03212085581615054,0.08821102849115703,0.07548439112616911,1.0,机会
跌幅≥5%,2024-11-01,综合行业,-0.07046775744863065,-0.029976169325628077,1.4926645130712854,2.094911097555984,0.9706666666666667,0.0,0.0,0.05230116671474927,-0.14746179894235123,-0.2855184529282575,0.0,趋势结束
跌幅≥5%,2024-11-01,软件开发,-0.07890199771372897,-0.029976169325628077,0.34818081249837296,1.0272891174971184,0.9386666666666666,8.0,1.0,0.024601665172130582,0.09372208054577036,0.022671079432139418,1.0,机会
跌幅≥5%,2024-11-14,计算机设备,-0.05163474802882362,-0.029772339072868137,0.2857146337210652,0.9775813706190121,0.888,2.0,1.0,-0.03209215748770844,-0.03678621966424078,0.05769329315804206,0.0,中性
跌幅≥5%,2024-11-15,综合行业,-0.0665132278854097,-0.02393409010574532,1.2309198229802378,0.7138340328582713,0.9013333333333333,10.0,1.0,-0.037141748732327895,-0.050295029570411875,-0.047079741722303114,0.0,趋势结束
跌幅≥5%,2024-11-18,互联网服务,-0.05741933881287831,-0.026026374535812025,0.36519921119888776,0.891407946681062,0.9613333333333334,2.0,2.0,0.026116397246135348,0.045623031264957925,0.12515080604297846,1.0,机会
跌幅≥5%,2024-11-18,教育,-0.10407990476607543,-0.026026374535812025,0.23809382822335112,1.1806651777639074,0.956,0.0,1.0,0.011006572671810044,0.1666948323972468,0.03962947025202879,1.0,机会
跌幅≥5%,2024-11-18,软件开发,-0.06966842804283968,-0.026026374535812025,0.438413856694722,0.8700187593412156,0.9666666666666667,19.0,2.0,0.03439497156648752,0.032357939235150734,0.11956496882327317,1.0,机会
跌幅≥5%,2024-12-17,商业百货,-0.07063972931472295,-0.02288617593367981,0.4692030941745522,1.3261852276148336,1.0,0.0,1.0,0.00884363687224421,-0.05481092937142107,-0.14111771783074478,0.0,中性
跌幅≥5%,2024-12-17,教育,-0.06478742147812977,-0.02288617593367981,0.3483007656298882,1.605481181711489,0.9413333333333334,0.0,2.0,0.023801762220782008,-0.11803520392337119,-0.13879387658799514,0.0,趋势结束
跌幅≥5%,2024-12-17,综合行业,-0.05536448329492483,-0.02288617593367981,0.6648328497605582,0.84632720748711,0.9386666666666666,32.0,3.0,0.008943935972959727,-0.06066927455793758,0.0026622890565117796,0.0,中性
跌幅≥5%,2025-01-03,商业百货,-0.06675183618859715,-0.032790217299255575,0.44631408559881125,1.1901471552152911,0.9986666666666667,0.0,1.0,-0.05713436809633332,-0.14408883841762643,-0.06326482943036338,0.0,趋势结束
跌幅≥5%,2025-01-03,综合行业,-0.06325500160391984,-0.032790217299255575,0.13806718577483834,0.847533063514924,0.5413333333333333,44.0,4.0,-0.017480062560919163,0.12659697889578925,0.033859346617256425,1.0,机会
跌幅≥5%,2025-02-13,电机,-0.05491884596776253,-0.009409091873641695,0.2648316998585273,1.4002739649765956,0.9613333333333334,0.0,1.0,-0.015281017695559895,0.0965585360493586,0.07653475910290775,1.0,机会
跌幅≥5%,2025-02-28,仪器仪表,-0.06613483162935951,-0.03661719352368531,0.15930535677304913,1.1703250435437782,0.9773333333333334,0.0,1.0,-0.00760789227993619,-0.014107555075756228,-0.021541600628930735,1.0,趋势结束
跌幅≥5%,2025-02-28,汽车零部件,-0.05332422208968424,-0.03661719352368531,0.16715742993355942,1.2186886056682886,0.9426666666666667,0.0,0.0,-0.001610072421711184,0.01889129754937091,0.05619272252354823,1.0,机会
跌幅≥5%,2025-02-28,电机,-0.07570856167204587,-0.03661719352368531,0.4058061241910498,0.9912946632489454,0.9906666666666667,1.0,2.0,-0.014156907242269923,0.027424703622279445,-0.060652317364379926,1.0,机会
跌幅≥5%,2025-02-28,通用设备,-0.05832471897360292,-0.03661719352368531,0.21045537882665255,1.113863929067335,0.992,1.0,0.0,-0.008358509998835029,0.026485588065356724,0.014849502931302272,1.0,机会
跌幅≥5%,2025-04-07,塑料制品,-0.1392049279806281,-0.11353703273366667,0.10796802822319118,0.8842740371996486,0.904,5.0,0.0,-0.0018366817876728225,0.08596534807308687,0.09484532312411265,1.0,机会
跌幅≥5%,2025-04-07,汽车零部件,-0.1195236833036577,-0.11353703273366667,0.11178664156772111,0.5320130451056897,0.7986666666666666,10.0,1.0,-0.043676726325192816,0.06675797095248592,0.0015382822807605834,1.0,机会
跌幅≥5%,2025-04-07,电机,-0.11551572598576054,-0.11353703273366667,0.21753408299741417,0.31434078044296543,0.832,18.0,3.0,-0.06298416243658411,0.034646048997608814,-0.09173943485875302,1.0,机会
跌幅≥5%,2025-04-07,贵金属,-0.07349059553411263,-0.11353703273366667,0.18530846770459886,1.6807228718298977,0.916,3.0,0.0,0.014477680646966418,0.02466710263726668,0.05642071052516773,1.0,机会
跌幅≥5%,2025-04-07,通用设备,-0.14093098165218643,-0.11353703273366667,0.15217615622602554,0.6688840798243457,0.9626666666666667,10.0,1.0,-0.015825086542711864,0.05997881082147649,-0.0037236050675568677,1.0,机会
跌幅≥5%,2025-04-23,珠宝首饰,-0.055453650225060325,0.008886611002160594,0.18398319908485372,1.624989185991169,0.9946666666666667,0.0,1.0,-0.019699880774084133,0.17704840514323505,0.0815780839747493,1.0,机会
跌幅≥5%,2025-04-23,贵金属,-0.06334369444414578,0.008886611002160594,0.311723892732634,1.5650957327026669,0.9973333333333333,0.0,1.0,-0.008325281442977617,-0.010856564438791017,-0.0604555538928464,0.0,趋势结束
跌幅≥5%,2025-04-28,房地产服务,-0.060155526994328246,-0.010282879949796375,0.12051378782253774,1.429477199016529,0.972,5.0,1.0,-0.005008418912355039,-0.059869672358812465,-0.11810681018616687,0.0,趋势结束
跌幅≥5%,2025-06-05,珠宝首饰,-0.06155168309012693,0.009258812095022328,0.5317915430655759,2.2094691013545207,0.9986666666666667,0.0,2.0,-0.033429585216260604,-0.07357855761774124,-0.2972567929325882,0.0,趋势结束
跌幅≥5%,2025-06-24,采掘行业,-0.06176246553898124,0.020630323384903893,0.15586516904733527,1.5794350238657395,0.996,2.0,1.0,-0.019976929883807282,-0.04200619484720125,-0.16449062910269285,0.0,趋势结束
跌幅≥5%,2025-09-02,通信设备,-0.06320733671061063,-0.02099263386954775,0.49199259904636783,1.557111090420076,0.9893333333333333,0.0,0.0,-0.00413782727158285,-0.029348568658467022,0.03889370734494735,0.0,中性
跌幅≥5%,2025-09-04,电子元件,-0.05252237473751775,-0.02026196718941453,0.29518774635590384,1.0701756100752835,0.9266666666666666,2.0,0.0,0.06285915386629459,0.0689564618684797,0.06674637131298211,1.0,机会
跌幅≥5%,2025-09-19,电机,-0.06605103977010096,-0.0069629207447625685,0.4239332652314296,1.355189012317738,0.9973333333333333,0.0,0.0,0.013823049076877592,-0.03859467909501846,-0.09857391695275053,0.0,趋势结束
跌幅≥5%,2025-10-10,电池,-0.07246325339482662,-0.016554284294228783,0.3293901313781096,0.9528499466163967,0.9413333333333334,1.0,0.0,-0.0036262594192255637,0.05537780373912282,-0.0664001518945383,0.0,中性
跌幅≥5%,2025-10-10,能源金属,-0.05940109367366897,-0.016554284294228783,0.42668312756853743,1.5497311033851933,0.9533333333333334,0.0,0.0,0.05943219048554327,0.09311119860831085,0.15739623371534028,1.0,机会
跌幅≥5%,2025-11-21,光伏设备,-0.0624006396896396,-0.03528630085660456,0.23358927705363808,0.7485872862097258,0.7146666666666667,7.0,1.0,-0.00041004849737058535,-0.04949787904768577,-0.0729400984485542,0.0,趋势结束
跌幅≥5%,2025-11-21,化肥行业,-0.062091668695803404,-0.03528630085660456,0.19177903188502188,1.2172117349617302,0.9906666666666667,0.0,0.0,-0.019718800429917804,-0.018557943268820543,0.14468378504562374,0.0,中性
跌幅≥5%,2025-11-21,电池,-0.0605564727839667,-0.03528630085660456,0.2770932757230449,0.8501950264949096,0.9413333333333334,5.0,1.0,0.003622817478485141,-0.05022224102945194,-0.1303698320230362,0.0,趋势结束
跌幅≥5%,2025-11-21,能源金属,-0.1021409791707758,-0.03528630085660456,0.5444319383839058,0.9979690834436256,1.0,0.0,2.0,-0.04762016186613793,-0.025476603760768324,0.002273319017485731,0.0,中性
跌幅≥5%,2026-01-13,航天航空,-0.06084826283413369,-0.017688783043836254,0.32049535536973583,1.7487018912459464,0.976,0.0,0.0,-0.0064453510452472385,-0.03436045662363907,-0.09364413085397394,0.0,趋势结束
跌幅≥5%,2026-01-16,文化传媒,-0.05614280565779417,-0.0015528522092996822,0.1888966214098784,1.256786356303734,0.8306666666666667,1.0,0.0,-0.014309362983965568,0.0867143218096933,-0.08295877474731672,1.0,机会
跌幅≥5%,2026-01-30,小金属,-0.06527835954864081,-0.006917072006549896,0.2464330216738584,1.3939713582360673,0.9973333333333333,0.0,1.0,-0.05963293050962326,0.06762149378477722,0.04335010948790652,1.0,机会
跌幅≥5%,2026-01-30,有色金属,-0.06962354948170624,-0.006917072006549896,0.4237901771783674,1.2439519301182418,1.0,0.0,1.0,-0.073060745302016,-0.05232752499028581,-0.1383783776305908,0.0,趋势结束
跌幅≥5%,2026-01-30,贵金属,-0.0748826972200064,-0.006917072006549896,0.7290514146586435,1.6827936397438723,1.0,0.0,0.0,-0.09564642733630446,-0.10038100363995961,-0.2399464735135476,0.0,趋势结束
跌幅≥5%,2026-02-02,采掘行业,-0.07726964558498761,-0.026330039525422677,0.2226178413033224,1.181007585229279,0.9906666666666667,1.0,1.0,0.016884684250449755,0.16271163531617394,-0.09305907493326582,1.0,机会
跌幅≥5%,2026-03-03,小金属,-0.07150031401827261,-0.038594024394654314,0.42084378466179984,1.392392254970264,0.9973333333333333,0.0,2.0,0.004545689590961466,-0.10991507528854993,-0.09985150091237627,0.0,趋势结束
跌幅≥5%,2026-03-03,有色金属,-0.06140148943446022,-0.038594024394654314,0.33396951445276457,1.1168720040646256,0.9813333333333333,16.0,2.0,0.0013460451356275271,-0.10112285799075627,-0.14877482045575297,0.0,趋势结束
跌幅≥5%,2026-03-03,航天航空,-0.07590442613327653,-0.038594024394654314,0.3061538987544892,1.2798154196722655,0.9706666666666667,29.0,2.0,0.024387211249832008,-0.047348089462902476,-0.2148538043357967,0.0,趋势结束
跌幅≥5%,2026-03-05,采掘行业,-0.050994123154065596,0.012347416669092226,0.6136829712626042,2.0739795959060694,1.0,0.0,1.0,-0.0392903036721195,-0.11087188574211881,-0.3238109207526412,0.0,趋势结束
跌幅≥5%,2026-03-10,石油行业,-0.05767881782799822,0.018904904461811922,0.2865664707232991,1.402508731738062,0.9986666666666667,4.0,0.0,0.011962549529920263,-0.04378267843819261,-0.16677977238454,0.0,趋势结束
跌幅≥5%,2026-03-19,化肥行业,-0.05214920552694924,-0.023210328920355905,0.20450609206552817,0.9809364332563111,0.9866666666666667,3.0,2.0,-0.01265279383538831,-0.05001644671903949,-0.20018565565488278,0.0,趋势结束
跌幅≥5%,2026-03-19,贵金属,-0.06881738923668712,-0.023210328920355905,0.21588567692984428,0.9887091746085737,0.7266666666666667,28.0,3.0,-0.017957213009168305,-0.010864676319436217,-0.20479594925722389,0.0,趋势结束
跌幅≥5%,2026-05-21,电子化学品,-0.061384289775854084,-0.028776915279106863,0.22791443885074525,1.576265357027247,0.9813333333333333,0.0,1.0,0.024153179159364324,0.23587278733755412,0.14576256615467387,1.0,机会
跌幅≥5%,2026-05-21,通信设备,-0.05406500613884646,-0.028776915279106863,0.3205348367971841,0.9791772776662092,0.9213333333333333,4.0,1.0,0.04137995823342444,0.2130718970842731,0.03071099493818985,1.0,机会
跌幅≥5%,2026-05-29,半导体,-0.0533715659503462,-0.02459653097427872,0.3652062717242528,1.1638983559054936,0.9973333333333333,0.0,2.0,-0.05411313598677059,0.2822640254851876,0.00010006837239739941,1.0,机会
跌幅≥5%,2026-06-01,玻璃玻纤,-0.05684168645278331,-0.005317368394021527,0.34097598742157065,0.9208445050681602,0.9626666666666667,1.0,1.0,0.009356103266184856,0.25909704387478016,-0.05335805811144623,1.0,机会
跌幅≥5%,2026-06-12,电子化学品,-0.06133070965099996,0.009818714724520339,0.4646479591894781,1.794611245755193,1.0,0.0,2.0,0.051452825311652406,0.14572091672395715,-0.09668220249320536,1.0,机会
跌幅≥5%,2026-06-23,电子元件,-0.05162729893984819,-0.01998315636825221,0.6595557212017711,1.0628783096766377,0.9893333333333333,1.0,0.0,0.025505423729057286,-0.1018379480717787,-0.06036966693638479,1.0,中性
跌幅≥5%,2026-06-26,通信设备,-0.05888482299601416,-0.03113869292970972,0.484742504505417,1.1254112370897718,0.9693333333333334,0.0,1.0,-0.028527264542460795,-0.1174340973515654,-0.08118154460845628,0.0,趋势结束
跌幅≥5%,2026-07-02,半导体,-0.07482974186402858,-0.025477885855005766,0.8180948125883765,1.2160352916302624,0.9973333333333333,1.0,2.0,-0.009541813640545516,-0.1481853027337976,-0.14536727271582806,0.0,中性
跌幅≥5%,2026-07-03,电子化学品,-0.07504149639810132,0.0062200964381100565,0.9171210984933602,1.167409796832817,0.9933333333333333,1.0,3.0,-0.0334443111320607,-0.19121221864156046,-0.1996258926326825,0.0,趋势结束
跌幅≥5%,2026-07-06,玻璃玻纤,-0.07970358682841405,-0.015508999190819606,0.6403335745976431,1.0971527176104354,0.996,5.0,1.0,-0.03194181499405746,-0.17368878652196573,-0.1267467436294306,0.0,趋势结束
跌幅≥5%,2026-07-17,医疗服务,-0.0729493002544851,-0.05770363736113604,0.16598521967055502,1.281085309286113,0.9893333333333333,0.0,0.0,0.01529740847202854,0.13642653268745453,,1.0,未知(数据不足)
跌幅≥5%,2026-08-11,贵金属,-0.05357524919734791,-0.0062757005171342195,0.18206810074595092,1.8706788750464625,0.888,0.0,3.0,0.015431757949594838,0.0709398340429882,,1.0,未知(数据不足)
跌幅≥5%,2026-08-24,生物制品,-0.053607880352546156,-0.01863238632392228,0.2068710591866486,1.308379278631551,1.0,1.0,1.0,0.016795346347515228,-0.02421918484946528,,0.0,未知(数据不足)
跌幅≥7%,2015-01-19,工程建设,-0.08600990410575338,-0.04941177145547471,0.43268055970042196,0.6377460029796833,0.9386666666666666,12.0,0.0,0.02277749143016483,-0.06718816149100859,0.23207452052371846,1.0,中性
跌幅≥7%,2015-01-19,航空机场,-0.07818748000020348,-0.04941177145547471,0.2616729561420148,0.8324850822910378,0.716,18.0,1.0,0.038691028355410495,-0.09103054892021745,0.2194840401378635,1.0,中性
跌幅≥7%,2015-01-19,证券,-0.09851452497298607,-0.04941177145547471,1.0414626955806874,0.3641600294935121,0.9693333333333334,10.0,3.0,-0.06393301282731423,-0.07135453343056719,-0.19506977064615616,0.0,趋势结束
跌幅≥7%,2015-01-19,银行,-0.09968497673167209,-0.04941177145547471,0.45501135203495036,1.0564701252546636,0.988,9.0,1.0,0.0018625534649667763,-0.13939721618844259,-0.32465048343173586,0.0,趋势结束
跌幅≥7%,2015-05-07,工程建设,-0.08004891569429329,-0.02369813037347035,0.4215354594969394,0.6942803807625698,0.9613333333333334,2.0,1.0,0.0507346589302935,-0.1714361892922578,-0.10783191266586734,1.0,趋势结束
跌幅≥7%,2015-05-28,光伏设备,-0.07957148818480331,-0.06958374897934727,0.45035135017550965,1.5944276818205059,0.43333333333333335,0.0,1.0,-0.008993234937586414,-0.01082427232947758,-0.03951416456178747,1.0,趋势结束
跌幅≥7%,2015-05-28,教育,-0.07485352210069607,-0.06958374897934727,0.4436356157805912,1.5746016932150908,0.4186666666666667,4.0,2.0,0.006975970979209656,-0.07061320446126296,0.003550004830405129,1.0,中性
跌幅≥7%,2015-06-16,仪器仪表,-0.07036207833168051,-0.0409509260522527,0.4794659768655929,0.7877960093515668,0.37066666666666664,8.0,2.0,0.03363373694741445,-0.06022953543104792,-0.12245596104941658,0.0,趋势结束
跌幅≥7%,2015-06-19,包装材料,-0.08832054227582908,-0.07318183273453294,0.37762954631500967,0.4954560062313906,0.544,0.0,1.0,-0.007842952926536917,-0.0490128973722288,-0.03155047357080942,0.0,趋势结束
跌幅≥7%,2015-06-19,化纤行业,-0.08875463434103847,-0.07318183273453294,0.3993261293359227,0.6563105165499808,0.7946666666666666,0.0,2.0,-0.028234769008229077,-0.09991146799283157,-0.09649831520226404,0.0,趋势结束
跌幅≥7%,2015-06-19,消费电子,-0.07338655401262584,-0.07318183273453294,0.40151318232183053,0.7222347421245513,0.5333333333333333,0.0,1.0,0.01308347503137397,0.06179030267121921,-0.014017605332566019,0.0,中性
跌幅≥7%,2015-06-19,珠宝首饰,-0.08222565263551485,-0.07318183273453294,0.4257432919033217,0.5456989834318607,0.2613333333333333,5.0,2.0,0.009611004949419133,0.020377208776396705,0.08477819502042194,0.0,中性
跌幅≥7%,2015-06-26,家用轻工,-0.09679653342617378,-0.09106012449170042,0.35096130051912344,0.6408974649421482,0.8293333333333334,0.0,4.0,-0.09658283863982875,-0.04466620780001851,-0.05905764937597757,0.0,趋势结束
跌幅≥7%,2015-06-26,航空机场,-0.08509658990499558,-0.09106012449170042,0.279803659966551,1.0668481569035206,0.9946666666666667,1.0,4.0,0.03360576216078326,0.07686410374122532,-0.007607000672805397,0.0,中性
跌幅≥7%,2015-07-01,电力行业,-0.08160861768410077,-0.06638981817949141,0.2548651194331608,1.0472429197030664,0.9866666666666667,1.0,5.0,-0.09632162754671436,-0.04731662530537284,-0.0024275037061944893,0.0,中性
跌幅≥7%,2015-07-01,航天航空,-0.0757849341126946,-0.06638981817949141,0.1931489139757514,1.12676885048111,0.6,24.0,4.0,-0.09843219679499382,0.10492690998503418,-0.12146878994088317,1.0,机会
跌幅≥7%,2015-07-06,电子化学品,-0.08202745177887383,-0.019117207656070057,0.25078257046497643,0.6727069320942597,0.496,0.0,4.0,-0.10004459289494494,0.11169266393761723,0.0013975932798775403,1.0,机会
跌幅≥7%,2015-07-08,石油行业,-0.09579894177268777,-0.0779141398005021,0.17234558368773456,1.061466412077669,0.9933333333333333,0.0,4.0,0.06994802450445015,-0.2420834080840244,-0.1894547432650866,1.0,趋势结束
跌幅≥7%,2015-07-15,家用轻工,-0.08794140994460697,-0.05819362704428033,0.24580894242187268,0.6292061744984322,0.050666666666666665,13.0,11.0,0.010698442501470229,-0.00488058051508844,-0.014427176461326519,1.0,趋势结束
跌幅≥7%,2015-07-27,电机,-0.09992915874098562,-0.09230250610935797,0.314771974124894,1.9326287058400338,0.984,0.0,9.0,-0.05407203492936763,-0.02349509243485448,0.03226331059379128,1.0,中性
跌幅≥7%,2015-07-27,通信设备,-0.08963356055188287,-0.09230250610935797,0.2817180730182476,1.5720093290150052,0.7466666666666667,0.0,10.0,-0.04104524589548242,-0.043408312141312466,-0.04038346691468553,0.0,中性
跌幅≥7%,2015-08-03,电子化学品,-0.09040055657450408,-0.03180658760431876,0.38237556097937664,1.201521598216313,0.8706666666666667,4.0,8.0,0.08377255550595719,-0.12608192739453117,0.030832760584164953,1.0,中性
跌幅≥7%,2015-08-18,房地产服务,-0.09824196991544554,-0.08278548696045196,0.16869051756078945,1.218396540313569,0.652,0.0,10.0,0.026247729319985424,-0.005231901916242121,0.010483247879937485,0.0,中性
跌幅≥7%,2015-08-18,电机,-0.10000045738910335,-0.08278548696045196,0.2639086608889011,0.7391141259905953,0.82,0.0,12.0,0.014019413167136507,-0.09034228002434985,0.08226037828964117,0.0,中性
跌幅≥7%,2015-08-18,航空机场,-0.09409229173511102,-0.08278548696045196,0.23251913392521206,1.114226800299071,0.988,14.0,11.0,0.016748113538503473,-0.013178843367115833,-0.16241827157314093,0.0,趋势结束
跌幅≥7%,2015-08-18,造纸印刷,-0.07949813213083434,-0.08278548696045196,0.19490740529782802,1.4770305058015838,0.8866666666666667,0.0,12.0,0.04710190363923639,-0.015433154303630126,0.02055575332955062,0.0,中性
跌幅≥7%,2015-08-21,消费电子,-0.0731125106601308,-0.061113174019686634,0.12889531763987194,0.6816395989863997,0.19066666666666668,28.0,13.0,-0.09994536372809082,-0.015289240794738257,0.12549585277123887,0.0,中性
跌幅≥7%,2015-08-24,装修建材,-0.09414795677021481,-0.09760380264851942,0.1619592651985141,0.40008981015957995,0.828,0.0,12.0,-0.08279656105937061,-0.05837423279163467,-0.04501202102378832,0.0,中性
跌幅≥7%,2015-08-24,银行,-0.09115476739815909,-0.09760380264851942,0.12782180253798348,1.6690942392065322,0.208,32.0,3.0,-0.06503649978232628,0.16237417144574562,-0.034015613009620305,1.0,机会
跌幅≥7%,2015-08-24,食品饮料,-0.09408338202477429,-0.09760380264851942,0.12119421730154423,0.7336871075972521,0.22266666666666668,0.0,9.0,-0.08564408988644812,-0.028017106395950675,-0.1586376660146187,0.0,中性
跌幅≥7%,2015-09-01,玻璃玻纤,-0.07833831160880367,-0.04933134356488211,0.10528596905818832,0.7670776580690845,0.9773333333333334,3.0,14.0,-0.039207501014349555,-0.035139049962682245,0.007161269423556771,0.0,中性
跌幅≥7%,2015-10-21,教育,-0.07600628705587964,-0.06371416579637235,0.245868084332301,1.664383910625516,0.392,1.0,14.0,0.04729117329616983,0.1679636893212888,-0.03327991328056412,1.0,机会
跌幅≥7%,2015-10-21,能源金属,-0.09127688313394522,-0.06371416579637235,0.19081655242575335,1.3130307392697347,0.6133333333333333,1.0,10.0,0.04489284853931652,0.2868134571824168,0.2880620335535916,1.0,机会
跌幅≥7%,2015-10-21,造纸印刷,-0.07661923407131677,-0.06371416579637235,0.2161535682885073,1.604767487499022,0.5813333333333334,2.0,12.0,0.04548963667469441,-0.007527913830510657,0.014257622072591625,1.0,中性
跌幅≥7%,2015-10-21,铁路公路,-0.07185279759193985,-0.06371416579637235,0.19804175355912534,1.2849091761320328,0.9666666666666667,19.0,7.0,0.04425017874847792,-0.03524109541808995,-0.05319983584593313,1.0,趋势结束
跌幅≥7%,2015-10-21,非金属材料,-0.08752886169982965,-0.06371416579637235,0.19722250200322444,1.6918567784068832,0.8893333333333333,1.0,13.0,0.0695022508492813,0.05745502208320841,0.005093184649321514,1.0,机会
跌幅≥7%,2015-11-27,教育,-0.0869045804304539,-0.0695157893511561,0.4615807333779962,1.2710862240350442,0.6973333333333334,4.0,8.0,0.00910101872081448,-0.07303746237209063,-0.1087613674752711,0.0,趋势结束
跌幅≥7%,2016-01-04,专业服务,-0.09714994274967637,-0.08829201408428622,0.23874749090696135,0.6810169571867011,0.8506666666666667,10.0,3.0,-0.046866475695983345,-0.07220336516109493,-0.09450150781047939,0.0,趋势结束
跌幅≥7%,2016-01-04,半导体,-0.09422989076287902,-0.08829201408428622,0.3229949132688956,0.8163862365865413,0.7506666666666667,1.0,2.0,-0.02237255941530314,-0.03602026309867434,-0.037176732018151304,0.0,趋势结束
跌幅≥7%,2016-01-04,电子化学品,-0.09435114612618967,-0.08829201408428622,0.41529547476678874,0.6047618167417945,0.944,22.0,2.0,-0.03247781665933536,0.019683821345171104,-0.06397672703252433,0.0,趋势结束
跌幅≥7%,2016-01-04,美容护理,-0.0890338632575367,-0.08829201408428622,0.3784606437607496,0.7302681193342954,0.6386666666666667,3.0,2.0,-0.0018182607227065217,0.06723841479508708,0.034089310751455826,0.0,中性
跌幅≥7%,2016-01-04,能源金属,-0.09768011914104091,-0.08829201408428622,0.46849370105187105,0.6163247977344234,0.9146666666666666,16.0,2.0,-0.06286745357978041,-0.0549066244221007,0.0791672239119956,0.0,中性
跌幅≥7%,2016-01-07,农药兽药,-0.09150339746030045,-0.08990657076689745,0.1681126638594166,0.23691445182055654,0.488,8.0,2.0,0.0234230987033901,-0.011152879960051765,0.04034008631089592,0.0,中性
跌幅≥7%,2016-01-21,能源金属,-0.081249538135998,-0.044219406328759536,0.27584995401182466,1.2768254545691695,0.96,29.0,5.0,0.00030510749754708577,-0.011115452813966309,0.16516173614170948,0.0,中性
跌幅≥7%,2016-01-26,半导体,-0.08902577669729361,-0.08143591583315068,0.16673739700423995,0.9443893812894577,0.8266666666666667,17.0,6.0,-0.0003885269178512951,0.0005154376686734574,-0.023101150566636974,1.0,机会
跌幅≥7%,2016-01-26,塑料制品,-0.08605756173020884,-0.08143591583315068,0.12326871649207205,0.7745990986962837,0.6453333333333333,0.0,4.0,-0.022385583846939006,-0.049862409667306595,0.020673890259776728,0.0,中性
跌幅≥7%,2016-01-26,电子化学品,-0.09579393280067605,-0.08143591583315068,0.19416543584755896,0.7798973184631786,0.9373333333333334,38.0,7.0,-0.006565763869510688,0.005454510148028224,-0.025683084093586217,1.0,机会
跌幅≥7%,2016-02-25,玻璃玻纤,-0.09305644181897466,-0.08528393942743628,0.14076618590427337,1.1933866905845154,0.912,1.0,5.0,-0.012051661144309778,-0.05894555568572479,-0.08270845705652341,0.0,趋势结束
跌幅≥7%,2016-02-25,美容护理,-0.0811082599691183,-0.08528393942743628,0.2109438867809601,1.1086236775569644,0.6386666666666667,5.0,6.0,0.00786387788511722,-0.047033746982743985,-0.01130765543333645,0.0,趋势结束
跌幅≥7%,2016-05-09,小金属,-0.07437122418011644,-0.042298249159176016,0.14160026102502554,0.8931111170453856,0.84,10.0,3.0,-0.019526903409446073,0.18732691930438028,0.06513964683633833,1.0,机会
跌幅≥7%,2016-06-13,消费电子,-0.07535177237861268,-0.05164583829503355,0.20353040637206088,1.562339470139101,0.9946666666666667,0.0,1.0,0.008374718263565839,0.0023971011254646513,-0.030520552521179356,1.0,机会
跌幅≥7%,2016-07-27,非金属材料,-0.07614682643238113,-0.04641204142253019,0.11898902119804045,1.9942077580956785,0.9786666666666667,1.0,2.0,0.008168440688524514,0.005489409234344711,-0.006028116095692093,0.0,中性
跌幅≥7%,2017-08-11,小金属,-0.0732485591096611,-0.018811659192825125,0.38350677319853377,1.1441050271196498,0.9933333333333333,1.0,0.0,0.036990573478999034,0.0086142895472483,-0.14808617657126644,1.0,机会
跌幅≥7%,2017-08-11,有色金属,-0.0773357274156804,-0.018811659192825125,0.2719114921371073,1.4262592693647076,0.996,1.0,0.0,0.010671656919392758,-0.0006160878977738982,-0.13152141217045699,1.0,趋势结束
跌幅≥7%,2017-11-27,能源金属,-0.07152218048311998,-0.013579117317350842,0.17752437995102277,0.9460676527229136,0.8426666666666667,17.0,1.0,0.034988724119813686,0.010488410659216019,0.18289576510217076,0.0,中性
跌幅≥7%,2018-01-15,半导体,-0.07076505380022602,-0.025467375393426583,0.19215781435859214,0.9908739167263861,0.9013333333333333,20.0,2.0,-0.0010850100066838175,-0.032044957893859305,0.23936316531330215,0.0,中性
跌幅≥7%,2018-01-15,非金属材料,-0.07825743016066133,-0.025467375393426583,0.20188960631713615,1.4510236016928928,0.9493333333333334,3.0,1.0,0.008170422187866455,0.027695971267928665,-0.025438171773370266,0.0,趋势结束
跌幅≥7%,2018-02-09,煤炭行业,-0.08123376677431404,-0.04195178270793509,0.20277313602237856,1.1422469823013257,0.98,2.0,0.0,0.004078203094514121,-0.11839329253646058,-0.16729562203278525,1.0,趋势结束
跌幅≥7%,2018-03-23,能源金属,-0.08606642663277209,-0.056769528449941764,0.24868357467312008,1.156646524063208,0.7986666666666666,5.0,1.0,0.05818000988030381,-0.03697735917452116,-0.07672647826925527,1.0,趋势结束
跌幅≥7%,2018-06-19,家用轻工,-0.07347859559393899,-0.06813022656271339,0.15651198877997918,0.6514431359675147,0.7226666666666667,10.0,1.0,0.024488291434639597,0.019506464981058125,-0.013972242326987905,0.0,趋势结束
跌幅≥7%,2018-06-19,教育,-0.08821605840076374,-0.06813022656271339,0.2051370091678476,1.1357977093697957,0.5533333333333333,2.0,1.0,-0.003367657860634865,-0.04772798901770581,-0.12942197445254733,0.0,趋势结束
跌幅≥7%,2018-10-11,采掘行业,-0.0887674493440509,-0.0721226309262244,0.16143772691153813,1.362889228932009,0.9666666666666667,1.0,0.0,-0.02140837489225489,-0.11358743495592594,-0.19632335777555088,0.0,趋势结束
跌幅≥7%,2018-10-18,燃气,-0.07343019737891954,-0.03157066844955547,0.3004513367632726,0.8153609210377347,0.9813333333333333,1.0,0.0,-0.004944997929390849,-0.04654738155286453,-0.13334815165278013,1.0,趋势结束
跌幅≥7%,2019-03-08,房地产服务,-0.07455044357559504,-0.04292450740373477,0.18900799399742407,1.627320917214753,0.8506666666666667,0.0,0.0,0.03968851100846349,-0.06705215742090287,-0.033600504119788766,1.0,中性
跌幅≥7%,2019-03-08,证券,-0.08953035246168206,-0.04292450740373477,0.3359743852976791,2.049362830448768,0.9986666666666667,0.0,0.0,0.004425213567047059,-0.05673314038626209,-0.044472100587652164,0.0,趋势结束
跌幅≥7%,2019-05-06,教育,-0.0839525742586208,-0.07620544820905473,0.10692689941143385,0.9610574265414765,0.36933333333333335,42.0,0.0,0.03542535904080113,0.02179901880690327,0.06562995622080936,0.0,中性
跌幅≥7%,2019-05-06,船舶制造,-0.07813243606503306,-0.07620544820905473,0.17589906214832918,0.7124255431768778,0.78,8.0,3.0,0.01153862529178551,-0.007520239145313745,0.11260483815698463,0.0,中性
跌幅≥7%,2019-05-06,软件开发,-0.09098529056882487,-0.07620544820905473,0.10593173591329763,0.7528908344761766,0.66,34.0,1.0,-0.0005119660813811544,0.04501209818328711,0.059902216445587575,0.0,中性
跌幅≥7%,2019-05-06,酿酒行业,-0.0798057952107808,-0.07620544820905473,0.258382564749442,1.653072694860957,0.812,0.0,0.0,0.016788613406472974,0.017323482549755242,0.13756358650903633,1.0,机会
跌幅≥7%,2019-07-22,小金属,-0.07100077782882497,-0.02650578154210037,0.1463524328715775,1.0151241462459548,0.8013333333333333,24.0,1.0,0.008579882268716199,0.051871252980701055,-0.08215572466389709,1.0,机会
跌幅≥7%,2020-02-03,半导体,-0.10967349006624161,-0.0900369157681159,0.3947433201130701,0.43049252130347765,0.996,0.0,0.0,0.03691378668703971,0.05522958464416439,-0.01199871034221367,1.0,机会
跌幅≥7%,2020-02-03,游戏,-0.0800920833802179,-0.0900369157681159,0.21964151903935814,1.2093103387074868,0.9533333333333334,12.0,0.0,0.052724633474350746,-0.00257537572886668,-0.07160278250725693,1.0,中性
跌幅≥7%,2020-02-03,电子化学品,-0.0991687090562503,-0.0900369157681159,0.24933684315298987,0.19635534546508057,0.9826666666666667,1.0,0.0,0.013863502617389889,0.1740739602159449,0.0843203327617641,1.0,机会
跌幅≥7%,2020-02-03,电池,-0.08060266117260151,-0.0900369157681159,0.30221994182060685,1.3921441725509893,0.9853333333333333,0.0,0.0,0.06438014234261002,-0.00754927454162968,-0.05433850095895387,1.0,中性
跌幅≥7%,2020-02-03,能源金属,-0.0972983196718673,-0.0900369157681159,0.5583496340282443,0.5719427084092961,0.5093333333333333,7.0,0.0,0.05326321434642112,-0.06596342374108244,-0.2317325927935241,1.0,中性
跌幅≥7%,2020-02-26,半导体,-0.08049601354780456,-0.024929434981332044,0.6580984881922696,1.36875243500415,0.9693333333333334,0.0,1.0,-0.03757139563034251,-0.12315464074827165,-0.0363172112082637,0.0,趋势结束
跌幅≥7%,2020-02-26,电子化学品,-0.08788311502770307,-0.024929434981332044,0.6877280756206183,1.327537522210002,0.9786666666666667,0.0,1.0,-0.040214461638401366,-0.014814458487552806,0.09713187389107081,0.0,中性
跌幅≥7%,2020-02-28,电子元件,-0.07197547155360651,-0.056863376365160034,0.26416774701861545,1.1870836082263212,0.9533333333333334,2.0,2.0,0.057269656206362374,-0.06478541940799654,-0.05609755211456213,0.0,趋势结束
跌幅≥7%,2020-02-28,电池,-0.080391694066557,-0.056863376365160034,0.3217814485290784,1.026674570274947,0.9013333333333333,11.0,2.0,0.025837011946060695,-0.10949955479280471,-0.00535365465068105,0.0,趋势结束
跌幅≥7%,2020-02-28,能源金属,-0.0787220404950959,-0.056863376365160034,0.3396023934437178,0.8132409783689828,0.29333333333333333,8.0,2.0,0.021175749917552444,-0.1734039599728462,-0.15905661276192828,0.0,趋势结束
跌幅≥7%,2020-03-16,能源金属,-0.07941763895616194,-0.049010811348099925,0.2054308724723366,0.6502214529406539,0.17866666666666667,19.0,3.0,-0.01261858281115813,-0.04342649186987302,-0.020847598737103512,0.0,趋势结束
跌幅≥7%,2020-03-16,通信设备,-0.08152359843835366,-0.049010811348099925,0.19653424531401775,1.2418233896725412,0.96,0.0,3.0,-0.017031165167425755,-0.08285774784821587,-0.1392354805113295,0.0,趋势结束
跌幅≥7%,2020-03-23,半导体,-0.08526504241192712,-0.04522754586715594,0.19928804661817312,0.6281203979717376,0.9173333333333333,18.0,5.0,0.01186856088864885,-0.0091918264868589,0.03468664616120831,0.0,中性
跌幅≥7%,2020-03-23,电子化学品,-0.0982712338571825,-0.04522754586715594,0.5361435980000239,0.7783967483006209,1.0,1.0,3.0,-0.009793844013126884,-0.13339331921505537,0.08181339758565875,0.0,中性
跌幅≥7%,2020-07-16,旅游酒店,-0.07987488583201452,-0.05412547361447706,0.45170167247423954,1.8436786001704064,0.9973333333333333,0.0,0.0,0.05601779755061842,0.05969303036819795,0.004910920027868748,1.0,机会
跌幅≥7%,2020-07-16,生物制品,-0.0747161622276089,-0.05412547361447706,0.3062284069084882,1.5479527844592205,0.9906666666666667,0.0,0.0,-0.0019973245286433183,0.013471786146012521,-0.02867496708821593,1.0,机会
跌幅≥7%,2020-07-16,电子化学品,-0.0833360237024745,-0.05412547361447706,0.3223744925430234,0.9098423361053475,0.8533333333333334,28.0,1.0,-0.010808203994193799,-0.06115874591107251,-0.07218351924826838,0.0,趋势结束
跌幅≥7%,2020-07-16,酿酒行业,-0.09222715446728025,-0.05412547361447706,0.3803471793666444,1.9640616972266305,0.468,0.0,0.0,0.005991849007313421,-0.04370865665517076,0.09346195811556357,0.0,中性
跌幅≥7%,2020-09-10,船舶制造,-0.08970609261033413,-0.026269839693557118,0.3529632258372062,0.9461405254463182,0.9466666666666667,33.0,0.0,-0.02024312431630082,-0.058917932781994975,-0.04665196658394677,0.0,趋势结束
跌幅≥7%,2020-12-29,能源金属,-0.08052973250182704,-0.002686774682720161,0.9649634759928696,1.5660007890462857,0.988,0.0,0.0,0.0436612448492002,0.4376995513648705,0.06288733959204307,1.0,机会
跌幅≥7%,2021-03-04,能源金属,-0.08560502122426505,-0.022010373426924024,0.6141240788650421,0.8740715733431956,0.9266666666666666,20.0,6.0,-0.023641910031157898,-0.03129678525708823,0.2474483707019961,0.0,中性
跌幅≥7%,2021-06-16,汽车整车,-0.07296645739827468,-0.017975366517231084,0.18915147486675843,1.2038205401992619,0.9706666666666667,0.0,0.0,0.038351623117106826,0.0911814458524185,0.17426949953877147,1.0,机会
跌幅≥7%,2021-07-27,电池,-0.07298325240098835,-0.02702879469060837,0.4460684207837373,1.1665235439207555,0.9293333333333333,9.0,1.0,0.016676836431122277,0.040678982570129474,0.17558412211582786,1.0,机会
跌幅≥7%,2021-07-27,能源金属,-0.07596917067949072,-0.02702879469060837,0.7990722504979977,1.3891177012421427,0.9693333333333334,0.0,2.0,-0.016468559939657346,0.09249884261336283,-0.023050142809813767,1.0,机会
跌幅≥7%,2021-08-03,半导体,-0.07230214582302141,-0.00875834319534452,0.4307041714237234,1.1684435919298821,0.9706666666666667,1.0,1.0,0.03768333605719221,-0.09174027923918038,-0.06520671905997188,0.0,趋势结束
跌幅≥7%,2021-09-01,小金属,-0.07294090064166692,-0.0051505031492391495,0.6507001708822167,1.4877775648052367,0.9466666666666667,0.0,3.0,0.014673481145585532,-0.16298500269186866,-0.03732118224334546,0.0,趋势结束
跌幅≥7%,2021-09-01,能源金属,-0.07780969236134938,-0.0051505031492391495,0.737034917941106,1.555117975102341,0.9506666666666667,0.0,4.0,0.02295038041076536,-0.1445481656948424,-0.08799768083534099,0.0,趋势结束
跌幅≥7%,2021-09-16,能源金属,-0.08200375470227161,-0.020971053030625297,0.6815463802224402,1.0559757065117379,0.9666666666666667,11.0,5.0,-0.021325907513106923,-0.08204848427795997,-0.15088557914938505,0.0,趋势结束
跌幅≥7%,2021-09-27,化肥行业,-0.08389266878982016,-0.019228056891438805,0.707197809352359,0.8029690673598014,0.9853333333333333,2.0,4.0,-0.006264284727754976,0.07890864729563518,-0.03906151415586323,0.0,趋势结束
跌幅≥7%,2021-09-27,小金属,-0.0870266030377036,-0.019228056891438805,0.4657988359575296,0.7438479994404553,0.9093333333333333,16.0,5.0,-0.009353745609721242,-0.020161990952630493,-0.012562108890629808,0.0,趋势结束
跌幅≥7%,2021-09-29,燃气,-0.08688473051154122,-0.027579915841113967,0.46328493313182273,1.128991781830064,0.9626666666666667,0.0,0.0,0.021919716898353814,-0.13236161493305476,-0.13574544775713515,0.0,趋势结束
跌幅≥7%,2021-10-20,煤炭行业,-0.07190348523860468,0.0012431377841966018,0.3723215707137708,0.7704760545491819,0.9986666666666667,21.0,4.0,0.030991695128911312,-0.19152312270514904,-0.05644682176074822,0.0,趋势结束
跌幅≥7%,2022-03-15,煤炭行业,-0.08429528433115918,-0.04820773953549151,0.2648679417577806,1.0798224402889538,0.9146666666666666,5.0,2.0,0.023275741212739565,0.2935930321768052,0.3122169184188781,1.0,机会
跌幅≥7%,2022-03-15,贵金属,-0.08707875784664199,-0.04820773953549151,0.18957268142911188,1.0363523286855019,0.6146666666666667,3.0,0.0,0.033073439265181914,0.2657652691705399,0.019150380705419856,1.0,机会
跌幅≥7%,2022-03-15,采掘行业,-0.07748057477381576,-0.04820773953549151,0.16699253455258845,0.7676878210336239,0.8693333333333333,7.0,1.0,0.02934748699825107,0.013687799721185279,0.08280660291060049,1.0,机会
跌幅≥7%,2022-04-21,化肥行业,-0.07497970514819785,-0.036159672746699734,0.26297784330120266,1.0575376773821201,0.9626666666666667,7.0,0.0,-0.013840059350899492,0.022910873222490302,-0.015479252401131793,1.0,机会
跌幅≥7%,2022-04-25,煤炭行业,-0.07807795978131038,-0.07242121281302982,0.33871891709213797,0.9429953055001613,0.9506666666666667,6.0,4.0,-0.05619144779026064,0.03362091326377592,-0.14490421509787632,1.0,机会
跌幅≥7%,2022-04-25,贵金属,-0.07446689605486467,-0.07242121281302982,0.3014693114792223,1.0243404981765356,0.5586666666666666,7.0,1.0,-0.038050860049436586,-0.15682411693399068,-0.31608452460488345,0.0,趋势结束
跌幅≥7%,2022-06-29,汽车整车,-0.07164001481366422,-0.024083867372382883,0.5327586244933991,1.688779742755506,0.9933333333333333,0.0,2.0,-0.003956036863436596,-0.04250190251487984,-0.08280688864990737,0.0,趋势结束
跌幅≥7%,2023-04-27,游戏,-0.07004858449613693,-0.001844757983058165,0.7445335473152608,1.3095687351514558,0.9986666666666667,1.0,1.0,0.10261114829914231,0.043464662642423435,-0.1294316083550353,1.0,机会
跌幅≥7%,2023-06-21,游戏,-0.07843699764813672,-0.02129157385204028,0.43958182145990066,1.1569344243281496,0.9866666666666667,0.0,3.0,-0.05234183394752423,-0.17636109731128335,-0.2452428033467744,0.0,趋势结束
跌幅≥7%,2023-12-22,文化传媒,-0.07784362519817778,-0.014672037024324736,0.16599277942981927,1.2443967738841692,0.964,4.0,0.0,-0.013102393108935018,-0.04664072273890274,0.05949592101774115,0.0,中性
跌幅≥7%,2023-12-22,游戏,-0.11201105001137446,-0.014672037024324736,0.15661200766986627,1.334906162191269,0.8706666666666667,4.0,0.0,-0.03542235395799054,-0.01819627292532766,-0.014083804770157582,0.0,趋势结束
跌幅≥7%,2024-02-28,通信设备,-0.07546846433232646,-0.050161772563364404,0.15894302249958037,1.8407280071500416,0.9733333333333334,0.0,2.0,0.054128432320734055,0.021824794377988344,0.018517002825222617,1.0,机会
跌幅≥7%,2024-10-09,电池,-0.12707486861040718,-0.07963207571723896,0.24520595169255643,3.2349380692557532,0.72,0.0,0.0,-0.004423178392968019,-0.054553429446713375,-0.06681165133407219,0.0,趋势结束
跌幅≥7%,2024-10-09,证券,-0.07595839615885702,-0.07963207571723896,0.2494745078958316,6.295674242382745,0.7986666666666666,0.0,0.0,-0.04678404974963535,-0.07970185669053076,-0.12051419305340494,0.0,趋势结束
跌幅≥7%,2024-11-01,综合行业,-0.07046775744863065,-0.029976169325628077,1.4926645130712854,2.094911097555984,0.9706666666666667,0.0,0.0,0.05230116671474927,-0.14746179894235123,-0.2855184529282575,0.0,趋势结束
跌幅≥7%,2024-11-01,软件开发,-0.07890199771372897,-0.029976169325628077,0.34818081249837296,1.0272891174971184,0.9386666666666666,8.0,1.0,0.024601665172130582,0.09372208054577036,0.022671079432139418,1.0,机会
跌幅≥7%,2024-11-18,教育,-0.10407990476607543,-0.026026374535812025,0.23809382822335112,1.1806651777639074,0.956,0.0,1.0,0.011006572671810044,0.1666948323972468,0.03962947025202879,1.0,机会
跌幅≥7%,2024-12-17,商业百货,-0.07063972931472295,-0.02288617593367981,0.4692030941745522,1.3261852276148336,1.0,0.0,1.0,0.00884363687224421,-0.05481092937142107,-0.14111771783074478,0.0,中性
跌幅≥7%,2025-02-28,电机,-0.07570856167204587,-0.03661719352368531,0.4058061241910498,0.9912946632489454,0.9906666666666667,1.0,2.0,-0.014156907242269923,0.027424703622279445,-0.060652317364379926,1.0,机会
跌幅≥7%,2025-04-07,塑料制品,-0.1392049279806281,-0.11353703273366667,0.10796802822319118,0.8842740371996486,0.904,5.0,0.0,-0.0018366817876728225,0.08596534807308687,0.09484532312411265,1.0,机会
跌幅≥7%,2025-04-07,汽车零部件,-0.1195236833036577,-0.11353703273366667,0.11178664156772111,0.5320130451056897,0.7986666666666666,10.0,1.0,-0.043676726325192816,0.06675797095248592,0.0015382822807605834,1.0,机会
跌幅≥7%,2025-04-07,电机,-0.11551572598576054,-0.11353703273366667,0.21753408299741417,0.31434078044296543,0.832,18.0,3.0,-0.06298416243658411,0.034646048997608814,-0.09173943485875302,1.0,机会
跌幅≥7%,2025-04-07,贵金属,-0.07349059553411263,-0.11353703273366667,0.18530846770459886,1.6807228718298977,0.916,3.0,0.0,0.014477680646966418,0.02466710263726668,0.05642071052516773,1.0,机会
跌幅≥7%,2025-04-07,通用设备,-0.14093098165218643,-0.11353703273366667,0.15217615622602554,0.6688840798243457,0.9626666666666667,10.0,1.0,-0.015825086542711864,0.05997881082147649,-0.0037236050675568677,1.0,机会
跌幅≥7%,2025-09-04,通信设备,-0.07187101498577453,-0.02026196718941453,0.4503774122745621,1.31007290452828,0.9853333333333333,2.0,1.0,0.047237238476597554,0.005531263072152237,0.09999758567951278,1.0,机会
跌幅≥7%,2025-10-10,电池,-0.07246325339482662,-0.016554284294228783,0.3293901313781096,0.9528499466163967,0.9413333333333334,1.0,0.0,-0.0036262594192255637,0.05537780373912282,-0.0664001518945383,0.0,中性
跌幅≥7%,2025-11-21,能源金属,-0.1021409791707758,-0.03528630085660456,0.5444319383839058,0.9979690834436256,1.0,0.0,2.0,-0.04762016186613793,-0.025476603760768324,0.002273319017485731,0.0,中性
跌幅≥7%,2026-01-30,贵金属,-0.0748826972200064,-0.006917072006549896,0.7290514146586435,1.6827936397438723,1.0,0.0,0.0,-0.09564642733630446,-0.10038100363995961,-0.2399464735135476,0.0,趋势结束
跌幅≥7%,2026-02-02,有色金属,-0.073060745302016,-0.026330039525422677,0.3232278971252829,0.7407425924401503,0.992,1.0,2.0,0.019394276977369174,-0.016816861687853457,-0.10712496093871238,1.0,趋势结束
跌幅≥7%,2026-02-02,采掘行业,-0.07726964558498761,-0.026330039525422677,0.2226178413033224,1.181007585229279,0.9906666666666667,1.0,1.0,0.016884684250449755,0.16271163531617394,-0.09305907493326582,1.0,机会
跌幅≥7%,2026-03-03,小金属,-0.07150031401827261,-0.038594024394654314,0.42084378466179984,1.392392254970264,0.9973333333333333,0.0,2.0,0.004545689590961466,-0.10991507528854993,-0.09985150091237627,0.0,趋势结束
跌幅≥7%,2026-03-03,航天航空,-0.07590442613327653,-0.038594024394654314,0.3061538987544892,1.2798154196722655,0.9706666666666667,29.0,2.0,0.024387211249832008,-0.047348089462902476,-0.2148538043357967,0.0,趋势结束
跌幅≥7%,2026-07-02,半导体,-0.07482974186402858,-0.025477885855005766,0.8180948125883765,1.2160352916302624,0.9973333333333333,1.0,2.0,-0.009541813640545516,-0.1481853027337976,-0.14536727271582806,0.0,中性
跌幅≥7%,2026-07-02,通信设备,-0.0713131039148206,-0.025477885855005766,0.3549347309184434,0.8506419421626191,0.8546666666666667,4.0,2.0,0.003168653033744029,-0.12653174655617028,-0.01806717335927477,0.0,趋势结束
跌幅≥7%,2026-07-03,电子化学品,-0.07504149639810132,0.0062200964381100565,0.9171210984933602,1.167409796832817,0.9933333333333333,1.0,3.0,-0.0334443111320607,-0.19121221864156046,-0.1996258926326825,0.0,趋势结束
跌幅≥7%,2026-07-06,玻璃玻纤,-0.07970358682841405,-0.015508999190819606,0.6403335745976431,1.0971527176104354,0.996,5.0,1.0,-0.03194181499405746,-0.17368878652196573,-0.1267467436294306,0.0,趋势结束
跌幅≥7%,2026-07-17,医疗服务,-0.0729493002544851,-0.05770363736113604,0.16598521967055502,1.281085309286113,0.9893333333333333,0.0,0.0,0.01529740847202854,0.13642653268745453,,1.0,未知(数据不足)
跌幅≥7%,2026-07-17,半导体,-0.0908085167991004,-0.05770363736113604,0.4291184192402403,0.8377389480833677,0.9893333333333333,5.0,7.0,-0.0423539731120961,-0.0827177269634276,,0.0,未知(数据不足)
跌幅≥7%,2026-07-17,电子元件,-0.09087118007308015,-0.05770363736113604,0.2787848172111035,0.7782377482019884,0.9613333333333334,15.0,3.0,-0.07720766028064152,-0.021317301875982686,,0.0,未知(数据不足)
