入场,行业,入场信号日,事后最大可得,持有满窗口,固定持有60日,固定持有120日,相对强弱回撤10%,相对强弱回撤15%,相对强弱回撤20%,连续2日跌破20日线,连续2日跌破60日线,相对强弱跌破60日均线,成交占比回落,大跌5%且次日续跌,持有满250日
E1 强势确认,房地产开发,2015-02-02,0.0867954275672953,0.06256846728669707,-0.07643936790043104,-0.02238905397295088,-0.082058446634651,0.06256846728669707,0.06256846728669707,-0.018063021614392993,-0.0426634746280008,-0.023738951675942754,0.0527267648198988,-0.07643936790043104,0.06256846728669707
E1 强势确认,互联网服务,2015-02-04,0.4176908459324402,0.33704745498562705,0.26980720069591735,0.12290059929054853,0.02122962376697335,-0.0007755953839853058,0.08197147580990571,0.0018234246935424636,0.18561411066621125,-0.0007755953839853058,0.027264252892837515,0.28690781188626535,0.33704745498562705
E1 强势确认,软件开发,2015-02-05,0.3750249139577322,0.08156326646475476,0.30812081202431885,0.023300872263938288,0.19142082292627394,0.11724826897863605,0.083903781434155,0.2202284055716961,0.07500871183084623,0.2202284055716961,0.031863731635067616,0.2202284055716961,0.08156326646475476
E1 强势确认,医疗服务,2015-03-04,0.4911853057955031,0.3395222178356112,0.23697569829675147,0.2419853453140035,0.13829400729131103,0.14556493858639352,0.3395222178356112,0.1522261451293241,0.12706660229056643,0.14768300733008433,0.16102967329641138,0.16103314740313412,0.3395222178356112
E1 强势确认,游戏,2015-03-05,0.14474498785553935,0.08251530026224962,0.009970254367693165,0.010816607485543361,-0.04526236114511717,-0.10982626691691943,-0.1462279506955303,-0.0718880803832076,-0.14345235607360773,-0.0031928046099815033,0.08251530026224962,-0.0718880803832076,0.08251530026224962
E1 强势确认,教育,2015-03-16,0.4794109627321006,0.33734693687608663,0.07579760242729772,0.013133293508588606,-0.03467275832900241,-0.11406372875009296,-0.1589279330450214,-0.1263575640394491,0.009811689336724605,-0.1263575640394491,0.33734693687608663,-0.044340910826567104,0.33734693687608663
E1 强势确认,房地产服务,2015-03-30,0.16271162647295578,0.06316665892094186,0.024065481329205607,0.04835783770981861,-0.0910066416334937,0.06316665892094186,0.06316665892094186,-0.11367498906327433,0.030896848110306907,-0.09130330037484313,0.1297224123261571,-0.11367498906327433,0.06316665892094186
E1 强势确认,专业服务,2015-04-01,0.24857095581402988,-0.0164471110262584,0.0323607827607475,-0.12139503937844953,0.06936317448500695,0.028009345663450924,-0.03983914497262775,0.07655202262245431,-0.004343067764408071,-0.06571316595877685,-0.09007513952380808,0.07443311868468383,-0.0164471110262584
E1 强势确认,医疗器械,2015-04-14,0.16862598402228102,-0.01724355738006733,-0.03228101648985071,0.062493556375959214,-0.0681386197237146,-0.045461053612544156,-0.12675871906531444,0.06549108949828542,0.017595193307399004,0.013875829520074046,0.04647751369922015,0.017595193307399004,-0.01724355738006733
E1 强势确认,通信服务,2015-04-23,0.12196016445162283,-0.021967924262390803,-0.046730028319714845,0.12196016445162283,-0.02728902453937687,-0.07802991847009877,-0.021967924262390803,0.004095695109001207,-0.05841494402804859,-0.029102020250041605,-0.021967924262390803,-0.029102020250041605,-0.021967924262390803
E1 强势确认,仪器仪表,2015-05-20,0.09117570130215591,-0.10613090092883981,-0.10091324774911303,-0.0783297634890382,-0.017388671699055447,-0.09639130555930775,-0.18824372246524235,-0.02040730112680611,-0.08034660190676568,-0.10666392383941992,-0.007588180921690668,-0.02040730112680611,-0.10613090092883981
E1 强势确认,光伏设备,2015-05-27,0.006411394784829438,-0.021366527190025297,-0.053111139646283556,-0.007634507998146689,-0.14473640445253078,-0.13860030657649103,-0.021366527190025297,0.0013920017511845906,-0.03609655118246324,-0.11354260328773103,-0.08447914299365922,-0.01795660755993378,-0.021366527190025297
E1 强势确认,非金属材料,2015-06-09,0.12217613287346851,0.012973465947289764,-0.18725828242508247,0.12217613287346851,-0.10574888472591515,-0.20292406623224724,-0.20747354011158226,-0.04571240709804447,-0.10574888472591515,-0.12667244072513106,-0.027510790028091314,-0.10843727113901003,0.012973465947289764
E1 强势确认,珠宝首饰,2015-06-10,0.16029128572594065,-0.1000476866789074,0.07769526770648683,0.09997348445958498,0.006227362796228819,-0.03583488637127241,-0.07655460240507483,-0.027877242854210227,-0.06179470260150499,-0.043149628322850075,0.03722140843538013,-0.05901514235055627,-0.1000476866789074
E1 强势确认,消费电子,2015-06-15,0.39742401621245405,0.39742401621245405,0.029564606534816962,0.21596186390079652,0.014014178130968169,0.39742401621245405,0.39742401621245405,0.016486809771581346,0.06501296314739302,0.018552120962630925,0.20989467966835473,-0.0075025467789154865,0.39742401621245405
E1 强势确认,汽车服务,2015-06-16,0.07214569913191382,-0.12850394112554242,-0.05842341253256922,-0.18265498893728083,-0.12885265706568916,-0.15366076345401813,-0.15714176226680465,-0.027684410925677194,-0.06965449021118453,-0.15450860971041458,0.023464396831991863,-0.06965449021118453,-0.12850394112554242
E1 强势确认,家用轻工,2015-06-17,0.12600279146123872,0.11037684652316204,-0.10575457382343523,0.04853601756448467,-0.13566905077561053,-0.09732371787722627,0.11037684652316204,-0.0019493357457792682,-0.07306948597145002,-0.09963650470682972,-0.044776863225920116,-0.0019493357457792682,0.11037684652316204
E1 强势确认,化纤行业,2015-06-18,0.0,-0.20587854528059646,-0.1569271221351105,-0.15826048834446282,-0.17744850827822944,-0.15432085850029742,-0.20311019525328844,-0.04245933087658438,-0.05431905916246338,-0.15432085850029742,-0.18585728530390522,-0.04245933087658438,-0.20587854528059646
E1 强势确认,航空机场,2015-06-24,0.12936787893825308,-0.16258486751601486,-0.015599582593581851,-0.16462131622825438,-0.010960696159510563,-0.034830161359351575,-0.1279056990499926,0.09010425177357306,0.029194679364279663,-0.018978106153439978,0.02127122600988951,0.010160486773649335,-0.16258486751601486
E1 强势确认,电力行业,2015-06-29,0.046030162106837746,-0.26799334340458536,-0.026027032082598156,-0.21353292155537684,-0.0652439952390731,-0.10979764732331221,-0.16515240379958696,-0.0473058255796589,-0.07032636549395832,-0.09131270000889324,-0.08922813711430089,-0.07032636549395832,-0.26799334340458536
E1 强势确认,电子化学品,2015-07-02,0.5398882543936407,0.37006754033781375,-0.06167723780779988,0.27342869276104986,-0.002558540024099498,-0.05603607650695219,-0.15170965517236523,-0.09865082382280599,-0.09865082382280599,-0.05603607650695219,-0.005927408227507591,-0.013802805007449126,0.37006754033781375
E1 强势确认,石油行业,2015-07-07,0.0,-0.25532465590998754,-0.1763208755770722,-0.29893602756069493,-0.11862289790897618,-0.14853201902931557,-0.2088757798290265,-0.05811218072979618,-0.05811218072979618,-0.19128697530454175,-0.14853201902931557,-0.16082520012951707,-0.25532465590998754
E1 强势确认,计算机设备,2015-07-20,0.05471324126836152,0.040413191193603426,-0.03246938766225527,-0.011528960568076174,-0.10526244104251226,0.040413191193603426,0.040413191193603426,-0.0004342048205574489,0.014316843817746783,-0.10526244104251226,0.0012083625958998478,0.022402259790887502,0.040413191193603426
E1 强势确认,通信设备,2015-07-21,0.11953248933707172,0.09012201728131375,-0.03744179612373655,-0.04021642700575101,-0.11441088308903602,0.09012201728131375,0.09012201728131375,-0.02086966698420256,0.01672582369063602,-0.052896864287263146,-0.0020591654552173377,0.01672582369063602,0.09012201728131375
E1 强势确认,电机,2015-07-24,0.1910698193487943,0.014835441929751392,0.034308813766710466,0.12611601799736638,-0.051424322635357456,0.020097261026342572,0.014835441929751392,-0.027194208276563936,-0.003578323480699641,-0.06048382600758051,0.051089541653161374,-0.003578323480699641,0.014835441929751392
E1 强势确认,造纸印刷,2015-07-31,0.21734679491981845,0.1602590951250289,0.13640024078745205,0.1273460007947378,0.03983099480706365,0.1602590951250289,0.1602590951250289,0.10979868066965048,0.0001833220026166149,0.11391750657791544,0.11615613099332212,0.12940007949245458,0.1602590951250289
E1 强势确认,装修建材,2015-08-03,0.1431672666133621,0.14165228333899793,0.004712864076966694,0.013467189824820647,-0.024402308175005105,0.14165228333899793,0.14165228333899793,0.09821612078500785,0.025435060028663026,-0.0016204557695892463,-0.0016204557695892463,0.09821612078500785,0.14165228333899793
E1 强势确认,电池,2015-08-06,0.7285486567425181,0.48780774778175906,0.11211590129305105,0.0979404541850597,-0.1333268857756431,0.04996430689137221,0.48780774778175906,-0.0969082802011324,-0.08102445170870598,-0.1053989590358797,0.14471133732263342,-0.0969082802011324,0.48780774778175906
E1 强势确认,食品饮料,2015-08-28,0.0,-0.10754208888324157,-0.13960969430593229,-0.11202829510815171,-0.10333496975006962,-0.16258203053820652,-0.10754208888324157,-0.014092525872278938,-0.014092525872278938,-0.0618418389293478,-0.1283361779407205,-0.042370080143372735,-0.10754208888324157
E1 强势确认,旅游酒店,2015-09-21,0.06690160034272608,-0.04865489650330779,0.043046027276254284,-0.004815033620509057,-0.03868072046484272,-0.10361308917764123,-0.04865489650330779,-0.00923354337898008,-0.005695330282069921,0.01130188883750316,-0.047651288983123874,-0.00923354337898008,-0.04865489650330779
E1 强势确认,生物制品,2015-09-23,0.0792816521276154,0.0735270569086528,-0.006668752636024511,-0.010800425677119474,-0.07410692129384999,0.0735270569086528,0.0735270569086528,-0.026310125907648696,0.0030224595646983765,-0.03718749635425356,0.0735270569086528,0.0030096688829523988,0.0735270569086528
E1 强势确认,游戏,2015-09-28,0.15106467701282011,0.0032218553701222064,0.062489481769125055,0.10944559335177728,0.017893841505273178,0.0032218553701222064,0.0032218553701222064,0.04532395235553732,-0.015173008310508496,-0.007264106704663709,0.13341238681334877,0.03200792006434727,0.0032218553701222064
E1 强势确认,能源金属,2015-10-09,0.8005435035490238,0.4092030835249969,0.2412333813033236,0.4393679639777188,0.23734568241900922,0.2154047897510627,0.40533961125255,0.284144990464134,0.22589221104458002,0.23418794113188546,0.5434188547984731,0.23734568241900922,0.4092030835249969
E1 强势确认,铁路公路,2015-10-16,0.0,-0.12356784142799904,-0.05981493378433189,-0.06863366502239943,-0.09944753824136154,-0.15385563350983866,-0.12356784142799904,-0.09944753824136154,-0.01398069504431243,-0.0561581989365002,-0.06786578382347253,-0.09944753824136154,-0.12356784142799904
E1 强势确认,美容护理,2015-10-29,0.4710575670173407,0.4710575670173407,0.2140392885321345,0.22220566022532617,0.4710575670173407,0.4710575670173407,0.4710575670173407,0.017401616582137125,0.20519622325452103,0.23048570645612387,0.00487594150596804,0.017401616582137125,0.4710575670173407
E1 强势确认,半导体,2016-01-06,0.13918207910169378,-0.11535231501153131,-0.024418446169195862,0.0595919841707897,-0.053717143300667014,-0.032526907865175425,-0.09428460975733755,-0.06063986150430423,-0.06063986150430423,-0.07822444050100308,0.06621167268244266,-0.06063986150430423,-0.11535231501153131
E1 强势确认,农药兽药,2016-01-12,0.06260928333714433,0.034110260396565506,0.010547452384159994,-0.055129610624328196,0.034110260396565506,0.034110260396565506,0.034110260396565506,0.007416490244279261,0.007416490244279261,-0.03302132708055727,0.04861009448073528,-0.015795111147313357,0.034110260396565506
E1 强势确认,贵金属,2016-02-05,0.4253802226167822,0.14630379912378855,0.09523096735493075,0.3558195468162293,0.017014339726449057,-0.03822548782450075,0.13597556131899968,-0.022128834107406625,0.07847784846897721,0.02487179110433546,-0.05849253928891729,0.13243346450788462,0.14630379912378855
E1 强势确认,玻璃玻纤,2016-02-23,0.0634437375159489,0.028606614117731022,-0.08425834772544982,-0.051213022875374326,0.028606614117731022,0.028606614117731022,0.028606614117731022,-0.03832642651844409,-0.02191405722365103,-0.06376784904808586,-0.07227405468734083,-0.03832642651844409,0.028606614117731022
E1 强势确认,煤炭行业,2016-03-01,0.0077558265443038454,-0.062402185127483634,-0.18779175856968766,-0.1112839834881465,-0.10885635160821938,-0.16530071861488804,-0.1971552897755553,-0.06102003039359938,-0.04947185035693802,-0.1266246391969178,-0.0924354121041534,-0.04947185035693802,-0.062402185127483634
E1 强势确认,小金属,2016-04-21,0.15560049621693528,-0.03914679821815603,0.09360662902780326,-0.025029358273578994,0.03059190511129506,-0.02310103977635225,-0.0722894671451706,-0.014816260672969483,-0.04943624915337674,-0.01616131108228902,0.07562736581436602,-0.04943624915337674,-0.03914679821815603
E1 强势确认,酿酒行业,2016-05-11,0.20426632299550773,0.20426632299550773,-0.002489349904831295,-0.02960803869845774,0.20426632299550773,0.20426632299550773,0.20426632299550773,-0.027963708117948682,-0.04248184743302308,-0.024408646116238275,-0.04727271037951275,0.20426632299550773,0.20426632299550773
E1 强势确认,塑料制品,2016-05-25,0.10133086834973981,-0.058639057641709735,0.03395308410988962,-0.03415197103623924,-0.020186870346496355,-0.07070810895528623,-0.058639057641709735,0.0446917266234621,0.01917956353897865,0.02266604956810281,0.03721243504707905,0.0446917266234621,-0.058639057641709735
E1 强势确认,消费电子,2016-06-07,0.0205778549895701,0.0205778549895701,-0.054254274193769825,-0.07522692633798322,-0.09083147362746347,0.0205778549895701,0.0205778549895701,-0.023953639626557055,-0.05126152746231616,-0.04828170211419647,-0.012340856936784994,-0.038608197794700594,0.0205778549895701
E1 强势确认,航空机场,2016-07-28,0.21689920553876418,0.07387269506271688,-0.13611213208024686,-0.04284323795055622,-0.09021485470642765,-0.1487917833232114,0.07387269506271688,-0.04288857522697165,-0.09021485470642765,-0.07030807411212714,-0.09794893242306868,0.07387269506271688,0.07387269506271688
E1 强势确认,非金属材料,2016-08-09,0.40762318616322535,0.3235140477725327,-0.04274817606147252,-0.08527175552348365,-0.07819198470404887,-0.11923395745413701,0.3235140477725327,-0.02720287104581609,0.0109064868433697,-0.008933524268904813,0.001483147777396221,0.3235140477725327,0.3235140477725327
E1 强势确认,综合行业,2016-08-19,0.004434987978590987,-0.09827776446288494,-0.08025989484328233,-0.07475634614205995,-0.10788042364962824,-0.09827776446288494,-0.09827776446288494,8.511245212305951e-05,-0.04409750426578363,-0.04750159625028694,-0.04409750426578363,-0.09827776446288494,-0.09827776446288494
E1 强势确认,煤炭行业,2016-09-05,0.48615487227777576,0.3890332879966889,0.05651712944216869,0.043500051538073015,0.33317321712449166,0.3890332879966889,0.3890332879966889,-0.01450782238177617,0.05792673975819351,0.03017187835907653,0.06654370177989755,0.05792673975819351,0.3890332879966889
E1 强势确认,专业服务,2016-09-06,0.06828732964123763,-0.13499838609522152,-0.02824214181722018,-0.02423569285041982,-0.043764600588808156,-0.07675265180001256,-0.13499838609522152,-0.00655323698635879,-0.04568264492399643,-0.028524255687015776,0.03575326334968354,-0.05219561620857904,-0.13499838609522152
E1 强势确认,环保行业,2016-09-08,0.18427192250122348,0.07295638312417085,-0.07142619819079465,0.0003112274746315258,0.036035891191727565,0.07295638312417085,0.07295638312417085,-0.01957217819506707,-0.06378739263994371,-0.04347404252575582,-0.013938450941760716,0.07295638312417085,0.07295638312417085
E1 强势确认,水泥建材,2016-09-20,0.42391575418857785,0.26730311783054184,0.07864709193131825,0.2325679705843493,0.24947531294916825,0.26730311783054184,0.26730311783054184,0.027650575899226704,0.08065002023346302,0.2570311330636974,-0.0036600529977618423,0.26730311783054184,0.26730311783054184
E1 强势确认,多元金融,2016-09-21,0.19792602653940916,0.06619587266570837,0.08517771135206642,0.048853256788317534,0.06922269786702717,0.06619587266570837,0.06619587266570837,0.010374182423271261,0.06036155158299983,0.07284057212724182,0.055686013790213984,0.06619587266570837,0.06619587266570837
E1 强势确认,装修装饰,2016-11-01,0.0,-0.19102194272686268,-0.11771017980594034,-0.16291547936482065,-0.10490596053577728,-0.15964206473631404,-0.2082664699601101,-0.045443951975851826,-0.0637622092925415,-0.0637622092925415,-0.03726402312107724,-0.19102194272686268,-0.19102194272686268
E1 强势确认,美容护理,2016-11-07,0.17579398688647485,-0.09636508405973698,0.011841890935926802,0.12483466758111694,0.045311723956630745,-0.016148107313368465,-0.06264733123173005,-0.05040797875170033,-0.012439571067821231,0.0785252375602461,-0.003270362862384135,-0.09636508405973698,-0.09636508405973698
E1 强势确认,船舶制造,2016-12-23,0.16211961353588333,-0.14795060500175894,-0.0049694831601816425,-0.03997566947769149,0.030040518147636197,-0.0044852269807299505,-0.07629389151485733,-0.025753717112429464,-0.0297753253087637,-0.00028655714479708383,0.0454784636633192,-0.14795060500175894,-0.14795060500175894
E1 强势确认,钢铁行业,2017-01-11,0.4134287132883092,0.31944858791009123,0.13725171121937718,0.18884169993376498,0.2556568832321209,0.20137204400707853,0.31944858791009123,0.015110788438049694,0.015110788438049694,0.012135443762319564,0.023519331060146254,0.31944858791009123,0.31944858791009123
E1 强势确认,化纤行业,2017-01-23,0.22622375267943462,0.22622375267943462,-0.04184805141675041,0.02486547196524236,0.22622375267943462,0.22622375267943462,0.22622375267943462,-0.004832135017878492,-0.04369410873254953,-0.02993756542381054,0.014399321211489458,0.22622375267943462,0.22622375267943462
E1 强势确认,石油行业,2017-01-24,0.0001975629734900508,-0.00204384230433019,-0.06418980535244578,-0.02243452245990285,-0.10759175547185074,-0.00204384230433019,-0.00204384230433019,-0.04042495121062628,-0.058431289273643716,-0.0433986780786646,-0.02972320838069986,-0.00204384230433019,-0.00204384230433019
E1 强势确认,能源金属,2017-03-03,1.3460602975008373,1.3460602975008373,0.147119920354027,0.6911226816910092,0.7844321909226861,1.3460602975008373,1.3460602975008373,0.03206617164603842,0.1369852722557774,0.7844321909226861,0.01865956617255904,0.7929801550909039,1.3460602975008373
E1 强势确认,航运港口,2017-03-30,0.07760042772269493,-0.10760312830307239,0.019734973176789516,-0.06281654398713155,-0.036626329737475594,-0.08871257767012275,-0.10760312830307239,0.03661656285454851,0.03248810041187733,0.030077729693335442,0.019030472384052866,-0.10760312830307239,-0.10760312830307239
E1 强势确认,公用事业,2017-04-12,0.026361903227182237,-0.17002715469980323,-0.07178454273902246,-0.1534972027049324,-0.09043469433935813,-0.12615841615776457,-0.18897524977233948,-0.04366114260062803,-0.04433319648980971,-0.04088797425750812,-0.018810023790333807,-0.20802918334695797,-0.17002715469980323
E1 强势确认,环保行业,2017-04-19,0.0448723247980829,-0.13154503520273042,-0.08636023571244067,-0.024922731789712382,-0.08591497473196608,-0.11341644925469452,-0.1729097666520143,-0.011608376573417845,0.020773556015934336,-0.010669543007335469,-0.04232236125363753,-0.1729097666520143,-0.13154503520273042
E1 强势确认,航空机场,2017-05-12,0.5109612729597297,0.2538319237465987,-0.023944909332859865,0.025324774762610414,-0.006431077459215007,0.25809674655349135,0.2255561412996201,0.014329340551812342,0.002990462286931894,-0.006431077459215007,0.28027186675847093,0.2538319237465987,0.2538319237465987
E1 强势确认,家电行业,2017-05-31,0.28001771714022783,0.2217394201689633,0.010559069238817553,0.12038340858591412,-0.044492467281206594,0.2217394201689633,0.2217394201689633,-0.0161187984665232,-0.0161187984665232,-0.0006619440959894085,0.050527703220910825,0.2217394201689633,0.2217394201689633
E1 强势确认,非金属材料,2017-07-03,0.47540348792515164,0.4541595235868392,0.3130086211379748,0.335672632826141,0.23190134688584507,0.17941122002826293,0.4541595235868392,0.3130086211379748,0.22525421523275435,0.22330611938350997,0.29159246750501655,0.22330611938350997,0.4541595235868392
E1 强势确认,小金属,2017-07-14,0.1879135344553302,-0.028474916367310477,0.025509314639858616,0.03628576945521034,0.07195227056317055,0.025509314639858616,-0.05552903599742054,0.050166251365991954,0.008337919649849423,0.07235197263367721,0.025509314639858616,-0.008060660569712441,-0.028474916367310477
E1 强势确认,煤炭行业,2017-07-18,0.18512887254300114,-0.050098001714080964,-0.08285127266541115,-0.0009593825673750445,-0.06017226192435121,-0.1103161101626784,-0.06526385023378323,-0.03873751587006735,-0.0727271936303957,-0.06086122683123096,-0.008658265810655763,-0.09908836585328962,-0.050098001714080964
E1 强势确认,半导体,2017-10-09,0.4014133368337902,0.16196273475025258,0.21293464663125916,0.2578225897858455,0.09134393659033035,0.08027002019310858,0.003155534344244648,-0.044485293502790735,0.08027002019310858,0.08027002019310858,0.09539372759696607,0.11235259467130154,0.16196273475025258
E1 强势确认,酿酒行业,2017-10-11,0.6514035612487603,0.5687364056837865,0.23234667029758072,0.20802281385667998,0.18687215044006367,0.41249203660063194,0.5687364056837865,0.10587770427058918,0.12407617300084861,0.23568937666140322,0.20930030956489243,0.5687364056837865,0.5687364056837865
E1 强势确认,工程咨询服务,2017-10-17,0.05463417858143216,-0.14064944151439374,-0.05038844722788305,-0.026224650080820644,-0.06516634647886188,-0.10434585038559663,-0.13654774122057123,0.013780548717215124,-0.036533016441350985,-0.0485002525861683,-0.0485002525861683,-0.10434585038559663,-0.14064944151439374
E1 强势确认,光学光电子,2017-11-06,0.017345105120526005,-0.23791134054242447,-0.09958378053223593,-0.14061276573392267,-0.0964343275886107,-0.1325585697671271,-0.2084171301436042,0.014044692004306247,-0.06166227073721897,-0.04872365501716769,-0.08623174500049247,-0.06166227073721897,-0.23791134054242447
E1 强势确认,医疗器械,2017-11-13,0.08863022184844405,-0.042255812929992254,-0.13163225762986241,0.04648323148726896,-0.09379120224388926,-0.1421013983341599,-0.042255812929992254,-0.010909784368647535,-0.0718206782125681,-0.06548314789516485,-0.010909784368647535,-0.042255812929992254,-0.042255812929992254
E1 强势确认,生物制品,2017-11-14,0.4193508692957957,0.36028175283108954,-0.061366586923708555,0.24541256935525024,0.24744618863312695,0.36028175283108954,0.36028175283108954,0.006385431256553442,0.01756973926510197,-0.019310882472701074,0.01756973926510197,0.36028175283108954,0.36028175283108954
E1 强势确认,化纤行业,2018-01-15,0.1786276643963267,0.05732533873296908,-0.07048999305637216,0.018990800375991768,-0.03885466576926322,0.05732533873296908,0.05732533873296908,0.033622935959644495,0.0475789012882073,-0.02664103701563869,-0.06746249181518738,0.030830287681471225,0.05732533873296908
E1 强势确认,房地产开发,2018-01-16,0.0294855410807906,-0.023316915787605752,-0.12471682432099374,-0.20667017918810782,-0.07523159553537528,-0.12395271824113197,-0.18862299298059215,0.0294855410807906,-0.025425173238547427,-0.07822745362134198,-0.002945391065782954,-0.025425173238547427,-0.023316915787605752
E1 强势确认,银行,2018-01-19,0.3321684776247884,0.31654753618521836,-0.0654288418328346,0.012707271839760947,0.025815987504049565,-0.016133498956854675,-0.05880475247171346,0.09875361228727408,0.07277385818349846,-0.04649326141118293,0.001662596264120797,0.31654753618521836,0.31654753618521836
E1 强势确认,贵金属,2018-02-06,0.06131496440397033,-0.04904300579060983,-0.14516900609191052,-0.11430875469346446,-0.10225232461980716,-0.13548973062237146,-0.04904300579060983,-0.08513567260504717,-0.10490618437409405,-0.15629944538028062,-0.11658422021078052,-0.10490618437409405,-0.04904300579060983
E1 强势确认,医疗服务,2018-03-07,0.2380930011133049,0.1764246158562377,0.1376354546726848,0.14025951345916554,0.10473421301851293,0.034351102320693494,0.1764246158562377,0.11953421023222588,0.1393142670320524,0.13137017859413613,0.06291016838084174,0.1764246158562377,0.1764246158562377
E1 强势确认,互联网服务,2018-03-30,0.13003881144281593,0.04377009991793934,-0.017654161632333354,-0.04037893315553209,-0.08177200891288894,0.04377009991793934,0.04377009991793934,-0.0029650400585726766,-0.04686847451082021,-0.05161921900086619,-0.0004597475079831659,-0.07576498415388322,0.04377009991793934
E1 强势确认,电子化学品,2018-04-20,0.027094567180318663,-0.10367476191715519,-0.07205268033264522,-0.17798967943448762,-0.07468328903260424,-0.11538333948289459,-0.17798967943448762,-0.02957849250190525,-0.02160485306318305,-0.06360542340350994,0.010025642844574412,-0.16354740275759327,-0.10367476191715519
E1 强势确认,教育,2018-05-17,0.16782949584241247,0.1334447304234525,-0.06571688050210467,0.10817099716240564,0.045113127726261304,-0.03267673565935636,-0.09153365797345159,0.03646817153528081,0.0696242008486525,-0.00016492226047815084,0.10054928529171847,0.0696242008486525,0.1334447304234525
E1 强势确认,中药,2018-05-28,0.04504277308596705,-0.2840523638029574,-0.0562228673284747,-0.08668830119994064,-0.05680821208001641,-0.11580775872772286,-0.16573122970323761,-0.004050330280128578,-0.033983461870293774,-0.025775122827341623,0.011841430482154136,-0.04316939623581806,-0.2840523638029574
E1 强势确认,家用轻工,2018-05-29,0.043961557184688305,-0.061050192287112615,-0.06639249877951647,-0.0824676871254647,-0.06210535858168764,-0.12872611487671337,-0.061050192287112615,-0.020461001109309485,-0.031648948405644695,-0.04664696555222403,0.018864788637651397,-0.10693352067728046,-0.061050192287112615
E1 强势确认,工程机械,2018-06-27,0.2678568994445747,0.2513753384409094,0.08449635326116134,0.10486159685941532,0.2513753384409094,0.2513753384409094,0.2513753384409094,-0.02723737344978383,-0.017103235724535648,0.08586704238889586,0.11305358802168852,0.2513753384409094,0.2513753384409094
E1 强势确认,旅游酒店,2018-07-13,0.019838193462732967,-0.029655160016562876,-0.03237119303774594,-0.054511392189272034,-0.07230113051692233,-0.16533362833942244,-0.1713505899933494,-0.02089891643989339,-0.02089891643989339,-0.06930794616381519,-0.0032165101833177,-0.06367677383195824,-0.029655160016562876
E1 强势确认,钢铁行业,2018-07-27,0.062068758915081235,-0.252858888738136,0.022911672142460038,-0.11046938543232843,-0.05603565539841271,-0.11455030256860077,-0.16798445070567924,0.04187781088057285,-0.01511312106406626,-0.059567258258295785,0.03862379950612116,-0.059567258258295785,-0.252858888738136
E1 强势确认,水泥建材,2018-08-06,0.07183182413379985,-0.005323597086703269,-0.010739563900458493,-0.007992674860373028,-0.06383675613987039,-0.005323597086703269,-0.005323597086703269,-0.02090890930851208,-0.03907806193161267,-0.03287667678147499,-0.02038184016905542,-0.005323597086703269,-0.005323597086703269
E1 强势确认,银行,2018-09-03,0.1982538849660045,-0.01851940091090898,0.07454180806777999,-0.008660807797187364,0.06237717154538358,-0.007799127027871888,-0.03436882330099422,0.010153948689970216,0.10024552171888579,0.04662693354566194,0.12555867668389364,-0.01851940091090898,-0.01851940091090898
E1 强势确认,石油行业,2018-09-04,0.1749692252259607,-0.2137420722188803,-0.014881283972941528,-0.15666818029575547,0.05017978511109433,-0.006035066623110152,-0.06541658985637044,0.0024327098779786116,0.1278906797763879,0.018053723986453774,0.07593989629265274,-0.2137420722188803,-0.2137420722188803
E1 强势确认,航天航空,2018-09-11,0.05155981623425254,-0.04544009803154214,-0.0783752857752954,-0.10297022262384792,-0.09430983935565163,-0.15585156982111248,-0.04544009803154214,-0.0316819414179903,-0.00909817858121087,-0.055416689163263255,-0.02084919080686387,-0.09585649721454981,-0.04544009803154214
E1 强势确认,燃气,2018-09-13,0.19550898076687107,-0.24879234118347193,-0.0022673486088349293,-0.13423244860058536,0.05604108984937395,0.033525707540648764,-0.048273515986006266,0.06433917809682699,0.05604108984937395,-0.005243036282344349,-0.005040446934145404,0.05604108984937395,-0.24879234118347193
E1 强势确认,通信设备,2018-09-17,0.2167864387300067,0.1493657466137499,0.019594157200000017,0.08925996998380703,0.1493657466137499,0.1493657466137499,0.1493657466137499,-0.01303836613667475,-0.04838316251669994,-0.055902292077981586,-0.04838316251669994,-0.04809169927033885,0.1493657466137499
E1 强势确认,煤炭行业,2018-10-11,0.0,-0.23256978973445508,-0.14239090149129596,-0.13534325807287795,-0.10297654825084546,-0.145404379138795,-0.21258453454985737,-0.011974566335844261,-0.011974566335844261,-0.10297654825084546,-0.23256978973445508,-0.23256978973445508,-0.23256978973445508
E1 强势确认,证券,2018-10-25,0.31313818327383713,0.14525280688941966,0.07353954313745303,0.1604694228153305,0.15667004237197135,0.10607195497531086,0.14525280688941966,0.01727962699306773,-0.028266126866004493,-0.021678959278303767,0.0025832644333538823,0.14525280688941966,0.14525280688941966
E1 强势确认,贵金属,2018-10-29,0.2342224712875285,-0.13076602057990905,-0.058561071049765934,-0.1877960670879848,-0.06563831527600805,-0.11032204877534746,-0.16661545195397476,0.013456726506549721,-0.06852571793381323,-0.010837858282922608,0.04619073746195168,-0.014831081867553109,-0.13076602057990905
E1 强势确认,电池,2018-11-22,0.10413680880643872,0.07233534905867134,0.0651738214935702,-0.028652677139221927,-0.0169391591618,-0.057150540577545095,0.07233534905867134,0.02188016887226074,0.08825646339460658,0.0651738214935702,-0.0012915525781246329,0.07233534905867134,0.07233534905867134
E1 强势确认,光伏设备,2018-12-24,0.13646787261449034,0.0530125204083316,0.010134987767626669,0.03452870966791988,0.010812238719906997,0.0530125204083316,0.0530125204083316,-0.010971400659926078,0.0532754189381095,0.0633752424639824,0.009714163665850428,0.0530125204083316,0.0530125204083316
E1 强势确认,房地产服务,2019-01-09,0.20605377285743676,-0.2046870823732505,0.06133368471676226,-0.0029789478840023254,0.08098424413916772,0.039758157703795316,-0.043098294545402815,-0.00973198101556394,-0.00973198101556394,-0.024927647566509226,-0.024927647566509226,0.07138367176352256,-0.2046870823732505
E1 强势确认,电网设备,2019-01-15,0.0,-0.25470062008595196,-0.12670408375435172,-0.18520005338216627,-0.10283205315679234,-0.1513403180215599,-0.20226591294747887,-0.06800228515864193,-0.09456274074476201,-0.08699870536486798,-0.06800228515864193,-0.25470062008595196,-0.25470062008595196
E1 强势确认,风电设备,2019-01-21,0.16426902313242042,-0.05924883727862795,-0.026096891502012,0.0002943389129073104,0.05091532152101186,-0.004223741748363263,-0.05924883727862795,0.032376563338634146,-0.020953755944566166,0.030848477123662787,0.04818083251458849,-0.020953755944566166,-0.05924883727862795
E1 强势确认,多元金融,2019-02-27,0.01913156038687358,-0.3281208573140669,-0.10914819744951132,-0.18063874575303474,-0.09760551625938862,-0.13178445609917366,-0.1875331353385168,-0.0912185732745715,-0.1221274913926409,-0.09760551625938862,-0.05709573441478799,-0.3414010750903127,-0.3281208573140669
E1 强势确认,农牧饲渔,2019-03-04,0.18375662965639594,0.05544341619961757,0.17725612482543585,0.10238460771758007,0.08090971816627124,0.0010600438997903083,-0.07600209921217238,-0.005101702674722652,0.08841818818511249,0.049870478873976776,0.0031548162750403286,0.0008909302280548648,0.05544341619961757
E1 强势确认,互联网服务,2019-03-07,0.046065259214006726,0.006243637032700811,-0.10641825533543903,-0.09718452151972157,-0.09516172863934291,0.006243637032700811,0.006243637032700811,-0.06832048829794235,-0.10912909285963535,-0.08161772798620959,-0.06420185294366632,-0.062207725558782734,0.006243637032700811
E1 强势确认,软件开发,2019-03-08,0.27933907502477706,0.2669382143326309,-0.01849919998435856,0.07368694153124022,0.2669382143326309,0.2669382143326309,0.2669382143326309,-0.040654151780193604,-0.08129081670292004,-0.0704266359974337,-0.028355465713647998,-0.05192046802415495,0.2669382143326309
E1 强势确认,船舶制造,2019-03-25,0.2655081261761443,-0.08606115354837773,0.04156707879569721,0.15649836007997786,0.03704276573002052,-0.007307214943772622,0.009374070801803525,0.03704276573002052,0.057633134454001755,0.028017608032322006,0.02460773768271962,-0.004467650933267064,-0.08606115354837773
E1 强势确认,半导体,2019-04-02,0.9226509513700623,0.537385096893277,0.01711734394142561,0.20728146008465864,0.15155739917185618,0.6219012702066158,0.5253264278467418,-0.05708639183730191,-0.09942128541736694,-0.054887828180329334,0.009899916394056962,-0.07554323574032151,0.537385096893277
E1 强势确认,化学原料,2019-04-08,0.0,-0.24497433820423264,-0.10980135969966376,-0.18115499664441825,-0.10936729298451253,-0.15808348480539813,-0.20910158999820605,-0.062393386723675004,-0.05250160159799411,-0.06899931930276337,-0.022019301973066896,-0.062393386723675004,-0.24497433820423264
E1 强势确认,小金属,2019-05-29,0.07884185916320785,-0.2337604442436183,-0.0727516835885249,-0.184940411763165,-0.05199550653494189,-0.07786039150548762,-0.13912830328870018,-0.05199550653494189,-0.09333240627620931,-0.09276200098011123,-0.026493207405311137,-0.22804310678370454,-0.2337604442436183
E1 强势确认,食品饮料,2019-06-03,0.19586591523808705,0.16209585166947327,-0.009646545770597426,-0.011528138578660307,-0.052375391906201996,0.16209585166947327,0.16209585166947327,0.009695519190799251,0.009695519190799251,-0.0034684674928936454,0.012097527165366051,0.16209585166947327,0.16209585166947327
E1 强势确认,工程机械,2019-07-24,0.2394468988106493,0.1385578057560426,-0.018365630097969543,0.033765143378803764,-0.04967771869443649,0.1385578057560426,0.1385578057560426,-0.0017448046918699944,-0.008598484218903857,-0.03766042836257677,0.002474160687683913,0.1385578057560426,0.1385578057560426
E1 强势确认,电子元件,2019-08-01,0.3878241603653003,0.18638306409907268,0.09954322516201919,0.1676292382539788,0.2857608039278561,0.16487852296949845,0.18638306409907268,0.017860484452957515,0.09141798784957622,0.09954322516201919,0.07764953338570635,0.1676292382539788,0.18638306409907268
E1 强势确认,消费电子,2019-08-12,0.45108343989978494,0.3861587969504723,0.23282808092018814,0.34391438098662963,0.2980075927813388,0.21430689252202217,0.17281719819107155,0.1268695418523642,0.22656462901100705,0.27231658023334604,0.3113100795857413,0.3708693348461798,0.3861587969504723
E1 强势确认,电子化学品,2019-09-06,0.8043125113872083,0.5053563018464358,0.02954781449244992,0.3216533565384352,0.4355211589845489,0.35756599104982034,0.3486740491107123,0.03902541797894421,0.014194747105356953,-0.023630634363381975,0.013863581740957365,0.4355211589845489,0.5053563018464358
E1 强势确认,医疗服务,2019-09-30,0.39901172041931465,0.36823809372304384,-0.0061993733713360255,0.04991684432829291,0.027708709653608166,-0.04876698731616047,0.36823809372304384,0.006199070429136144,0.03529625659267621,0.027708709653608166,0.02601000456525382,0.010517636486962356,0.36823809372304384
E1 强势确认,软件开发,2019-10-28,0.14647771893680606,-0.04509105831882054,0.03844219629584433,0.07036904372861286,0.033692548939112,-0.026038672769024718,-0.04509105831882054,-0.009763432370529901,-0.01364902625304365,-0.02409886925882787,-0.02409886925882787,0.049933139791994874,-0.04509105831882054
E1 强势确认,计算机设备,2019-11-07,0.10800007897133779,-0.04583799975404235,0.06669279748755641,0.032363875227696015,-0.016233335896620793,-0.04583799975404235,-0.04583799975404235,-0.017301478410346016,-0.013345487846193382,-0.01556992608496055,-0.013345487846193382,-0.04583799975404235,-0.04583799975404235
E1 强势确认,能源金属,2019-11-26,0.4870315503221556,0.3971586916307548,0.20922950663798212,0.010506091238021487,0.30248292602116544,0.2916269562940319,0.20369772243825235,0.3259179967140706,0.08344739425279979,0.1476919818654785,0.440000343598951,0.30248292602116544,0.3971586916307548
E1 强势确认,游戏,2019-12-16,0.24611926694879216,-0.2251511101465249,0.10702642717841249,0.1869527946112186,0.11888639713804139,0.031967746274386366,-0.01720624665419579,0.15601557150025536,0.019923395380322395,0.04783632020609918,0.04783632020609918,0.1675551091712597,-0.2251511101465249
E1 强势确认,光学光电子,2019-12-17,0.08860299304880503,-0.15434987136813028,-0.05142923813306732,-0.08084066091705688,-0.01976047052300345,-0.07730936000949828,-0.13100672999591334,-0.033345623555142145,-0.033345623555142145,-0.04682294889323457,-0.04751264215223061,-0.033345623555142145,-0.15434987136813028
E1 强势确认,电池,2019-12-24,0.9654044587842832,0.9289300527892603,-0.016101574773978666,0.18314964761139851,0.07494871074031284,0.013882651885631203,-0.031785522554523826,0.1041121248193162,0.013882651885631203,0.020797555202374918,0.08966957201386094,0.11321980058339376,0.9289300527892603
E1 强势确认,医疗器械,2020-03-09,0.4408135175732599,0.12607533563128825,0.17113056077657252,0.26637165063043056,0.27003484906081265,0.19824014407701962,0.14184835519504935,0.0028978978551001955,0.22402427316687756,0.27003484906081265,0.19824014407701962,0.22344802083219184,0.12607533563128825
E1 强势确认,生物制品,2020-03-26,0.4792802789051973,0.19744322443872764,0.29848845668661617,0.1520767779580956,0.19139957810018138,0.2594458536015247,0.17784312990742102,0.2905747427766736,0.21238729108497467,0.25546607969094204,0.008856546587239222,0.23317112068232793,0.19744322443872764
E1 强势确认,农牧饲渔,2020-03-30,0.0,-0.17925828745171124,-0.1261089227036265,-0.15913468904291184,-0.09160171482238622,-0.1632084016906018,-0.19606700313026704,-0.06268347691994125,-0.07711649666748654,-0.10720751969384024,-0.06268347691994125,-0.17925828745171124,-0.17925828745171124
E1 强势确认,化学制药,2020-04-15,0.04149877856016482,-0.040404095285309416,-0.022883044341571845,-0.013264006008427698,-0.0605130598002761,-0.11601714525640194,-0.040404095285309416,-0.05772158518880455,-0.057154152220294296,-0.06641311876414935,-0.057154152220294296,-0.040404095285309416,-0.040404095285309416
E1 强势确认,食品饮料,2020-04-23,0.17182796191708882,-0.0686210220579011,0.028221010914652567,0.05212972438674757,0.05613569772959526,-0.02411854620711462,-0.05529039744687836,-0.04472425363317012,0.055718044292380364,-0.028384958574321106,0.029916991608330834,-0.0686210220579011,-0.0686210220579011
E1 强势确认,水泥建材,2020-04-28,0.0028936058174331425,-0.21164809794838013,-0.112285415763965,-0.19675090948661977,-0.1046977092085043,-0.14469935261957823,-0.20491652414075434,-0.0438185218057523,-0.06636364820382179,-0.08056707979929656,-0.21164809794838013,-0.21164809794838013,-0.21164809794838013
E1 强势确认,工程机械,2020-05-07,0.48247294560964593,0.1331629407816428,-0.04651293659184186,0.026599287189560172,-0.10018085634307305,0.23668155308678296,0.1534914672266492,0.0027614997376996797,0.04701026148831233,-0.06594914262887952,-0.03408215374625201,0.1331629407816428,0.1331629407816428
E1 强势确认,美容护理,2020-05-12,0.16051012359154537,0.12345460091961868,0.010309459767091855,-0.007262059208974159,-0.03386813802016597,-0.07163447613460461,0.12345460091961868,0.0313519348461877,-0.03386813802016597,0.0313519348461877,0.0017425101517800634,0.0313519348461877,0.12345460091961868
E1 强势确认,酿酒行业,2020-05-28,0.9426968528473776,0.8140597511873908,0.13782076403653898,0.36523307877367706,0.017792484702465527,0.5564893680765342,0.47918407084244974,0.10542969458286788,0.16966406874742979,0.015186322195679614,0.2881708812493504,0.5475412375892919,0.8140597511873908
E1 强势确认,医疗服务,2020-06-29,0.5985426556791134,0.40774719333836695,-0.046326514044586764,0.1800655204403876,-0.10121617797596993,0.3102455510773032,0.21433984228295233,-0.06985371353590364,-0.04403778242781553,-0.06478573607217708,0.10476509345359997,0.3104829373336859,0.40774719333836695
E1 强势确认,旅游酒店,2020-06-30,0.5088294491843086,0.12574511362492413,0.15109114983732397,0.1658875562450377,0.063766137946496,0.00949218031429555,0.21279403777670947,0.07750688907827841,0.063766137946496,0.063766137946496,0.02873967689705781,0.09521481476161564,0.12574511362492413
E1 强势确认,光伏设备,2020-07-20,1.2291356229568535,1.2291356229568535,0.24692786077558093,0.6332202505216611,0.6685767186743352,0.5413619110765453,0.4737948717738665,0.0651213159810542,0.481400993978391,0.481400993978391,0.03280068567388894,0.7175266528744513,1.2291356229568535
E1 强势确认,船舶制造,2020-07-24,0.04347505903975035,-0.3026402902197022,-0.10020675243714583,-0.15906194480340952,-0.06415146516725423,-0.07327233936701083,-0.16017436644150684,-0.06415146516725423,-0.08563751027943212,-0.10435365625529447,-0.07062570115346045,-0.08563751027943212,-0.3026402902197022
E1 强势确认,航天航空,2020-08-07,0.2627179242252775,0.15615571890866642,-0.09969927131799416,0.022913048820316417,-0.043336823583035144,0.07249986034339884,0.04260166952045519,-0.06426456201614417,-0.07133915371484034,-0.04585309099102386,-0.08169140387258733,0.1491512125854524,0.15615571890866642
E1 强势确认,玻璃玻纤,2020-08-12,0.4897398224264,0.46366451512149176,0.17043021138416936,0.36335005102205953,0.21689123722005355,0.46366451512149176,0.46366451512149176,-0.0373570171953439,-0.04971431690343009,0.2598066918649635,-0.031100038299516686,0.3909249338574585,0.46366451512149176
E1 强势确认,风电设备,2020-09-11,0.6513640337111071,0.5360460304759425,0.10249188908646345,0.14863788748248763,0.0030432793719854523,0.07250208955388104,-0.005042095764792864,-0.05225226680099593,0.10620383977303405,0.13829750059185675,0.16590019597124406,-0.05225226680099593,0.5360460304759425
E1 强势确认,汽车整车,2020-10-16,0.7887570618871311,0.7629713109495775,0.4427575459779962,0.2736133721014584,0.32153196980809895,0.2988325046661855,0.7629713109495775,0.28773537924237447,0.3197512160928968,0.3197512160928968,0.5542240980235429,0.2988325046661855,0.7629713109495775
E1 强势确认,能源金属,2020-11-24,2.055494646710637,1.5302287049791268,0.6055314380540375,0.7378044097051926,0.7215710459576552,0.5451226963036695,0.42936792010717073,0.7215710459576552,0.3827211592121762,0.3827211592121762,0.07180076433784577,0.6730802568798773,1.5302287049791268
E1 强势确认,化纤行业,2021-01-29,0.08848758969037918,-0.16687753944568162,-0.04604180059016805,-0.04373180656471143,-0.04081825530785643,-0.12155163807993352,-0.14338719095667674,-0.00800290737411491,-0.03164541731374326,-0.12155163807993352,-0.0833205824937201,-0.03164541731374326,-0.16687753944568162
E1 强势确认,医疗服务,2021-02-03,0.08453053108877628,-0.3604327921773418,-0.007366077791273851,-0.04382600794857028,-0.075224524423675,-0.1110645072133617,-0.17613169132863016,-0.11090345261666823,-0.17166683687519635,-0.17166683687519635,-0.1633245663245364,-0.11090345261666823,-0.3604327921773418
E1 强势确认,工程机械,2021-02-25,0.036576963248338146,-0.42332169622464844,-0.1972292838563241,-0.2678881273038459,-0.10099556864599157,-0.10332594647942972,-0.19222471923089335,-0.027764197034827243,-0.025013342545649575,-0.04403567842578471,-0.13755824405752293,-0.42332169622464844,-0.42332169622464844
E1 强势确认,小金属,2021-03-04,0.544151378293509,0.29040060630950815,-0.03076628741833043,0.43590383664074195,-0.09378001754079957,0.23628591729657522,0.22142021225464226,0.008731027519501833,-0.09378001754079957,-0.08129755789501691,-0.09378001754079957,0.3069962953748271,0.29040060630950815
E1 强势确认,化学原料,2021-03-08,0.4416029258618568,0.1224433591458971,0.06320787136721995,0.3011425677434596,0.2386900396556484,0.2158739246471113,0.15112503755852713,0.01707159307787287,-0.035440032074882555,8.63377462110293e-05,-0.01867749502712379,0.11146607643666173,0.1224433591458971
E1 强势确认,化肥行业,2021-03-19,1.007109120567899,0.8844669778091971,0.03474209456017041,0.8165516096754917,0.20752811117119507,0.6445051722688717,0.6175812056281464,-0.034242913586585266,-0.07170225198168678,-0.07463486095274696,-0.0466592372587642,0.23363567590234902,0.8844669778091971
E1 强势确认,装修建材,2021-03-22,0.01963421368649798,-0.21240788349733397,-0.09928996953013436,-0.2522093581931849,-0.09395632184544445,-0.13185643469862163,-0.18586187310635127,-0.003031749261245942,-0.05045025666772873,-0.05262741456160647,-0.015803084898761144,-0.21240788349733397,-0.21240788349733397
E1 强势确认,电力行业,2021-03-24,0.2232778621859537,0.07802525928624449,-0.08163591308397522,0.02106976802566618,-0.07048980354240586,-0.1237401234720441,0.07802525928624449,-0.03130471488739761,-0.08960579030423821,-0.08960579030423821,-0.0977678874737481,0.06631135995908832,0.07802525928624449
E1 强势确认,橡胶制品,2021-03-25,0.09935644147400158,-0.014907344525849964,-0.013718230903858486,-0.014147449384340094,-0.02035434657120172,-0.014907344525849964,-0.014907344525849964,-0.005900007810505925,0.0018718614017969593,0.0018718614017969593,0.008647414133280185,-0.014907344525849964,-0.014907344525849964
E1 强势确认,钢铁行业,2021-04-07,0.3128752213038657,0.10831783007710105,-0.050746730328027456,0.09482452996762358,0.02212747344930932,-0.049231622894643,0.06408963184017624,-0.014562903355404666,-0.05461102585701083,-0.0500748291933949,0.04455507148501825,0.016464261951012693,0.10831783007710105
E1 强势确认,航空机场,2021-04-20,0.05980845905583165,-0.025298649449359334,-0.19612430363096522,-0.15165805533830012,-0.09576142786052377,-0.16163972043519237,-0.20611423371892557,-0.035961087834609606,-0.06808345065174326,-0.06344669505823297,-0.025298649449359334,-0.10815603128644835,-0.025298649449359334
E1 强势确认,有色金属,2021-04-29,0.37512877461728866,0.13027320601242898,0.07391716001195436,0.05619766838278806,-0.0016846092872231377,-0.03441093676632778,-0.08143595003658921,-5.746420567709354e-05,-0.06554536349575968,-0.008279822511116475,-0.008279822511116475,0.1215284352996906,0.13027320601242898
E1 强势确认,生物制品,2021-04-30,0.07849238736866804,-0.35469574824204686,-0.13040374421095458,-0.31352034654588834,-0.035629405311729645,-0.08881702215011611,-0.16173533134482843,-0.0207230014085521,-0.08881702215011611,-0.08043711804314246,-0.04952379203024504,0.011797672494138434,-0.35469574824204686
E1 强势确认,煤炭行业,2021-05-06,0.6593715107180216,0.480463552340763,-0.08553513798680279,0.10456842222795193,-0.06428457618112415,-0.10035563130069003,0.08768965244716154,-0.10935130112911395,0.07627768316148975,-0.11131440740746101,-0.061046406715772106,-0.06428457618112415,0.480463552340763
E1 强势确认,航运港口,2021-05-07,0.13097612218680044,-0.004175485725731454,-0.005432568305171026,-0.14255351315565568,-0.00937076774870882,-0.032475533803388745,-0.14374465514465373,0.04085086999696008,-0.032475533803388745,-0.06087064657563279,-0.022043406692147882,-0.06087064657563279,-0.004175485725731454
E1 强势确认,汽车服务,2021-05-17,0.0,-0.016579632468845862,-0.10803755118872016,-0.09763512934616658,-0.1024803624732803,-0.016579632468845862,-0.016579632468845862,-0.03031372690072176,-0.0829889816948356,-0.06560880585782813,-0.07779250612110822,-0.0916300515552475,-0.016579632468845862
E1 强势确认,美容护理,2021-05-26,0.008767473905712864,-0.35109401420084607,-0.291179172236245,-0.3478925977404018,-0.10914644478518076,-0.17364879179691106,-0.2264391418719649,-0.04366376434559882,-0.1046789466089384,-0.05773117718038845,-0.11191376668811659,-0.19074872567180945,-0.35109401420084607
E1 强势确认,综合行业,2021-06-16,0.1019456964099621,-0.09612425807111824,0.029195799986544868,-0.10349130772225479,0.03375208452973899,-0.07140051829193095,-0.1315421341201125,-0.0007376126428355612,-0.03813995720525232,0.012737129373044942,-0.04524191228894403,-0.03813995720525232,-0.09612425807111824
E1 强势确认,半导体,2021-06-17,0.2137783430796547,-0.11354976861426891,-0.019279421689112675,0.0003448430852268647,0.11267121861904972,0.04626376262839438,-0.03052034189924735,0.03065163660426351,-0.04345505162095298,-0.0056050054195417864,0.023111639539622253,0.023111639539622253,-0.11354976861426891
E1 强势确认,电子化学品,2021-07-27,0.14721061546921832,-0.03897569279611124,-0.15054719719668586,-0.15218698728308655,0.015799295471117247,-0.06126265687983712,-0.11734002505618435,-0.015177122383455921,-0.11146651649463568,-0.0890343849854176,0.02356922447293397,-0.170785253669252,-0.03897569279611124
E1 强势确认,电源设备,2021-08-12,0.25381308996820606,0.24136914148366007,0.041102308799671805,-0.06413610284508431,-0.11130393490780188,-0.10255268789713345,-0.1325884549580657,-0.05001935954500358,-0.06349937408243167,-0.06349937408243167,-0.08412847969270243,-0.15448026901924738,0.24136914148366007
E1 强势确认,非金属材料,2021-08-26,0.1057579672598663,0.06816008753805103,0.01589005393823295,-0.01692071556760333,-0.09155279172081221,-0.11205670348761965,0.06816008753805103,-0.0591422055093922,-0.0936000212494511,-0.03761286755501525,-0.050118263774054594,-0.09155279172081221,0.06816008753805103
E1 强势确认,风电设备,2021-09-06,0.4043964989011781,0.1136593741668217,0.18304828632684567,0.15653325455887535,0.07056510264679194,0.18300161353825617,0.14082366627499465,0.08639599132814468,0.13337431150029233,0.20095393339304235,0.16236172480688316,0.12574809874335457,0.1136593741668217
E1 强势确认,燃气,2021-09-28,0.03205831569096729,-0.017596726707284183,-0.12752473943522336,-0.15734057640783117,-0.10912383300087247,-0.1264359457903249,-0.18253894030514373,-0.1119971832978961,-0.1264359457903249,-0.1432299881657545,-0.10453074392138151,-0.1119971832978961,-0.017596726707284183
E1 强势确认,游戏,2021-11-05,0.12721112104182186,-0.11308855432676856,-0.04734041665652222,-0.10172492754314222,-0.058085590689056055,-0.046322558039561645,-0.12720170422612864,-0.07487608575971694,-0.019106011413832502,-0.053171729245721,-0.025590183783663734,-0.053171729245721,-0.11308855432676856
E1 强势确认,航空机场,2021-11-15,0.3029747977484001,0.13956759285358045,0.14254814648268233,0.10317694217409468,-0.11213307487369129,0.10102873556378955,0.13956759285358045,-0.025479848051582432,-0.11213307487369129,-0.04656429256727346,0.27827191246429006,0.06959325892572665,0.13956759285358045
E1 强势确认,文化传媒,2021-12-16,0.10612503121794203,-0.062834880300639,-0.05972657700929285,-0.0776920252434472,0.00044116315235442904,-0.06791270557376905,-0.11945488806794291,0.09942456398340993,-0.008248058822722726,-0.060995503654997396,0.03456253889558503,-0.008248058822722726,-0.062834880300639
E1 强势确认,消费电子,2021-12-17,0.04925282353315774,-0.22627357923332125,-0.14799583018893026,-0.20363568193769566,-0.06372752665210912,-0.11332162694107206,-0.19042080994039567,0.012329926125906221,0.009551480307739224,-0.042738770063952325,-0.22627357923332125,-0.2062549383615827,-0.22627357923332125
E1 强势确认,汽车零部件,2021-12-23,0.14535361680897152,-0.023949632130612075,-0.08289709806585988,0.037634688243370684,-0.08248750226594681,-0.13434764376220754,-0.023949632130612075,-0.017313258122231723,-0.016380264589936577,-0.03490344747595708,-0.03310231262520602,-0.11929072709189115,-0.023949632130612075
E1 强势确认,包装材料,2021-12-27,0.05631406196695021,-0.09995764678890229,-0.06229455703059339,-0.1753621344497237,-0.059691980867979,-0.13299705369282055,-0.17213989144985842,0.04444452993094106,-0.029503599099583333,-0.04671615391167683,-0.00855321610514237,-0.14761661354697653,-0.09995764678890229
E1 强势确认,中药,2022-01-11,0.24039981744775885,-0.008297958586209409,0.031897208740311545,-0.06878166069929514,-0.1041192431532425,-0.09457046550472714,-0.12431878989404244,-0.037293004527645945,-0.09097759869729294,-0.06896433308147343,-0.08018265721003837,-0.06896433308147343,-0.008297958586209409
E1 强势确认,房地产服务,2022-01-20,0.23002069046087326,-0.0836964940045648,0.1787660946829388,-0.10040363788023077,-0.07611011592505468,0.09986383593272152,-0.018879488582788984,0.0011000818790309896,-0.05766452427773128,-0.06570131925538525,0.1325301880897276,0.11471158968270845,-0.0836964940045648
E1 强势确认,装修建材,2022-01-25,0.03162748050388031,-0.03389696618352034,-0.012087529737098479,-0.08813354043929111,-0.07296291739052518,-0.13155684657833444,-0.16494507644233747,0.013461983988292126,0.013646436933102857,-0.07958422283399458,-0.08813354043929111,-0.006501685959715675,-0.03389696618352034
E1 强势确认,房地产开发,2022-01-27,0.1867564943655955,-0.069497681103736,0.10071867481577379,-0.10447315622498987,0.10283315560083217,-0.018729439558903715,-0.05820108747269559,0.006523152872556226,-0.030612364543102344,-0.03988621367660783,-0.025345319538841227,0.10411772948748466,-0.069497681103736
E1 强势确认,工程咨询服务,2022-02-07,0.101763763199614,-0.17688361938500674,0.101763763199614,-0.19078114858953077,-0.04588012047972956,-0.09408097670885551,-0.11913156610777509,-0.041514128404825046,-0.019422065239644293,-0.0331340078413751,-0.019422065239644293,-0.18762240848476242,-0.17688361938500674
E1 强势确认,水泥建材,2022-02-07,0.11571833495555328,-0.13783155603434383,0.07096084599487207,-0.15806139276700049,-0.012438564668509344,-0.0708972228743947,-0.0873712874236211,-0.06201732732486598,-0.01815524142356162,-0.0025269998773846947,0.0702972576989438,-0.13783155603434383,-0.13783155603434383
E1 强势确认,工程建设,2022-02-17,0.13042397098128733,-0.07148420080335238,0.05222822628477797,-0.1295805211912523,-0.0024989485666543354,-0.06332180275389754,-0.11420500380968523,-0.078177449410612,-0.078177449410612,-0.0024989485666543354,-0.03608859834053224,-0.07148420080335238,-0.07148420080335238
E1 强势确认,采掘行业,2022-02-24,0.12888456983864516,0.07582054471333444,0.0031011861439360633,-0.045581295108286124,-0.054342269050095204,-0.06659854189611714,0.07582054471333444,-0.006611824157938262,-0.06155937985666293,-0.07196962829575859,-0.05443591894272448,0.07523581118750244,0.07582054471333444
E1 强势确认,航运港口,2022-02-28,0.11407787412200321,0.05802110312865616,0.08096535483287215,0.018990162837853486,-0.02574091252277344,-0.0628977204332325,0.05802110312865616,-0.0007244379166050363,-0.0007244379166050363,0.003604571684529656,0.021532666584689775,0.08497422072601557,0.05802110312865616
E1 强势确认,石油行业,2022-03-03,0.3019050458998358,0.1959264582806448,0.06408266876241009,0.20772964791742599,0.041518079210586034,0.015997553072982562,0.1959264582806448,-0.018660302014165908,-0.04616738047907776,0.03671617990871501,-0.05089830734595413,0.2167145079702928,0.1959264582806448
E1 强势确认,贵金属,2022-03-07,0.15515314449622442,0.12131513030095409,-0.09129153338396401,-0.10603724741461762,-0.0948046527314349,-0.03648173183115966,-0.09077433429528181,-0.09113306198470872,-0.09380644068342092,-0.05746400542645269,0.05427460284277186,0.08612873819961919,0.12131513030095409
E1 强势确认,农药兽药,2022-03-15,0.07981563990372464,-0.10626973500311643,0.022836651213090864,-0.04285712434343447,-0.027687231105275933,-0.09415587975066497,-0.10626973500311643,0.005090492999638485,0.005090492999638485,-0.005680469179530023,-0.0034826366526355956,0.02413913493522868,-0.10626973500311643
E1 强势确认,医疗服务,2022-05-12,0.019808914893836516,-0.1701757551500287,-0.09862117061149578,-0.13354548774859654,-0.08930418392259498,-0.1393545420018405,-0.18110986496478632,-0.052340002391739526,-0.03467120664206813,-0.05741466171702203,0.0003976083612911019,-0.1701757551500287,-0.1701757551500287
E1 强势确认,汽车整车,2022-05-23,0.19119025216098096,-0.1477681146956431,0.07233445771161873,-0.07299708153122353,0.066834193813057,-0.006417693175309935,-0.052212167603701176,0.08644189761911414,0.04260192842082411,0.058972539176674,0.07597523030047926,0.12279875235762505,-0.1477681146956431
E1 强势确认,能源金属,2022-06-13,0.12206913534433772,-0.3710486586560334,-0.08967885499213923,-0.18887711543280128,-0.001376953929345781,-0.02408618301953891,-0.08967885499213923,0.025738990789718974,-0.03777884234636497,-0.02408618301953891,0.10681925470761677,0.0354479704247308,-0.3710486586560334
E1 强势确认,酿酒行业,2022-06-27,0.08873741552928172,-0.07673452993338692,-0.046827975908417474,0.01919617232824611,-0.06779943020507606,-0.14283377239144435,-0.16765255647937205,-0.005728223375978336,-0.053713580284614926,-0.03238742195213862,-0.07673452993338692,-0.15557867874486497,-0.07673452993338692
E1 强势确认,旅游酒店,2022-06-30,0.29046137205189426,-0.03792959780174188,0.02271821414557218,0.26371013987569225,-0.13155450654072365,-0.14522251386936946,0.01739135590186236,-0.05801392811173467,-0.10093322604243038,-0.05632911539080443,-0.05632911539080443,-0.02643713811127857,-0.03792959780174188
E1 强势确认,电机,2022-07-04,0.030730354060328535,-0.12548179345201793,-0.09485836267659442,-0.16498664286901044,-0.07901695946331899,-0.13853870475574026,-0.16437326741640423,-0.03691769292628089,-0.029365339115366318,-0.029365339115366318,-0.03377550585626121,-0.07901695946331899,-0.12548179345201793
E1 强势确认,光伏设备,2022-07-05,0.1205695077406772,-0.22146043065406473,0.05127416394726936,-0.07076362323556518,0.019027489984255963,-0.055835201647423394,-0.11755197081790769,0.02386866859913206,0.005597500612634088,0.005597500612634088,0.086791279945019,-0.007604882105491595,-0.22146043065406473
E1 强势确认,风电设备,2022-07-13,0.04056107964073119,-0.3188130879396175,-0.07794128805624223,-0.15663626966359578,-0.04429733162156768,-0.11731229581396996,-0.14814106898366386,-0.05023828824968479,-0.11731229581396996,-0.11731229581396996,-0.061876390323358565,-0.15683947108584972,-0.3188130879396175
E1 强势确认,电源设备,2022-07-22,0.3130713717618592,0.07347693025574831,0.3130713717618592,0.20187071405060575,0.18304752067066854,0.13280313221921514,0.07347693025574831,0.11305741507626665,0.1461302297571927,0.21248898141213912,0.2632363190009559,0.11305741507626665,0.07347693025574831
E1 强势确认,橡胶制品,2022-08-04,0.0,-0.11840001155335445,-0.09944720113065875,-0.09701085761842498,-0.10018767547666318,-0.167194430660343,-0.11840001155335445,-0.055650468509399365,-0.09199742171621372,-0.09199742171621372,-0.035610168913606244,-0.11840001155335445,-0.11840001155335445
E1 强势确认,专用设备,2022-08-12,0.03219522075665049,-0.07714341285149862,-0.049615835315575674,-0.03353478426099066,-0.07230468771269793,-0.07714341285149862,-0.07714341285149862,-0.01464332347891073,-0.04360434681660863,-0.05896903562834632,-0.016983601931832015,-0.07714341285149862,-0.07714341285149862
E1 强势确认,燃气,2022-08-29,0.057340861782683605,-0.03864800136841762,-0.009401988916567294,-0.10599726090161365,-0.05322700954945314,-0.10155924662777271,-0.16355235742478647,-0.0273380271734196,-0.0242096180459197,-0.05322700954945314,0.013832476111031111,-0.03864800136841762,-0.03864800136841762
E1 强势确认,船舶制造,2022-09-02,0.37024429069118003,0.1994665697703275,0.019722479292317407,0.07136743613008312,-0.044716445968223884,0.1994665697703275,0.1994665697703275,-0.016658923133991865,-0.02323952133961149,-0.012031483689861955,-0.007934042899748195,0.1994665697703275,0.1994665697703275
E1 强势确认,采掘行业,2022-09-14,0.12830991414928072,0.09599830502964246,-0.04257226521464885,0.0032041550164023658,-0.07974365119151461,0.09599830502964246,0.09599830502964246,-0.02832827535087068,-0.026451918596143043,-0.030944484145783324,0.01131348120015474,0.09599830502964246,0.09599830502964246
E1 强势确认,航空机场,2022-09-27,0.05678632585088095,-0.2135073892657653,0.02088865323803657,-0.0460387414638892,-0.1072441514186474,-0.12722638003663989,-0.16482312982296743,-0.06159059054431826,-0.12748881174289817,-0.10417774922056522,-0.03483956055137061,-0.2135073892657653,-0.2135073892657653
E1 强势确认,中药,2022-10-27,0.16475200226204945,-0.0012955572148994898,-0.06877853242450793,0.02593820360858734,-0.015412481793415367,-0.012223669442763208,-0.071494266799776,0.06193869838523591,0.00039532623805382805,0.00039532623805382805,-0.041326350344821794,0.1305971356835911,-0.0012955572148994898
E1 强势确认,软件开发,2022-10-31,0.23889231913839648,0.033242337514405085,-0.017392261788110264,0.07919445521066781,-0.10740501310327444,0.035879396354066895,0.033242337514405085,-0.06901327696568671,-0.10740501310327444,-0.10291617586207968,0.07240582656169003,0.15514936133448276,0.033242337514405085
E1 强势确认,医药商业,2022-11-03,0.19301611058178403,0.017532823469504466,-0.01983793983236881,0.07646843997434738,0.05448957908282259,0.004132109410942109,0.017532823469504466,0.14049708474349765,0.029250522597286555,0.03613576767142401,0.06687976746768243,0.017532823469504466,0.017532823469504466
E1 强势确认,贵金属,2022-11-11,0.25245948977655197,0.0829284898826741,-0.008535228755744195,0.06327662316061611,0.06327662316061611,0.003128490231706582,0.0829284898826741,-0.021602479117567963,-0.04288716399225534,-0.008535228755744195,0.1410830928798792,0.0829284898826741,0.0829284898826741
E1 强势确认,教育,2022-11-18,0.21964182475005,0.12804013539532333,0.06175566537060462,0.06053936647013303,0.064922724665462,0.041555194533331674,0.12804013539532333,0.05256763074164161,0.011339594390583851,0.05099941982930667,-0.005203458018259721,0.023600394507194755,0.12804013539532333
E1 强势确认,造纸印刷,2022-11-21,0.4344614402146052,0.31913144655385195,0.0767610374479375,0.055533627514792405,0.01807171900352511,0.31913144655385195,0.31913144655385195,-0.02034766779501429,0.06704818428710135,0.06704818428710135,0.019007084452285827,0.31913144655385195,0.31913144655385195
E1 强势确认,房地产开发,2022-11-29,0.0,-0.2284854570875089,-0.12804321603054414,-0.22208988195732215,-0.10749386974085451,-0.15309471649651907,-0.2104027096947687,-0.031979733686276046,-0.1303561550739991,-0.09889483191144532,-0.046853333161389066,-0.2284854570875089,-0.2284854570875089
E1 强势确认,化学制药,2022-12-16,0.0,-0.04469274956137659,-0.1170447524178676,-0.14679705018335032,-0.0973443648471225,-0.14945896829858796,-0.04469274956137659,-0.012864679638803,-0.0292611827871867,-0.06359943468419116,-0.04709724456252229,-0.00486095660024044,-0.04469274956137659
E1 强势确认,珠宝首饰,2023-01-10,0.054054640282964694,0.054054640282964694,-0.04981099627910679,-0.015586745464208351,-0.0741097577773776,0.054054640282964694,0.054054640282964694,-0.06625770224048988,-0.054947225561016944,-0.060398184465678906,-0.0466773586283834,0.054054640282964694,0.054054640282964694
E1 强势确认,装修建材,2023-01-11,0.024152156275640824,-0.16074919816097988,-0.10036251516208738,-0.16283823191613078,-0.07780921280489206,-0.14343161199261856,-0.19224497173697208,-0.06151500811132993,-0.04587089479169981,-0.06019824269831631,-0.03373548847882435,-0.16074919816097988,-0.16074919816097988
E1 强势确认,酿酒行业,2023-01-12,0.007518124225365241,-0.14313065427683203,-0.10277656748070241,-0.12862547094461763,-0.09673804785748874,-0.13525535478062167,-0.19143403162692396,-0.07509465796558434,-0.03893772418014374,-0.04772468785051687,-0.14313065427683203,-0.14313065427683203,-0.14313065427683203
E1 强势确认,游戏,2023-02-06,0.8004141889952421,0.3236351620253308,0.673021397666639,0.35956383373498424,0.4728405769011612,0.44083638307609174,0.4436620715711017,0.03507508508502921,0.49111138978328595,0.49111138978328595,0.005626125132714321,0.44083638307609174,0.3236351620253308
E1 强势确认,计算机设备,2023-02-28,0.26626018671827234,0.23043488147984936,0.12808706101921352,0.11811268478046522,0.13870408552940705,0.062006668000866405,0.23043488147984936,0.0070190112626060674,0.048612982410100036,0.12149927819834416,0.12067247985606921,0.23043488147984936,0.23043488147984936
E1 强势确认,通信服务,2023-03-09,0.1606649991467084,0.0928794760717293,0.07147994150324921,0.06459680381370214,-0.039723167033519635,0.0928794760717293,0.0928794760717293,0.0032931975653485157,-0.0008987352116933689,-0.03544398654419878,-0.039723167033519635,0.0928794760717293,0.0928794760717293
E1 强势确认,互联网服务,2023-03-31,0.028899476721144124,-0.15985472399406753,-0.07677385273338644,-0.07793312482196035,-0.07270709495616479,-0.12932628412906377,-0.15985472399406753,-0.03824016566576416,-0.05524279382380082,-0.08545955895991464,-0.08076639025247456,-0.03824016566576416,-0.15985472399406753
E1 强势确认,文化传媒,2023-04-13,0.17311956952454532,0.009499063788191542,0.00969538083220689,-0.05704895882656058,-0.010697961631969788,-0.044062424140534406,0.009499063788191542,-0.010697961631969788,-0.04192037809587368,-0.013889409307906275,-0.0405493011515391,0.0056781615313605815,0.009499063788191542
E1 强势确认,船舶制造,2023-04-27,0.27243817236050916,0.19097767465618865,0.10092695896618054,0.0063800762877710415,0.05470313532543436,0.010811041332262405,0.19097767465618865,0.04314709782788784,0.049828494316520144,0.049828494316520144,0.03476564932586568,0.19097767465618865,0.19097767465618865
E1 强势确认,工程咨询服务,2023-05-10,0.030626687252996554,-0.03559453812800395,-0.04048530707059805,-0.09499621333868069,-0.0901088565319983,-0.20366725201712255,-0.18384721617110533,-0.08902133721257888,-0.07437762182344909,-0.08106134135403964,-0.07437762182344909,-0.15244275939217888,-0.03559453812800395
E1 强势确认,电子化学品,2023-05-25,0.059487865433480946,0.022352999609502655,-0.12066213486895017,0.020293653126687294,-0.10376825866071138,-0.10850465223527661,-0.13629958557594846,-0.05193962207462255,-0.034951101685089414,-0.056990831158761135,-0.037405381604015964,-0.12096938899580323,0.022352999609502655
E1 强势确认,通信设备,2023-06-02,0.2019144813518705,0.2019144813518705,-0.030258820303567857,-0.049965106910349055,0.026834407349078493,-0.04660402333472591,-0.08267061170379908,0.04031500703310931,-0.010678209835850883,-0.010678209835850883,-0.0036780248392521697,-0.03855496157981897,0.2019144813518705
E1 强势确认,汽车零部件,2023-07-04,0.12693110565396237,0.0062072944286888365,0.018207935775286677,0.0523936055721026,0.0029963090738702736,-0.06906564746029276,0.0062072944286888365,-0.022222744532927163,-0.01636541216062437,0.048665275730018775,-0.014137689889864413,0.0062072944286888365,0.0062072944286888365
E1 强势确认,公用事业,2023-07-10,0.1793461941554768,0.07657206942896111,-0.028663285064644994,0.03386254615612572,-0.04363052236431808,-0.042374890124178166,-0.0708654017695346,-0.006641716312822732,-0.011561964867401464,-0.010022885223071265,-0.019753148123307196,0.07657206942896111,0.07657206942896111
E1 强势确认,汽车整车,2023-07-12,0.4621169235178759,0.4168270201487274,0.12050147004595768,0.08192797184292333,-0.03755503136488736,0.4168270201487274,0.4168270201487274,0.018206173318354724,-0.018980763136638323,-0.03462485008026239,0.1607197503001554,0.4168270201487274,0.4168270201487274
E1 强势确认,房地产服务,2023-07-26,0.11300580140755456,-0.07230050054876602,-0.08944680676831751,-0.0958400439710253,-0.04769913878552712,-0.09348292700265237,-0.19369229931176657,0.027554695603867918,-0.03761008169214064,-0.04241885565154824,0.006847235153817799,-0.19369229931176657,-0.07230050054876602
E1 强势确认,证券,2023-08-10,0.13834570306389926,0.03166699479489532,-0.03264576539013142,0.1290067629080891,-0.04925905257508989,-0.03934810774753861,0.03166699479489532,0.0461174698121638,-0.038361889939409255,-0.06745822981636884,-0.04925905257508989,0.03166699479489532,0.03166699479489532
E1 强势确认,房地产开发,2023-08-28,0.0,-0.21861424134954643,-0.16049345231214796,-0.19700378068270485,-0.10884336562249342,-0.15454048268027387,-0.19084716592615425,-0.07166084158126496,-0.07283020691454334,-0.10894916844816827,-0.2026587687626814,-0.21861424134954643,-0.21861424134954643
E1 强势确认,煤炭行业,2023-09-07,0.5230325666341427,0.30240567557341924,0.095174262662445,0.2617045194492529,0.007438272033758464,0.2617045194492529,0.22988553630236308,0.010490457041929746,-0.03007321934162055,-0.03007321934162055,0.0658559930020246,0.30240567557341924,0.30240567557341924
E1 强势确认,贵金属,2023-09-13,0.4776361444920325,0.2558243241488676,-0.10503919127832229,0.06348430817226092,-0.11459107690787707,0.2577885068879928,0.2558243241488676,-0.039285387243349845,-0.06457013242036813,-0.07975305909994856,0.0042436369525880036,0.2558243241488676,0.2558243241488676
E1 强势确认,采掘行业,2023-09-13,0.2267491894148499,0.026843712565231437,-0.0652407837535991,-0.032723401417793285,-0.057870963712668644,0.04101699458933927,0.026843712565231437,0.05055845076715859,0.025914334815928308,-0.057870963712668644,0.05055845076715859,0.14164142853314599,0.026843712565231437
E1 强势确认,医疗服务,2023-10-11,0.030042548029923122,-0.2618319085476942,-0.09530595849914292,-0.21020747092999503,-0.0687186238514722,-0.1398141554928165,-0.18906788470439218,-0.0054545061498956215,-0.014148098380965646,-0.048711015195031515,0.02092169557249246,-0.1295687085790056,-0.2618319085476942
E1 强势确认,化学制药,2023-11-02,0.019499477352880712,-0.14074674674236254,-0.048098111315530656,-0.017446413847576836,-0.06840071347686572,-0.13754441506906057,-0.14074674674236254,-0.009703429830152932,0.0021070416540371895,-0.010888752167912852,-0.025447638587905663,-0.14074674674236254,-0.14074674674236254
E1 强势确认,生物制品,2023-11-07,0.03154152604182214,-0.23223955838026578,-0.057871191486251417,-0.06574967138162091,-0.05867498739029664,-0.13777735007025893,-0.17253407603477422,0.002169109109012135,0.0010618637323231983,-0.025344010143260265,-0.23223955838026578,-0.16030395311496815,-0.23223955838026578
E1 强势确认,电机,2023-11-21,0.06229853978608091,-0.03167241731292081,-0.07893195166250833,-0.05056900446899548,-0.06981774874808955,-0.12717772635257762,-0.16173861727149608,0.01965061009766167,0.044149725062603284,-0.02682418633410677,-0.03167241731292081,-0.11936883539588294,-0.03167241731292081
E1 强势确认,光学光电子,2023-11-27,0.04476339382168226,-0.02328212961237197,-0.0830412369912471,-0.09091984227694438,-0.07769460771656356,-0.02328212961237197,-0.02328212961237197,-0.030575182580829696,-0.03760379152549287,-0.03219547410424639,-0.025615019686794138,-0.09388349584336786,-0.02328212961237197
E1 强势确认,教育,2023-12-12,0.0,-0.21707428337101586,-0.15114848308507844,-0.3005992707052877,-0.10395046368770378,-0.2056022279848273,-0.21877588130252812,-0.05409003696585757,-0.10542855168927268,-0.11161708601935283,-0.09414094553976171,-0.21877588130252812,-0.21707428337101586
E1 强势确认,家用轻工,2024-01-04,0.09313835780497604,0.0018763620404764758,-0.08049132757083277,-0.12860943713656425,-0.11314190656853174,-0.13669907843618245,-0.16146389061998467,0.0006614548074292959,0.036387740419416836,-0.08288879708272678,-0.11314190656853174,0.036387740419416836,0.0018763620404764758
E1 强势确认,石油行业,2024-01-26,0.18225734944594585,-0.17617151541776477,0.01228207647567503,0.0487348656024893,0.0030557524559582383,-0.04227995704602505,-0.08641192452055368,0.10512204838495198,0.057613244743871084,0.023441618775124518,0.03519644563000712,-0.17617151541776477,-0.17617151541776477
E1 强势确认,银行,2024-01-29,0.3011743163106786,0.017903944455601506,-0.001411213402004896,0.1448522855773564,0.035270917195906915,-0.046761338928525964,-0.09208122695048615,-0.0865695059943522,0.05482087452357587,-0.08976234716379128,0.0010972049329232014,0.017903944455601506,0.017903944455601506
E1 强势确认,通信设备,2024-03-04,0.14646296134300063,0.017521868883015657,0.0008926168103011722,0.015552168005650513,-0.011064586298092705,0.017521868883015657,0.017521868883015657,-0.011778130705199064,0.020658086039010204,-0.022553932832850232,-0.013836933449201672,0.05007553117526342,0.017521868883015657
E1 强势确认,工程机械,2024-03-14,0.25043595218235293,0.19635063614870218,0.11951442807819856,0.12702950197482377,0.05264917416503567,0.031159641295148477,0.19635063614870218,0.03828979117045961,0.12339523323664259,-0.019556701013780042,0.117397002221451,0.19635063614870218,0.19635063614870218
E1 强势确认,小金属,2024-04-09,0.0,-0.08888124306266676,-0.053777572500086634,-0.11579173302674906,-0.094383721782754,-0.14078256940166745,-0.08888124306266676,-0.016270850513116386,-0.08231890444123124,-0.08231890444123124,-0.08603786065240959,-0.08888124306266676,-0.08888124306266676
E1 强势确认,有色金属,2024-04-10,0.058810237629597584,-0.13464461923726767,0.021211290574514763,-0.07355322930871644,-0.05445749626653773,-0.11036297155044505,-0.16248494349025633,-0.029682567387220415,0.01964227804447849,-0.022496922246380557,-0.039913261198221583,-0.1440563394701636,-0.13464461923726767
E1 强势确认,采掘行业,2024-04-19,0.0,-0.22180631355147173,-0.11816502285103936,-0.19339480960019506,-0.10230780661519312,-0.1729400100842502,-0.20206041902022454,-0.07171737240603437,-0.07247869198356305,-0.07317624158758973,-0.07270360699293421,-0.021652718821615125,-0.22180631355147173
E1 强势确认,交运设备,2024-05-13,0.05596716060893847,-0.003372225394023931,0.0240510057567358,-0.019570381074221266,-0.003372225394023931,-0.003372225394023931,-0.003372225394023931,-0.028104303635716255,-0.03912587318196703,-0.03864887531388417,-0.021487169892865476,-0.02758631752170604,-0.003372225394023931
E1 强势确认,工程咨询服务,2024-05-16,0.04418940873112409,-0.05396520417779871,-0.02716235342472728,0.005393387123534765,-0.10639003170246464,-0.08709224105025626,-0.05396520417779871,-0.061802203261154154,-0.09580159498355634,-0.09619275992871701,-0.07960050816270192,-0.03490351306718731,-0.05396520417779871
E1 强势确认,房地产服务,2024-05-16,0.08997895657302468,-0.12281013372459382,-0.09940123194362394,0.011845384806241643,-0.07071418858729828,-0.1253205786249285,-0.16363260917522582,-0.09408392623781348,-0.14458836187967916,-0.17461556057361494,-0.14458836187967916,-0.02253262169238124,-0.12281013372459382
E1 强势确认,航运港口,2024-05-28,0.06277146435912995,-0.17696403680638728,-0.004366230235787194,-0.20476120839910905,-0.03640277902926692,-0.15270570485343116,-0.16123738652407626,-0.02889832208638965,-0.01690444707031058,-0.03924059404892555,-0.005093875555452043,-0.02889832208638965,-0.17696403680638728
E1 强势确认,公用事业,2024-05-30,0.01776601671476352,-0.21035749734156362,-0.008509790167407494,-0.16101232910630392,-0.11196675240279019,-0.13880810696474644,-0.18273695384012134,0.006903316609891963,-0.03493895420736359,-0.03247121515174589,-0.012302956845639756,-0.21035749734156362,-0.21035749734156362
E1 强势确认,电子化学品,2024-06-11,0.017062656323218572,-0.04669377141662279,-0.06711576809132758,-0.03737622198216439,-0.10007268922173695,-0.04669377141662279,-0.04669377141662279,-0.04419871260567554,-0.05401560722889687,-0.07785242240111734,-0.05401560722889687,-0.05355788056386124,-0.04669377141662279
E1 强势确认,电力行业,2024-06-12,0.05571156296443469,-0.2706419934416352,-0.05627023658736374,-0.2489321712691276,-0.05179194207950655,-0.15249745986991792,-0.19955787439702788,-0.04384745578534344,-0.012863425809238382,-0.029250111769472564,-0.04384745578534344,-0.2706419934416352,-0.2706419934416352
E1 强势确认,半导体,2024-07-09,0.15573846471609887,0.008706976804358835,0.02551194350394237,0.06554486552317895,-0.05435177878107278,0.008706976804358835,0.008706976804358835,0.0018836658043701604,-0.009750203491429854,-0.03075488218971656,-0.03265096558392011,0.03746630938870177,0.008706976804358835
E1 强势确认,消费电子,2024-07-09,0.005277288861031515,-0.12339033163727264,-0.08253820314168447,-0.07335464559163862,-0.12775378245085134,-0.17624700948426097,-0.12339033163727264,-0.057676620851614846,-0.07878225490934831,-0.12775378245085134,-0.12831255915942008,-0.030299253210512966,-0.12339033163727264
E1 强势确认,电子元件,2024-07-10,0.14135427984754823,0.10714051059059049,-0.07459512222046738,-0.050936318855877794,-0.1006537572065136,0.10714051059059049,0.10714051059059049,-0.03433186402526889,-0.03433186402526889,-0.06883759597810746,-0.06449300800137536,-0.08583942972483993,0.10714051059059049
E1 强势确认,铁路公路,2024-07-25,0.07328673103973404,-0.27672321833014724,-0.14661275011666453,-0.2162509724633831,-0.05218084004442858,-0.14425372223009925,-0.18497310465686612,0.004071288884165858,0.021018338505310874,-0.05218084004442858,-0.15863968059964184,-0.27672321833014724,-0.27672321833014724
E1 强势确认,船舶制造,2024-07-30,0.029812600509577347,-0.2050411201691994,-0.16802750502980746,-0.2181029527349161,-0.09821812137471198,-0.12294075341906952,-0.16802750502980746,-0.010979626726069114,0.006468505529069857,-0.02998038735800901,-0.06442522681455631,-0.2050411201691994,-0.2050411201691994
E1 强势确认,综合行业,2024-09-18,0.713257594129675,0.15329614558655424,0.32216257234061874,0.2787633189501795,0.49961025620305266,0.4810225003235129,0.3554364834924144,0.42035883807764396,0.2517273395306301,0.32216257234061874,0.0035264957615850356,0.42035883807764396,0.15329614558655424
E1 强势确认,多元金融,2024-09-25,0.06539125383128708,-0.1755043886967541,-0.11210073166849133,-0.16954607226760565,-0.06104623650302243,-0.10042503114563361,-0.16286878327985266,-0.023800398155988223,-0.09339687701167354,-0.06350953665396519,-0.0700295384676154,0.007243293653806493,-0.1755043886967541
E1 强势确认,证券,2024-09-26,0.004058620787900313,-0.21308743389828677,-0.08395387564679646,-0.17162433085139217,-0.10020011101719628,-0.14735907771093004,-0.1962517353558102,-0.08739860844553182,-0.11209601926590895,-0.10020011101719628,-0.10020011101719628,-0.00928697770435305,-0.21308743389828677
E1 强势确认,软件开发,2024-10-08,0.10175688982552167,-0.09502747044514381,-0.043528117605523886,-0.05153913041171476,-0.07414469629200637,-0.05829899198697208,-0.09502747044514381,-0.008468079198063805,-0.01987930302296559,-0.02186357466755595,-0.03446792153313771,-0.017139013441851647,-0.09502747044514381
E1 强势确认,教育,2024-10-17,0.1683285739825655,-0.25520723365979425,-0.03566481843766567,-0.023783313638651604,0.015381239622847653,-0.02023310934519873,-0.07076061908824394,0.018019407771943774,-0.012471865954138517,-0.019676361475414628,0.02657218272584405,-0.019676361475414628,-0.25520723365979425
E1 强势确认,互联网服务,2024-10-21,0.15404792806716872,-0.0300578002294688,0.020554021465034156,0.030516374405934465,0.03182125732436325,-0.030107377070208607,-0.0300578002294688,0.02419571643725238,-0.00618348587218287,-0.015732535753138155,0.0005327718748111554,-0.004960892560745944,-0.0300578002294688
E1 强势确认,商业百货,2024-12-13,0.012173026994057867,-0.2497730716715727,-0.17381342961776747,-0.17063221726343392,-0.10958760362631126,-0.16666336198338316,-0.1831203986642601,-0.08911519225743592,-0.10597292021581073,-0.16666336198338316,-0.16666336198338316,-0.08430943400033963,-0.2497730716715727
E1 强势确认,非金属材料,2024-12-23,0.13393846697616762,0.10760183019984892,-0.060164186886426996,-0.004137584341795342,-0.059200473550535926,0.10760183019984892,0.10760183019984892,0.005941655073685492,0.0362612192819427,-0.0498900879664228,0.0049219988015574145,-0.04454334151921113,0.10760183019984892
E1 强势确认,家用轻工,2025-01-02,0.049319468896499075,-0.18150026625969007,-0.07873661148567923,-0.04719947878679409,-0.08753348137540617,-0.12030628747639671,-0.1584343658042544,0.00581624379131962,0.00581624379131962,-0.008698196737393471,0.012624632615684694,-0.08753348137540617,-0.18150026625969007
E1 强势确认,电机,2025-01-08,0.48674669542231075,0.3070368213596586,0.12491813724780565,0.07854869625674676,0.09709811765577925,0.07254952266099113,0.3070368213596586,0.014755664691766812,0.09709811765577925,0.10877587387776266,0.09172497747212094,0.11107515866768125,0.3070368213596586
E1 强势确认,仪器仪表,2025-02-19,0.018162246594128018,-0.152961737009492,-0.01834743331894295,-0.05914232079511417,-0.08167750404188268,-0.13480457129618184,-0.152961737009492,-0.022937681536462584,-0.08167750404188268,-0.08167750404188268,-0.08484350945580477,-0.002915431669137436,-0.152961737009492
E1 强势确认,通用设备,2025-02-19,0.10212247767306426,0.07479250065325793,0.032823311498982655,0.029711700304737576,-0.02043126492446623,0.07479250065325793,0.07479250065325793,0.0642945612980208,-0.02043126492446623,-0.02043126492446623,-0.03051843511886776,0.020171854004941148,0.07479250065325793
E1 强势确认,电源设备,2025-02-21,0.169243043828319,0.169243043828319,-0.0970930587683958,0.0352659857727009,-0.06831415512185535,0.169243043828319,0.169243043828319,-0.021550694774921664,-0.06831415512185535,-0.05672007190219808,-0.07048558901659008,-0.06831415512185535,0.169243043828319
E1 强势确认,工程机械,2025-03-04,0.01259612202230187,-0.12229578922144813,-0.09162000583022234,-0.061773078958857086,-0.08961719949296154,-0.12229578922144813,-0.12229578922144813,-0.026906342634652303,-0.04642471387020852,-0.05322056197188019,-0.04157920656923453,-0.12229578922144813,-0.12229578922144813
E1 强势确认,贵金属,2025-03-24,0.9592450249869151,0.5253365373628387,0.08682240771747995,0.15282187198603658,0.09899454086469928,0.05307659204135717,-0.030312329383198167,0.0587947227979877,0.04227421325507219,0.09097045265230386,0.11969684496380228,0.12454688659653712,0.5253365373628387
E1 强势确认,珠宝首饰,2025-04-22,0.35078444550903853,-0.287777984198885,0.07177176150566611,-0.050455166435690924,0.23112938353815182,0.13580276351393605,0.07177176150566611,0.19075813276030518,0.04890440756499337,0.08573144405106214,-0.001512085999586521,-0.001512085999586521,-0.287777984198885
E1 强势确认,美容护理,2025-05-13,0.10450092881609918,-0.410528087321803,-0.07579960489084081,-0.20816252868483764,-0.009300893170285152,-0.06486087213104341,-0.11600835305813828,0.020117291295795203,-0.06390922312654401,-0.009302407986369943,-0.009302407986369943,-0.410528087321803,-0.410528087321803
E1 强势确认,农药兽药,2025-05-27,0.03623924095883657,-0.261140962127015,-0.08017772406189361,-0.11192862799602465,-0.08120202655301523,-0.10913509074465866,-0.1532679221075368,-0.005998590221503841,-0.1679862467585017,-0.0645472987555239,-0.050410126073419104,-0.261140962127015,-0.261140962127015
E1 强势确认,化学制药,2025-06-09,0.046988912973096264,-0.37903250172064473,-0.03864603540234823,-0.10971232416984766,-0.061857834605966056,-0.1295360061735935,-0.17168322829516536,-0.04281100673556815,-0.10813414653336839,-0.0339750040646416,-0.04281100673556815,-0.37903250172064473,-0.37903250172064473
E1 强势确认,采掘行业,2025-06-17,0.381639284523122,-0.2651366609750708,-0.14671749774616882,-0.13716445751154538,-0.06427158403847488,-0.12189120841382839,-0.17067880860871676,-0.0799424562266684,-0.13716445751154538,-0.08550036450256726,-0.07811878453355481,-0.06427158403847488,-0.2651366609750708
E1 强势确认,银行,2025-06-20,0.0,-0.3487272487720301,-0.22302453837709602,-0.1983979389113999,-0.09919548592345473,-0.16555641689923506,-0.20787006050754342,-0.06787361852757912,-0.16683954254142241,-0.06573676384510463,-0.04138781506963618,-0.3487272487720301,-0.3487272487720301
E1 强势确认,航天航空,2025-06-30,0.10412079076875735,-0.1338182177310403,-0.17868434518321308,-0.08272056717930776,-0.09442301164372979,-0.1608637805118308,-0.19933519508930986,-0.07199092335022961,-0.17423552950018617,-0.06973363549026568,-0.008992612574795444,-0.17423552950018617,-0.1338182177310403
E1 强势确认,通信设备,2025-06-30,1.132971566162372,0.9115832780382751,0.2585823695116267,0.43197557651242113,0.1934763595189002,0.9115832780382751,0.9115832780382751,0.1821306439231445,0.1767136145630992,0.2042318831190728,0.032103473969165686,0.20564206631648063,0.9115832780382751
E1 强势确认,游戏,2025-07-04,0.03128302809975514,-0.2642994539381385,-0.006459668094083493,-0.11892054764888327,-0.07423829643134394,-0.14741076747229998,-0.17825539434806859,-0.051925745940726964,-0.07849227650147339,-0.05289457538526898,-0.2642994539381385,-0.2642994539381385,-0.2642994539381385
E1 强势确认,电子元件,2025-07-04,1.0365624508616338,0.7402251639249233,0.20026872196896117,0.2332873191621252,0.8692328700915479,0.7402251639249233,0.7402251639249233,0.12771988413164825,0.16001151509013112,0.15147530236198747,0.010393894596556486,0.7402251639249233,0.7402251639249233
E1 强势确认,水泥建材,2025-07-22,0.009265833587624561,-0.3274675390394859,-0.13919771087199329,-0.2070226158848949,-0.09923129993492996,-0.1550273153687568,-0.19630135208286514,-0.13461000535169576,-0.1797477975913595,-0.10336909939647432,-0.08373215067181305,-0.3274675390394859,-0.3274675390394859
E1 强势确认,小金属,2025-07-23,0.5109220889283335,0.3004082513618682,0.07520533803346141,0.14825411210973582,0.012798039862482291,0.15140179122670738,0.3004082513618682,0.008359953357581329,0.03238759414652015,0.006544413405812133,0.012798039862482291,0.1961840065283993,0.3004082513618682
E1 强势确认,能源金属,2025-08-11,0.6256312965070869,0.18345581423570123,0.2677855648950789,0.2655499924490443,0.2986423540941545,0.27691275651599656,0.2838688343409461,0.2986423540941545,0.2385564311564088,0.2779065920820898,0.15365041869200424,0.2986423540941545,0.18345581423570123
E1 强势确认,医疗服务,2025-08-13,0.12181138448086548,0.06245297462631472,-0.10066633210895926,-0.11021743422666364,-0.11788390862487452,-0.14933152196030464,-0.20987459596298175,-0.08473973795486356,-0.10808332617899974,-0.06416249296131382,-0.03288910223208685,0.06245297462631472,0.06245297462631472
E1 强势确认,光伏设备,2025-09-05,0.13339800639870258,-0.3208294127909097,0.008487123208721803,0.0349326423647367,0.020728973199741763,-0.055458042524510476,-0.08714828482627546,-0.028210282505907736,0.020728973199741763,-0.006098861511422915,0.07078730535922362,0.020728973199741763,-0.3208294127909097
E2 拥挤确认,房地产开发,2015-01-05,0.03845630703177316,0.0033656647574238363,-0.0959418668574542,-0.08524444664828434,-0.10035644012779399,-0.1473354880524328,0.0033656647574238363,-0.033031508423665756,-0.08524444664828434,-0.06716165965945586,0.005902970125152951,-0.11751803605130506,0.0033656647574238363
E2 拥挤确认,多元金融,2015-02-04,0.05212448516138535,-0.1352895223621301,-0.060208272333297286,-0.12951275765145254,-0.05939865766022656,-0.1316234452457561,-0.19067229619483506,-0.010976946891250727,-0.08890102430920821,-0.014378282011629828,0.015501278239613558,-0.05663885278773162,-0.1352895223621301
E2 拥挤确认,软件开发,2015-02-10,0.3200747431591229,0.004079734837002302,0.232351177249293,0.028649050056611003,0.1438080291155932,0.0725996356472447,0.04058769507493998,0.17146437328483044,0.03204809946268816,0.17146437328483044,-0.009372676315559825,0.17146437328483044,0.004079734837002302
E2 拥挤确认,计算机设备,2015-02-11,0.25914115399486937,0.20527495585977418,0.1429619202259662,0.1927091455574197,0.08003900135874464,0.006952618861003845,0.20527495585977418,0.09788578623179234,0.04343876911805089,-0.043737104343888,0.1952657876488646,0.09788578623179234,0.20527495585977418
E2 拥挤确认,医疗服务,2015-03-04,0.4911853057955031,0.3395222178356112,0.23697569829675147,0.2419853453140035,0.13829400729131103,0.14556493858639352,0.3395222178356112,0.1522261451293241,0.12706660229056643,0.14768300733008433,0.16102967329641138,0.16103314740313412,0.3395222178356112
E2 拥挤确认,专业服务,2015-03-27,0.34151469644323895,0.05039522708814137,0.1895084866252803,-0.07609122890100128,0.14896667083813364,0.10453445906836167,0.031635320340239526,0.1566906575142426,0.06977372890979083,0.00383523477251968,-0.022340246420331944,0.15441402216593958,0.05039522708814137
E2 拥挤确认,风电设备,2015-03-30,0.13087368524286047,0.030872546749792562,-0.023185429888437303,-0.016517107715652624,-0.010531765479130706,0.030872546749792562,0.030872546749792562,-0.0208667725670314,-0.0005159957547593574,-0.025537498352810495,0.009027727029102595,0.03786772823800644,0.030872546749792562
E2 拥挤确认,电网设备,2015-04-01,0.0662318176509431,0.008895720891251457,-0.018248006075928802,-0.023259513620482508,-0.08399602996109468,0.008895720891251457,0.008895720891251457,-0.056709163993029055,-0.018248006075928802,-0.020743050962002352,-0.034789188522311054,-0.0215513802994608,0.008895720891251457
E2 拥挤确认,电源设备,2015-04-02,0.17852110115174535,0.10156122515160848,-0.005502504994707946,0.06739383565871981,0.03495096808153764,-0.013460484992095179,-0.06095110560606121,0.07869021652746877,-0.019698589254297016,-0.016208521566735357,0.11143047410795881,0.03304590957133069,0.10156122515160848
E2 拥挤确认,珠宝首饰,2015-04-30,0.3508348664017136,0.15810085542824792,0.16918251521770356,0.2836412181673391,0.17147049358573296,0.15810085542824792,0.15810085542824792,0.004954765464635136,0.092277812614741,0.11398478976100046,0.20755439597755077,0.0016434164755423364,0.15810085542824792
E2 拥挤确认,包装材料,2015-05-13,0.1765466442416126,0.04091053113461718,0.0767991574070459,0.13602712726519428,0.0018698569750443816,0.04091053113461718,0.04091053113461718,0.12489591435593361,0.07302837120399874,-0.0030511977750395936,0.09658086970023438,0.12489591435593361,0.04091053113461718
E2 拥挤确认,专用设备,2015-05-14,0.08228853301210814,-0.10743289532539169,0.024828029138272978,-0.029250837429516396,-0.05553749304470601,-0.11583159576107305,-0.10743289532539169,0.004198183583206783,-0.011099204041335353,-0.04306033102487361,0.05043318023581911,-0.011099204041335353,-0.10743289532539169
E2 拥挤确认,纺织服装,2015-05-18,0.19320703215899937,0.0937065549464493,0.19048158285462335,0.11366164278757762,-0.026078514527756114,-0.01892774776951711,0.0937065549464493,0.11107869884575083,0.05431874965234873,-0.01892774776951711,0.11118988172703581,0.11107869884575083,0.0937065549464493
E2 拥挤确认,塑料制品,2015-06-03,0.2022723815455536,0.19817412528561484,-0.08966021108882882,0.02925125605523915,-0.13276781187494258,-0.20321143443815826,-0.2020652676992143,-0.052919915639883075,-0.09434721774736055,-0.1727627683731009,-0.09727748381280099,-0.07854584804428777,0.19817412528561484
E2 拥挤确认,电子化学品,2015-06-04,0.5109916132555181,0.5109916132555181,-0.058462438746892165,0.41833096661148716,-0.10057115711981701,0.0029929179666938754,-0.09866342657118643,-0.10905615365399657,-0.03752899665925413,0.0029929179666938754,0.056235036825482476,-0.07844216763165524,0.5109916132555181
E2 拥挤确认,造纸印刷,2015-06-17,0.2247463161718266,0.14180847115519946,0.06875128679735099,0.1438700096748371,-0.1332370933471677,-0.19791046523761513,0.14180847115519946,-0.045130509536258856,-0.09527522671732946,-0.19791046523761513,0.12294057487267551,-0.045130509536258856,0.14180847115519946
E2 拥挤确认,石油行业,2015-07-06,0.0,-0.2781874436254641,-0.19234353175394503,-0.33437438553284393,-0.13571811172160997,-0.14582002061453558,-0.20592932593701618,-0.04039801326495296,-0.04039801326495296,-0.20697279473124486,-0.16504711472986422,-0.1771018569611108,-0.2781874436254641
E2 拥挤确认,电机,2015-07-20,0.2533436611720157,0.07047800455106734,0.04133502757203944,0.22371338274484343,-0.0018290338202503476,0.07343198116238603,0.07047800455106734,0.023667926767392267,0.04851854344076911,-0.011362203866612797,0.106044660820515,0.04851854344076911,0.07047800455106734
E2 拥挤确认,航天航空,2015-07-20,0.20398255665943177,-0.17057986076336507,-0.06319670543682698,-0.1554596924980447,0.08036074224498058,0.02920807424968741,-0.04314411526118889,0.011543369386487035,0.052306684418630844,-0.04314411526118889,0.09140626016142295,0.1371408446323159,-0.17057986076336507
E2 拥挤确认,旅游酒店,2015-07-27,0.16513453269072342,0.0026208866077763737,0.0438193494925887,0.12278298760521134,0.049830920834661896,-0.021079972027796323,0.0026208866077763737,-0.02602299392245655,0.032439200914719635,0.10441558366902659,-0.017475617261018872,-0.015317820530388881,0.0026208866077763737
E2 拥挤确认,电池,2015-08-06,0.7285486567425181,0.48780774778175906,0.11211590129305105,0.0979404541850597,-0.1333268857756431,0.04996430689137221,0.48780774778175906,-0.0969082802011324,-0.08102445170870598,-0.1053989590358797,0.14471133732263342,-0.0969082802011324,0.48780774778175906
E2 拥挤确认,商业百货,2015-08-17,0.0034818381352923478,-0.1684987658971654,-0.12975031486289845,-0.12541508029728954,-0.12134501942696063,-0.15062578326856224,-0.2014788899140132,-0.037808294835515066,-0.037808294835515066,-0.07893196697593141,-0.049317978802578266,-0.03505228414308592,-0.1684987658971654
E2 拥挤确认,玻璃玻纤,2015-08-27,0.09997985196164794,0.044073047092168194,-0.03550188751886918,0.07123284807491292,-0.10078851247036091,0.044073047092168194,0.044073047092168194,-0.031091180075381586,-0.031091180075381586,-0.10199670409904515,-0.06264263044660712,-0.056843615850410645,0.044073047092168194
E2 拥挤确认,装修建材,2015-09-24,0.1665337004500156,0.14052746832876073,-0.015209888170852781,-0.004330844388619526,0.14052746832876073,0.14052746832876073,0.14052746832876073,-0.00363905032161449,0.005571812578700985,-0.035303085749365026,-0.035303085749365026,-0.030428282862310363,0.14052746832876073
E2 拥挤确认,非金属材料,2015-10-14,0.1402520382588186,0.07473806132299066,0.0074477768666325606,0.020422010425993564,0.0074477768666325606,-0.044908592193163455,0.07473806132299066,0.09289278199513507,0.03589788683387307,0.024582277122358054,0.12166979063321404,0.03589788683387307,0.07473806132299066
E2 拥挤确认,家用轻工,2015-10-29,0.07115377755564123,-0.009398017584363094,-0.02234565782734843,0.06281144052181875,-0.009398017584363094,-0.009398017584363094,-0.009398017584363094,0.014052471580532577,0.021784154212290963,-0.001043968605240253,-0.009131582619609113,0.021784154212290963,-0.009398017584363094
E2 拥挤确认,医疗器械,2015-11-02,0.05580368661071389,-0.10072362876242458,-0.06183575319724466,-0.0948171236331421,-0.05703330504615123,-0.10576409369883422,-0.10072362876242458,0.014385615228417192,-0.05703330504615123,-0.021516530625344976,-0.008720032606300498,-0.05703330504615123,-0.10072362876242458
E2 拥挤确认,互联网服务,2015-11-03,0.08697052731221544,-0.13986194364048044,-0.02031838946248332,-0.06712747972356459,0.0005014621710375256,-0.11711113744839452,-0.1306900548445512,0.03715138681354402,0.017589593591007535,0.0066370193964886415,0.03715138681354402,0.017589593591007535,-0.13986194364048044
E2 拥挤确认,美容护理,2015-11-03,0.4470931886872742,0.4209983519120879,0.27059873921663224,0.22371162380505338,0.4209983519120879,0.4209983519120879,0.4209983519120879,0.0008275559878734295,0.18556287993499465,0.2104403828329009,0.15915785730601884,0.0008275559878734295,0.4209983519120879
E2 拥挤确认,能源金属,2015-11-03,0.6102554817269505,0.2500505673277911,0.05474054175156229,0.3189040795547633,0.10657846587939201,0.08695636698375053,0.2568181819805868,0.14843185191097152,0.0963354392437541,0.10375444623896435,0.3803047061296989,0.10657846587939201,0.2500505673277911
E2 拥挤确认,软件开发,2015-11-19,0.0207377799675732,-0.1207515683652336,-0.06908207919667342,-0.1017061037484186,-0.10695569673100713,-0.14938055526001748,-0.1207515683652336,-0.022288802246763106,-0.07301069335618315,-0.07406372833969677,-0.025772693194736407,-0.07301069335618315,-0.1207515683652336
E2 拥挤确认,仪器仪表,2015-11-20,0.15074423550934313,-0.016872956401173034,-0.014066536605617519,-0.08066779997200213,-0.03465619735177328,-0.10997743140591332,-0.016872956401173034,-0.012533931748456628,0.006936229597638066,-0.04992814265152257,-0.007363573649474375,0.017815715532387477,-0.016872956401173034
E2 拥挤确认,半导体,2015-11-25,0.11420871939645272,-0.10069833490209357,-0.02032019855753131,-0.07953956263951456,-0.08338924053070751,-0.05373603147961736,-0.10069833490209357,-0.020422779478704856,-0.08123268776252346,-0.09843177437428585,0.042837983689000936,-0.011170540980703692,-0.10069833490209357
E2 拥挤确认,综合行业,2015-12-01,0.09281590613080515,0.009765310494111112,-0.06803030611801741,-0.05081095903628907,-0.047869178761695164,0.009765310494111112,0.009765310494111112,0.013112247164849045,-0.023200200064190435,-0.05581104262965619,0.022671326961368976,0.017160243390618835,0.009765310494111112
E2 拥挤确认,房地产服务,2015-12-02,0.0226495916092051,-0.08421940851153209,0.014822037880707573,-0.14245141854698917,-0.08568236218789138,-0.129427843835504,-0.08421940851153209,-0.02305645712259885,-0.05612327992597721,-0.06033545189302891,-0.061706166740668755,-0.05612327992597721,-0.08421940851153209
E2 拥挤确认,化学制品,2015-12-07,0.1272475074666375,0.07230845429407418,0.0007931593508698764,0.09533304585694213,0.07230845429407418,0.07230845429407418,0.07230845429407418,0.010987429203758836,-0.010256429299293046,-0.03775632300223075,-0.015065213253973031,0.010987429203758836,0.07230845429407418
E2 拥挤确认,化肥行业,2015-12-07,0.007579725320649988,-0.10537464556158638,-0.06321779496370228,-0.11886112826603423,-0.1045695215628103,-0.14044754807207616,-0.10537464556158638,-0.0031073106287970997,-0.03608040847985383,-0.04790895848208987,-0.01182285821411344,-0.03608040847985383,-0.10537464556158638
E2 拥挤确认,燃气,2015-12-07,0.022117444223210825,-0.022189067967416598,-0.03127065409813534,-0.019678963324022525,-0.022189067967416598,-0.022189067967416598,-0.022189067967416598,-0.015982541733803424,-0.0007407963701340226,-0.03115401767991932,0.01641953406255192,-0.0007407963701340226,-0.022189067967416598
E2 拥挤确认,消费电子,2015-12-11,0.1872891018554923,0.058713752189454516,-0.01680270118554228,0.13554062511609333,0.05886619133342785,0.058713752189454516,0.058713752189454516,-0.006276101943119672,-0.015693347216247155,-0.06162008588204915,0.15028055285149855,-0.006276101943119672,0.058713752189454516
E2 拥挤确认,风电设备,2015-12-15,0.0800394135043423,-0.0062519704207474325,-0.017741601725564715,-0.053972637445448335,-0.013257037613294553,-0.0062519704207474325,-0.0062519704207474325,0.05983070704675564,0.047634700800775365,0.0033803093509063853,0.047634700800775365,0.0033803093509063853,-0.0062519704207474325
E2 拥挤确认,电子元件,2015-12-30,0.10294673510121521,-0.009401760505086898,-0.00440739975095672,0.08524224163743122,-0.012936294792601943,-0.009401760505086898,-0.009401760505086898,-0.0146194333654458,-0.0146194333654458,-0.05238288668843305,-0.06022498851754998,-0.0146194333654458,-0.009401760505086898
E2 拥挤确认,通信设备,2015-12-30,0.10091300653870716,0.030892008220175793,-0.04171802689220905,0.05127694180578879,0.030892008220175793,0.030892008220175793,0.030892008220175793,-0.0011210680146220842,-0.0011210680146220842,-0.08377593302251063,0.05127694180578879,-0.0011210680146220842,0.030892008220175793
E2 拥挤确认,贵金属,2016-02-05,0.4253802226167822,0.14630379912378855,0.09523096735493075,0.3558195468162293,0.017014339726449057,-0.03822548782450075,0.13597556131899968,-0.022128834107406625,0.07847784846897721,0.02487179110433546,-0.05849253928891729,0.13243346450788462,0.14630379912378855
E2 拥挤确认,光学光电子,2016-02-17,0.07680834942316861,-0.006265445803443126,-0.02499415171783459,0.028834833441156116,-0.006265445803443126,-0.006265445803443126,-0.006265445803443126,-0.014221692659963647,0.002427736316042761,-0.040832201564408366,0.018224756960418143,0.012788958213730162,-0.006265445803443126
E2 拥挤确认,有色金属,2016-03-02,0.12595429386264123,0.061263935904730005,-0.11519837253189247,-0.04525967736530356,-0.08201656176657912,0.061263935904730005,0.061263935904730005,-0.03736753458444997,0.024998365397714162,-0.0852415646368131,-0.059198547300376325,-0.02790653685482869,0.061263935904730005
E2 拥挤确认,钢铁行业,2016-03-07,0.13907072973588863,0.07861696293495801,-0.13685995752924673,-0.11070003003263829,-0.10219824550847123,-0.15505267073214013,0.07861696293495801,-0.04746011681823559,-0.03625797722762947,-0.08198458180294932,-0.04746011681823559,-0.0406497086000307,0.07861696293495801
E2 拥挤确认,游戏,2016-04-14,0.0,-0.1294223146019574,-0.06310487232325923,-0.11977582494021599,-0.0980785732747328,-0.15946643691093065,-0.1294223146019574,-0.04019301321094859,-0.04993214013133074,-0.030320639764386703,-0.11394859262546242,-0.04019301321094859,-0.1294223146019574
E2 拥挤确认,装修装饰,2016-04-19,0.1497142471938122,-0.037592000520331514,-0.020013372842881738,0.09673038827137193,0.029102369750277246,-0.03382850908496482,-0.037592000520331514,0.012502059120798048,-0.03477624299014792,-0.03477624299014792,-0.008793604937570865,-0.03477624299014792,-0.037592000520331514
E2 拥挤确认,小金属,2016-04-21,0.15560049621693528,-0.03914679821815603,0.09360662902780326,-0.025029358273578994,0.03059190511129506,-0.02310103977635225,-0.0722894671451706,-0.014816260672969483,-0.04943624915337674,-0.01616131108228902,0.07562736581436602,-0.04943624915337674,-0.03914679821815603
E2 拥挤确认,贸易行业,2016-04-21,0.08809376180710138,0.026637062949151025,0.009295185370526982,0.061781494076468046,0.026637062949151025,0.026637062949151025,0.026637062949151025,-0.0064698507410160255,-0.0031351082783337425,0.006962525377203876,-0.010402396577282591,0.026637062949151025,0.026637062949151025
E2 拥挤确认,汽车服务,2016-04-22,0.06466473497351366,-0.031065454659128466,-0.04326615283923707,0.004132911224356883,-0.031065454659128466,-0.031065454659128466,-0.031065454659128466,-0.024875955313501064,-0.025286452427482176,-0.025608539955517373,0.0075888110315924795,-0.024875955313501064,-0.031065454659128466
E2 拥挤确认,化学原料,2016-04-27,0.12310400750206862,0.10267246524215046,-0.04501666708639507,0.03795033197192099,0.10267246524215046,0.10267246524215046,0.10267246524215046,-0.009657096014136335,-0.03502905379463628,-0.04242249868981851,-0.03502905379463628,0.10267246524215046,0.10267246524215046
E2 拥挤确认,酿酒行业,2016-05-10,0.1563912749428844,0.14340847388830302,-0.02075886408293559,-0.04305998038975822,0.14340847388830302,0.14340847388830302,0.14340847388830302,-0.04323088475202996,-0.05752099657556664,-0.03973165992427952,-0.025867773284387274,0.14340847388830302,0.14340847388830302
E2 拥挤确认,食品饮料,2016-05-11,0.03193468052993631,-0.03657440306886839,-0.040366610742169184,0.003077566250345276,-0.03657440306886839,-0.03657440306886839,-0.03657440306886839,-0.00978124329650254,-0.026760575929040686,-0.06467526516847377,-0.021946444825505673,-0.03657440306886839,-0.03657440306886839
E2 拥挤确认,半导体,2016-06-02,0.10964598089781186,-0.16825163231207707,-0.05081980569916689,-0.09088275158706594,-0.021239456387248445,-0.05761102811524177,-0.11776750963939087,-0.013319910502927579,-0.004869993984131238,-0.03822322476798401,0.03856751179877893,-0.004869993984131238,-0.16825163231207707
E2 拥挤确认,光伏设备,2016-06-07,0.028456378831434037,-0.1841543257031577,-0.043725534898917284,-0.09539494486846967,-0.08273292604104032,-0.12656267807583876,-0.15413620972951492,-0.017134476202227078,0.0031757245416537128,-0.016550597080134177,0.016626086031942267,-0.017134476202227078,-0.1841543257031577
E2 拥挤确认,通用设备,2016-06-07,0.007451844113553374,-0.09197211209010614,-0.05353255141250779,-0.019673152395789706,-0.10372462149614381,-0.09197211209010614,-0.09197211209010614,-0.03420907690994879,0.00033301901123539146,-0.016956668124154195,-0.002651343224498115,-0.03420907690994879,-0.09197211209010614
E2 拥挤确认,汽车整车,2016-06-16,0.07870492337222146,0.05938908674465071,-0.023891940081629426,-0.013418994896762237,0.05938908674465071,0.05938908674465071,0.05938908674465071,-0.042305282162895086,-0.04714823841874871,-0.03232880595012089,-0.029750416615623387,0.05938908674465071,0.05938908674465071
E2 拥挤确认,通信设备,2016-07-11,0.039971745853604634,-0.07021984287701122,0.03675667557862794,-0.025765412384791353,-0.06946265635968452,-0.07021984287701122,-0.07021984287701122,0.009370548577242399,0.011774042003307672,0.007413275461153335,-0.0009726824425421166,-0.07021984287701122,-0.07021984287701122
E2 拥挤确认,非金属材料,2016-07-25,0.392938840075999,0.3424995074073873,-0.024873812024703734,-0.10015026761909607,-0.08780829967785986,-0.12842212195565605,0.3424995074073873,-0.03710168488810406,0.0003606952845562894,-0.019272344535677277,-0.03670864303033583,0.3424995074073873,0.3424995074073873
E2 拥挤确认,多元金融,2016-08-03,0.2074396129706908,0.1127595500012506,0.03705325182127672,0.11162919446449338,0.1127595500012506,0.1127595500012506,0.1127595500012506,-0.007557044399953972,0.06878264023614045,0.08136076559812166,-0.021232022781486837,0.1127595500012506,0.1127595500012506
E2 拥挤确认,装修建材,2016-08-03,0.07911645513265264,-0.004121081327516651,0.059111277505227156,0.02077408969899519,-0.004121081327516651,-0.004121081327516651,-0.004121081327516651,0.00386837630392467,0.06804465476931898,0.04634796704823696,0.0370906130905313,-0.004121081327516651,-0.004121081327516651
E2 拥挤确认,煤炭行业,2016-08-08,0.4802524355761688,0.35851946372188226,0.06111883252150219,0.09351999101081154,0.35851946372188226,0.35851946372188226,0.35851946372188226,0.00021747728153176382,0.053725060826313564,0.02608043108314706,0.0060629251091592895,0.053725060826313564,0.35851946372188226
E2 拥挤确认,工程咨询服务,2016-08-16,0.056011039761899584,-0.07063470125699678,0.03440521645164063,-0.025820375422417774,-0.05770306264758418,-0.09943731602113459,-0.07063470125699678,-0.0329366538480339,-0.037601217770036444,-0.04180446264574411,-0.003178147340503923,-0.10918743040861201,-0.07063470125699678
E2 拥挤确认,风电设备,2016-08-18,0.0,-0.1494789172024127,-0.0466816633588083,-0.014460189530793865,-0.10463896068685419,-0.15422242065322433,-0.1494789172024127,-0.04680217064386494,-0.05137320669313883,-0.05738900908789457,-0.04236641192660129,-0.1494789172024127,-0.1494789172024127
E2 拥挤确认,环保行业,2016-09-06,0.17895613732081728,0.06129861419984173,-0.07008672447826991,-0.027643139175303033,0.03138548605070701,0.06129861419984173,0.06129861419984173,-0.023972978033841574,-0.06798972574381668,-0.04776755520034193,-0.018364538624715876,0.06129861419984173,0.06129861419984173
E2 拥挤确认,公用事业,2016-09-07,0.1553384592083067,-0.0255598888922437,-0.06763884255928465,-0.05583998638443832,0.023864755197070764,-0.016348145918110513,-0.0255598888922437,-0.034914693530216145,-0.06856216650538005,-0.05769338619320574,-0.030852122313365093,-0.07768025390050837,-0.0255598888922437
E2 拥挤确认,水泥建材,2016-09-13,0.43136167864127817,0.291496006596649,0.09892934076565463,0.22644248595674665,0.2560090553832741,0.291496006596649,0.291496006596649,0.03302435488117217,0.08630094332129179,0.2636043863084572,0.0015499967911833945,0.291496006596649,0.291496006596649
E2 拥挤确认,专业服务,2016-09-30,0.0,-0.16017169282152277,-0.08528626710383325,-0.08737024099294421,-0.10922316618515371,-0.16133369756962002,-0.16017169282152277,-0.05002572562422425,-0.08744285988469458,-0.07103530895019727,-0.05273126350575719,-0.09367082840847607,-0.16017169282152277
E2 拥挤确认,美容护理,2016-10-27,0.2614497722012352,0.06265933440505655,0.09663010629237312,0.2160604891697524,0.12146196593169556,0.055524828116963354,0.005638167636010438,0.018769148547647774,0.059503528683831686,0.15709506121586836,0.06934070741668319,0.06265933440505655,0.06265933440505655
E2 拥挤确认,工程建设,2016-11-28,0.11702020710200878,0.02755210156620791,-0.00841326506726714,0.0997372777947747,-0.0034677360532486823,0.02755210156620791,0.02755210156620791,-0.045797994276315146,-0.05169033676958845,-0.021008181934471626,-0.038184491759993056,0.02755210156620791,0.02755210156620791
E2 拥挤确认,交运设备,2016-11-29,0.09602811267023115,0.013295755873389492,0.04800043094316919,0.05067428467853996,-0.016893761438541932,0.013295755873389492,0.013295755873389492,-0.023356915810005874,0.04362299083618426,0.025350926840084442,-0.023356915810005874,0.013295755873389492,0.013295755873389492
E2 拥挤确认,钢铁行业,2016-12-07,0.47675268338185295,0.33546276075243076,0.07539405605357707,0.16370049922845364,0.31191241149046345,0.25519552068524476,0.33546276075243076,0.024560861449490767,0.060589449373935844,0.05748080428093494,0.06458754526291988,0.33546276075243076,0.33546276075243076
E2 拥挤确认,船舶制造,2016-12-13,0.18025264047475575,-0.12148530276434533,0.008298772861027537,-0.03334372009335218,0.046112661020151435,0.011048196590256243,-0.061880927863207535,-0.01055215447900515,-0.01463651347044892,0.015312379986373248,-0.03921376128942311,-0.12148530276434533,-0.12148530276434533
E2 拥挤确认,石油行业,2016-12-14,0.044085359057246976,-0.026053026174488014,-0.04160568378368601,-0.03214895976780363,-0.06618304879121839,-0.026053026174488014,-0.026053026174488014,-0.0060805741811837954,0.032311656245222364,-0.0036663587457465008,0.0010670988661156677,-0.026053026174488014,-0.026053026174488014
E2 拥挤确认,商业百货,2016-12-15,0.023145310696653487,-0.04792240185446173,-0.037779367747141634,-0.051510637518614066,-0.0806207957420858,-0.04792240185446173,-0.04792240185446173,0.005840206337929477,-0.0026988764449865643,-0.02325919747183547,-0.0017528110282601927,-0.04792240185446173,-0.04792240185446173
E2 拥挤确认,化纤行业,2016-12-19,0.22008146578824306,0.21002595941623925,0.020440271048976166,-0.006344077101807732,0.21002595941623925,0.21002595941623925,0.21002595941623925,0.04947820145226167,0.06552189069275793,0.025906814850931825,0.04257312192657192,0.21002595941623925,0.21002595941623925
E2 拥挤确认,酿酒行业,2017-01-18,0.7123934956705094,0.6548871592478422,0.09158957047209415,0.17206951943947746,0.13444638735296,0.6548871592478422,0.6548871592478422,-0.013877360128337735,-0.013877360128337735,0.006610924354748082,-0.008604860256395841,0.6548871592478422,0.6548871592478422
E2 拥挤确认,玻璃玻纤,2017-02-10,0.2363198340046575,0.20821724553996335,-0.032134581732047196,0.013943670725175217,0.20821724553996335,0.20821724553996335,0.20821724553996335,-0.02976538399467965,-0.009010345470705672,-0.03284412950632132,-0.017571281563070307,0.20031929675188787,0.20821724553996335
E2 拥挤确认,能源金属,2017-02-23,1.435358854037454,1.435358854037454,0.26801401551107307,0.6278032244019021,0.8788858876482646,1.435358854037454,1.435358854037454,0.08669557458624078,0.1971682607903913,0.8788858876482646,0.07257932968014336,0.887886313288133,1.435358854037454
E2 拥挤确认,造纸印刷,2017-02-23,0.12108821754515775,0.07708045852058176,0.010195915610800688,0.05871970217096956,-0.0004126413240164162,0.07708045852058176,0.07708045852058176,-0.02290119747393493,-0.021934113112548892,-0.02290119747393493,-0.012114507013893161,0.07708045852058176,0.07708045852058176
E2 拥挤确认,航空机场,2017-02-24,0.7607844674207387,0.5568108404446614,0.1981255989117905,0.16434558069721805,0.15784617212250707,0.5568108404446614,0.5568108404446614,0.09748895081896847,0.07876270712911237,0.15784617212250707,0.4919527438637077,0.5568108404446614,0.5568108404446614
E2 拥挤确认,工程机械,2017-03-02,0.05727468723806539,-0.000274648080343054,-0.011125040882453474,-0.005723134524678319,-0.06726540628816768,-0.000274648080343054,-0.000274648080343054,0.03159617752588573,0.012318233363487474,-0.005305296672066251,0.016067659856626504,-0.000274648080343054,-0.000274648080343054
E2 拥挤确认,航运港口,2017-03-29,0.027261848841299896,-0.1452423617676658,-0.021934503547398898,-0.10436700215326067,-0.0816289673062579,-0.13128207988303442,-0.1452423617676658,-0.011807512782922025,-0.015743119945488493,-0.018040893607248365,-0.02857209392622173,-0.1452423617676658,-0.1452423617676658
E2 拥挤确认,公用事业,2017-04-07,0.09275472638530458,-0.13064408300385655,-0.0009364926419686004,-0.08923172336843777,-0.031597155358603746,-0.06963175673887023,-0.13651205657565402,0.018202062219146997,0.01748653481942619,0.021154619990901846,0.044660738686506996,-0.15679854217535105,-0.13064408300385655
E2 拥挤确认,环保行业,2017-04-07,0.07711454945264484,-0.1282756403448887,0.005076093235398149,-0.0426747324222011,-0.05770852879728383,-0.08605863209392961,-0.14738776891094763,0.018890990682160824,0.05227215113937378,0.01985879437409732,-0.012770753040569405,-0.14738776891094763,-0.1282756403448887
E2 拥挤确认,房地产服务,2017-04-10,0.1071835495624589,-0.07932998445783057,-0.07462330478689505,-0.055922418910796856,-0.05888640254011113,-0.07218515474668863,-0.07932998445783057,-0.027881325944479007,-0.025265406277584668,-0.07942161973993778,-0.07942161973993778,0.05576443734661218,-0.07932998445783057
E2 拥挤确认,家电行业,2017-04-18,0.4050337351834068,0.2575302536319417,0.1694593458467495,0.11924479801285615,0.04882948080686034,0.2575302536319417,0.2575302536319417,0.009463530328006842,0.021574948657596682,0.09694081776831731,0.04318930751954797,0.2575302536319417,0.2575302536319417
E2 拥挤确认,非金属材料,2017-06-26,0.5120399334919654,0.4488588389953361,0.40392828678569415,0.2573070888527842,0.26249127500261893,0.2086977408458459,0.4488588389953361,0.3456125625484201,0.2556790852627222,0.2536826153191205,0.3236646142211659,0.2536826153191205,0.4488588389953361
E2 拥挤确认,电池,2017-07-06,0.09122765108733888,-0.10329153567050509,0.053341041344695084,-0.08240901561823855,-0.04235425844861174,-0.0835610722763126,-0.14599385985579394,-0.0018257298325966564,0.01633245248698545,-0.005090664002471268,-0.014828847198527617,-0.10329153567050509,-0.10329153567050509
E2 拥挤确认,小金属,2017-07-07,0.1953824781279958,-0.024147261575167778,0.07909432908350533,0.03319142238608053,0.07869211390731867,0.031957150349004815,-0.04959072464226122,0.05676911626388503,0.014677791118971717,0.07909432908350533,0.031957150349004815,-0.0018238943085190362,-0.024147261575167778
E2 拥挤确认,煤炭行业,2017-07-18,0.18512887254300114,-0.050098001714080964,-0.08285127266541115,-0.0009593825673750445,-0.06017226192435121,-0.1103161101626784,-0.06526385023378323,-0.03873751587006735,-0.0727271936303957,-0.06086122683123096,-0.008658265810655763,-0.09908836585328962,-0.050098001714080964
E2 拥挤确认,化学原料,2017-07-24,0.05636821194174502,-0.0722582704008502,-0.07032622759303064,-0.05014278076931589,-0.055172641831723435,-0.097407851255226,-0.0722582704008502,0.0084595529184055,-0.03569199827121017,-0.028678234205281483,-0.01478696515346889,-0.0722582704008502,-0.0722582704008502
E2 拥挤确认,化纤行业,2017-08-04,0.288795044659343,0.2809952723412148,-0.06935709926229705,0.14768215149808772,0.08558874724336474,0.2809952723412148,0.2809952723412148,-0.04295688555538857,-0.06001770067175527,-0.07138090545233056,-0.04295688555538857,0.2809952723412148,0.2809952723412148
E2 拥挤确认,贵金属,2017-08-11,0.0914212267044816,-0.06114200701955019,-0.17139331336319463,0.0914212267044816,-0.10426711821531487,-0.14972242866963148,-0.06114200701955019,-0.05872347347629503,-0.09543177480001419,-0.07810332387163232,-0.050015618768770254,-0.030958255670959,-0.06114200701955019
E2 拥挤确认,工程咨询服务,2017-09-08,0.06242996641298948,-0.10512575953292658,-0.07860755489410898,-0.03787852766578437,-0.0582561164022557,-0.09772523267506539,-0.10512575953292658,-0.022193835031991682,-0.02941113063575662,-0.041466827818353647,-0.041466827818353647,-0.09772523267506539,-0.10512575953292658
E2 拥挤确认,半导体,2017-09-20,0.43099476640524537,0.18213703864833497,0.28617246516201056,0.16117628795290395,0.1143803334548128,0.1030726656943246,0.02433042544058872,-0.0243160184917528,0.1030726656943246,0.1030726656943246,0.11851560859685173,0.13583244823986873,0.18213703864833497
E2 拥挤确认,电机,2017-09-20,0.022634575155479286,-0.1475646267145163,-0.07655173741318133,-0.11244065373484657,-0.08380277424018023,-0.13259668717381468,-0.1475646267145163,0.01589140836203895,-0.005852826903685826,-0.056371676527184444,0.002250474402566427,-0.17483417623451858,-0.1475646267145163
E2 拥挤确认,化肥行业,2017-09-26,0.002923395633734893,-0.12906102518192364,-0.06953630193979266,-0.12230531795298938,-0.1175810731422644,-0.14651106536181013,-0.2193241095615135,-0.03615982274295726,-0.06514469757549823,-0.06782908329663606,-0.03154016505162449,-0.12668300899031337,-0.12906102518192364
E2 拥挤确认,光学光电子,2017-10-17,0.0739324310866476,-0.1924369339434473,-0.02732312384950697,-0.056459460271110595,-0.0461757034706094,-0.0843092680090074,-0.1643872747284596,0.07044844058661748,-0.009469536251301647,0.004188758230278866,-0.03540562725254759,-0.009469536251301647,-0.1924369339434473
E2 拥挤确认,医疗器械,2017-10-20,0.17724483308510175,0.005398331567524561,0.005370250409708399,0.102371387181736,-0.020025713558442626,-0.07226836454422136,0.005398331567524561,0.06960226019624804,0.0037332133728047445,0.010586619305275713,0.06960226019624804,0.005398331567524561,0.005398331567524561
E2 拥挤确认,通信设备,2017-11-01,0.08497181620790073,-0.04794190426437139,-0.021752379528969135,-0.0103562851321638,-0.05173428422795423,-0.08130851228087943,-0.16802168309756538,0.027612368458366676,0.033609285151992685,0.024981571261612823,0.00744245227710949,-0.0887934685525208,-0.04794190426437139
E2 拥挤确认,消费电子,2017-11-06,0.035199675057213,-0.20750784447140302,-0.1731048070663117,-0.11782150591207785,-0.08309200716507847,-0.13180778811685556,-0.17243447424687086,0.01567822367269689,0.01567822367269689,-0.011602290887173794,-0.025442543754270353,-0.24475932103449616,-0.20750784447140302
E2 拥挤确认,生物制品,2017-11-06,0.43663289193609733,0.3245819036309392,-0.03657180900823287,0.2009135699317941,0.262635099099791,0.3245819036309392,0.3245819036309392,0.018639184844962964,0.02995967303869418,-0.007370007317135663,0.02995967303869418,0.3245819036309392,0.3245819036309392
E2 拥挤确认,光伏设备,2017-11-10,0.07901934882729611,-0.12222793078185812,-0.10176907432194504,0.06229857708137265,-0.10176907432194504,-0.14064518235147394,-0.15714676918339854,-0.04096910295671241,-0.04096910295671241,-0.05468442758669323,-0.0532522410454912,-0.04096910295671241,-0.12222793078185812
E2 拥挤确认,通信服务,2017-11-10,0.03135422652566899,-0.12629612362252474,-0.1522388161464392,-0.12780503498183415,-0.06986789933367199,-0.13656259164185935,-0.17953198451626706,-0.04103613564434161,-0.03796668300664652,-0.05306120240985457,-0.0618363528264384,-0.14169657687853543,-0.12629612362252474
E2 拥挤确认,计算机设备,2017-11-14,0.19628171662894767,0.060928743202351754,-0.01568699782674643,0.10161157999982229,0.06070822420333166,0.060928743202351754,0.060928743202351754,-0.021652542368329142,-0.021652542368329142,-0.03204784800617133,-0.029428565115080296,-0.01568699782674643,0.060928743202351754
E2 拥挤确认,医疗服务,2017-12-20,0.41606881984345256,0.31855613308807107,0.21570346200585533,0.34441343980040284,0.26353971136506393,0.18303903135705912,0.31855613308807107,0.0657956035048044,0.036968930783868315,0.2940045959126274,0.03544858882832114,0.31855613308807107,0.31855613308807107
E2 拥挤确认,航空机场,2017-12-20,0.24581790327345598,0.0018399913776676602,0.030013653932842166,0.1649148940367231,0.06257072224107785,-0.003766437517453647,-0.029533965480792013,-0.0005458508329378997,0.1067949854933774,0.02553358552574725,-0.03430624001101956,0.04016047462291383,0.0018399913776676602
E2 拥挤确认,玻璃玻纤,2017-12-21,0.06669684476169313,0.02320620870797252,-0.01861284650741002,-0.029787785357149876,-0.04657998464365509,-0.09859789302191979,0.02320620870797252,0.011782303536967298,0.03563557854155519,0.006833257585476371,-0.0009880229339621627,0.03563557854155519,0.02320620870797252
E2 拥挤确认,燃气,2017-12-22,0.21395423277244863,-0.04519054374520215,-0.12289061618749098,-0.15379062644372354,-0.08316354465354803,-0.13883404172523706,-0.21790008096458702,-0.0881061959981645,-0.06495592476396295,-0.1195721463278987,-0.13883404172523706,0.07233452163775023,-0.04519054374520215
E2 拥挤确认,化学制药,2017-12-25,0.18475914728007292,-0.03222107662229612,0.06108843471591019,0.17372794826408633,0.038901284296989136,-0.0017244472578776815,-0.03222107662229612,-0.02616302322976638,-0.013136459618898533,0.11063843324429357,-8.009346712722909e-05,0.0023481451425302335,-0.03222107662229612
E2 拥挤确认,工程机械,2017-12-26,0.29653274572471444,0.2362997276509362,-0.04850489678578451,0.14913897723699776,0.2362997276509362,0.2362997276509362,0.2362997276509362,-0.0014880603864857456,0.005916949196378418,-0.013175789634547574,-0.008497129961489769,0.2362997276509362,0.2362997276509362
E2 拥挤确认,房地产开发,2018-01-05,0.09713911791526963,0.03263647725605057,-0.04526176395285253,-0.13418538358270027,-0.014459600389271299,-0.06638247589961377,-0.13530261644719377,0.09713911791526963,0.03861989615993666,-0.01765233400880928,0.06257695762391946,0.03861989615993666,0.03263647725605057
E2 拥挤确认,银行,2018-01-17,0.3277077545432159,0.261481295189685,-0.052440705847861424,-0.03267054856641982,0.022381075832018427,-0.01942794412959603,-0.061956314331517826,0.09507447133655167,0.0691817095995304,-0.049686047900803,-0.0016914385581635605,0.261481295189685,0.261481295189685
E2 拥挤确认,互联网服务,2018-03-27,0.17040448360344862,0.08073542850588633,-0.014197191731206593,0.0035915731058770994,-0.0489723478024755,0.08073542850588633,0.08073542850588633,0.0326496538069414,-0.012822037968753808,-0.017742481935191567,0.0352444369278897,-0.042750748473439515,0.08073542850588633
E2 拥挤确认,美容护理,2018-03-27,0.06978218703684624,-0.16098658898519147,0.023326116974793587,-0.05881274131484959,-0.04510469398423611,-0.09077254839549775,-0.15411652423974775,-0.018740414161676044,-0.032753719817815385,-0.026857063841788542,-0.026857063841788542,-0.09207538223839751,-0.16098658898519147
E2 拥挤确认,软件开发,2018-03-30,0.1262631787403603,0.07624202997887797,-0.03101829709989068,-0.021458613998100118,-0.08718626007593633,0.07624202997887797,0.07624202997887797,-0.00915199271063849,-0.03506471689551638,-0.03506471689551638,-0.02738909710353077,-0.06309376128434052,0.07624202997887797
E2 拥挤确认,中药,2018-04-04,0.14475081562081993,-0.07081589390025045,0.11038030226170381,0.039278957632228995,0.03318217810348023,-0.03144654417051673,-0.08613323794964456,-0.027367321245927445,0.05818464890356512,0.06717614959263662,-0.01366524254569601,0.04812228004365582,-0.07081589390025045
E2 拥挤确认,医药商业,2018-04-04,0.0694499975396703,-0.1517093625620649,0.009614409390793943,-0.021072906578212702,-0.04919484852548295,-0.09476166321683,-0.14005585816414923,-0.04970356671705278,0.020730006510727872,0.01165828086441345,-0.02684177314651026,-0.013544073945671808,-0.1517093625620649
E2 拥挤确认,航天航空,2018-04-09,0.1297871958240815,-0.030627581667229564,0.04497445897076502,0.08143208690158321,-0.0366704719030434,-0.030627581667229564,-0.030627581667229564,0.013998421718853127,-0.042262764792696195,-0.042262764792696195,0.019718125385079777,0.009760983397963274,-0.030627581667229564
E2 拥挤确认,贵金属,2018-04-12,0.11428377637070675,-0.1480459040218105,-0.07360451819638802,0.06879762992596672,-0.05180800225898263,-0.13240002243335225,-0.11413847579018754,-0.06791896196300695,-0.07198573568348832,-0.05180800225898263,0.005861574134111702,-0.07198573568348832,-0.1480459040218105
E2 拥挤确认,电子化学品,2018-04-23,0.0029751943358675703,-0.1398044650953728,-0.098898008147554,-0.19409411557524636,-0.0964126014680633,-0.1361568882302121,-0.19729303672722032,-0.052367005754270335,-0.04458061215317122,-0.08559487855607295,-0.013692898602980397,-0.1831899095960675,-0.1398044650953728
E2 拥挤确认,电子元件,2018-04-25,0.1740421966874306,0.08939439104860258,0.12057117287312202,0.12261881799905217,0.08939439104860258,0.08939439104860258,0.08939439104860258,-0.02240504352876227,-0.012440054316000815,0.11640837308434304,-0.012717032938766248,0.08853593189496567,0.08939439104860258
E2 拥挤确认,仪器仪表,2018-05-09,0.05389297865233944,-0.0760998266868792,-0.0681258307599728,-0.06563019953597105,-0.10089410269603483,-0.0760998266868792,-0.0760998266868792,-0.0518765799740355,-0.07257867406050356,-0.08542966827481646,-0.026758132308011273,-0.10504684048053459,-0.0760998266868792
E2 拥挤确认,采掘行业,2018-05-18,0.1120460177985263,-0.14561543321581216,-0.008008703837768194,-0.06705511716999657,-0.11783329523480846,-0.028745479463494372,-0.12438721771562433,-0.04421034693586079,-0.04421034693586079,-0.11783329523480846,-0.051616274321157896,0.05285665402945727,-0.14561543321581216
E2 拥挤确认,专业服务,2018-05-29,0.09603627063003861,0.07553428183616662,0.008487298765596396,0.024588951861326036,-0.02420042665292943,0.07553428183616662,0.07553428183616662,0.011332847068929341,0.011332847068929341,0.011987463972845669,0.01336642849041536,0.019699424937467125,0.07553428183616662
E2 拥挤确认,食品饮料,2018-05-30,0.12004979885153966,0.11383717548387162,-0.03821581254632411,-0.02425178652601845,-0.08098371862812515,0.11383717548387162,0.11383717548387162,-0.032749454987930915,0.003795117164014039,-0.0347561974025844,0.0021863552319325574,0.11383717548387162,0.11383717548387162
E2 拥挤确认,旅游酒店,2018-05-31,0.08358963950209675,-0.01617283511221468,-0.008459828955160842,-0.021735286896027883,-0.01430943654258754,-0.113157519918616,-0.11955060987275767,0.019651530937363937,0.04194471313172765,-0.011129144242360778,0.05909375557385421,-0.005145959815493151,-0.01617283511221468
E2 拥挤确认,家用轻工,2018-06-01,0.002825690916355983,-0.08600287041995747,-0.08970548427820935,-0.11242266152942881,-0.10892137898608956,-0.15288558868731283,-0.08600287041995747,-0.04062486809109567,-0.05158251084484722,-0.06627179294047225,-0.060813895414004504,-0.1253173458392688,-0.08600287041995747
E2 拥挤确认,教育,2018-06-04,0.13403047658246137,0.13403047658246137,-0.11237825753255903,0.029850697867221943,0.008340783082779302,-0.06671204103857376,-0.12349808033094556,0.031989433176958126,0.031989433176958126,-0.03534415701496729,0.061826417362644825,0.031989433176958126,0.13403047658246137
E2 拥挤确认,农牧饲渔,2018-06-20,0.34307830707725673,0.20193448589416918,-0.029868756623271264,0.011584732377214246,0.22638924083534184,0.20193448589416918,0.20193448589416918,-0.011191489020518475,-0.011191489020518475,-0.043031647940491524,0.008701433996937125,-0.01649274756403385,0.20193448589416918
E2 拥挤确认,农药兽药,2018-07-10,0.026862632033594958,-0.13589894184879414,0.004453675888567821,-0.06917950017464236,-0.09031450285072384,-0.13464809142559897,-0.13589894184879414,-0.03845799910242609,0.004522684507380914,-0.043688796525422346,-0.019319494973564222,-0.13589894184879414,-0.13589894184879414
E2 拥挤确认,橡胶制品,2018-07-17,0.008370796518378354,-0.22471822376733364,-0.04815469081939561,-0.1679551823566482,-0.09512811970884183,-0.15268812245167318,-0.1956016574118561,-0.013366483598123202,-0.013778393165045588,-0.03135828875971158,-0.19758135555664014,-0.02052470420565533,-0.22471822376733364
E2 拥挤确认,化学制品,2018-07-18,0.0010801232181403275,-0.13914661539736783,-0.1209873654605621,-0.13875362013420567,-0.12509552853454264,-0.1606297608336844,-0.13914661539736783,-0.014323555605942673,0.0010801232181403275,-0.04885940349506823,-0.11977599569642994,-0.07440859774838748,-0.13914661539736783
E2 拥挤确认,化纤行业,2018-07-24,0.13256091750911003,-0.019218163828545354,0.05268717708644788,0.023669662064931707,0.009630780235697634,-0.03687310094293861,-0.019218163828545354,0.10289160750351378,0.045880065257963176,0.07176339354090411,0.10335855004549832,-0.009459788125141588,-0.019218163828545354
E2 拥挤确认,水泥建材,2018-08-08,0.056120773146338676,-0.02353547547128232,-0.035296310741068426,-0.03535655889271949,-0.0861532460632124,-0.02353547547128232,-0.02353547547128232,-0.035260554502154595,-0.05316338131104348,-0.04705289687507841,-0.02353547547128232,-0.02353547547128232,-0.02353547547128232
E2 拥挤确认,石油行业,2018-08-08,0.185681083516547,-0.2091380398442403,0.047246400830997626,-0.034590614760609095,0.05975397377598024,0.0030266273204886396,-0.05689626027219252,-0.0040125872225336146,-0.0040125872225336146,0.027335028542706308,0.08574893252171512,-0.2091380398442403,-0.2091380398442403
E2 拥挤确认,银行,2018-08-24,0.22378401130326298,0.03113133066925733,0.110744688479115,0.06653631098840052,0.08501229399119348,0.01334081164183254,-0.01379498144191238,0.03167639752464857,0.12368747131230018,0.0689264797241882,0.1495399510834774,0.03113133066925733,0.03113133066925733
E2 拥挤确认,通信设备,2018-09-13,0.21737586697013156,0.15326984567739044,0.004454140580841814,0.09342213891226714,0.15326984567739044,0.15326984567739044,0.15326984567739044,0.000484413880170953,-0.04792218611201848,-0.05544495804402649,-0.04792218611201848,-0.04763058167681533,0.15326984567739044
E2 拥挤确认,证券,2018-10-24,0.27110926293208926,0.11306452004185985,0.041829067348447824,0.12751145543246567,0.11964911518262,0.07067049404756598,0.11306452004185985,-0.015279904785667098,-0.05936789975444856,-0.052991564160933646,-0.02950588863032788,0.11306452004185985,0.11306452004185985
E2 拥挤确认,房地产服务,2018-11-14,0.23985396384736757,-0.10112311891163295,-0.005936625253627925,0.07920838535893782,0.11127930620961246,0.06889784044817415,-0.01628070056173958,-0.005353534068319843,0.018020718678408043,0.0023991868441723962,0.003902382807105864,0.10140967354228492,-0.10112311891163295
E2 拥挤确认,光伏设备,2018-11-28,0.19849528480295398,0.10420966823961608,0.10322871374784892,0.162376870615496,0.06598147745252847,0.10420966823961608,0.10420966823961608,0.04288316941972048,0.11076226052224669,0.12141332349092826,0.027625309256393393,0.10420966823961608,0.10420966823961608
E2 拥挤确认,电网设备,2018-12-26,0.0370238478032332,-0.1912628123203599,-0.09174589043480641,-0.14993466585571358,-0.06856441062648078,-0.12375735666309118,-0.17621915355423423,0.007744121885594701,-0.06513440631943279,-0.05732452622695461,-0.037710688302384776,-0.1912628123203599,-0.1912628123203599
E2 拥挤确认,通信服务,2019-01-02,0.026536568482877776,-0.2264415309516289,-0.11787319072261515,-0.10794689283174397,-0.0718601820175635,-0.12845795314440767,-0.1803170414197368,-0.03540268634873822,-0.05253249461232279,-0.06394296223076901,-0.056923641439967754,-0.06994699441970476,-0.2264415309516289
E2 拥挤确认,农牧饲渔,2019-01-23,0.24265755964414537,0.012628723198873981,0.11842903058139687,0.17539313214873697,0.13469322909897863,0.05087042390703034,-0.030026149173414174,-0.018907356188282987,0.14257530282639896,0.10210955067567862,-0.012790521642238706,0.050692895538988925,0.012628723198873981
E2 拥挤确认,风电设备,2019-01-28,0.04580357759943143,-0.16032333723762215,-0.12057261309441836,-0.11229437432091138,-0.056016280460870704,-0.10554489325299798,-0.16032333723762215,-0.07266870292180572,-0.12057261309441836,-0.07404130495685612,-0.058472532692103174,-0.12057261309441836,-0.16032333723762215
E2 拥挤确认,酿酒行业,2019-02-11,0.4997950268341236,0.21110349448977805,0.17967509296519557,0.34683803311859607,-0.10359918492501019,0.26330307722932345,0.22007620767597635,0.16751055977707474,0.18217324655723655,-0.10359918492501019,0.17399765968705294,0.21110349448977805,0.21110349448977805
E2 拥挤确认,光学光电子,2019-02-22,0.13709435801336967,0.02018035894955461,-0.18152231826302323,-0.0962419170700386,-0.11613776979266255,-0.16543160401489898,0.02018035894955461,-0.07697222554942929,-0.12995866131960876,-0.09588657958645264,-0.06300115479232149,0.009713591293700086,0.02018035894955461
E2 拥挤确认,多元金融,2019-02-27,0.01913156038687358,-0.3281208573140669,-0.10914819744951132,-0.18063874575303474,-0.09760551625938862,-0.13178445609917366,-0.1875331353385168,-0.0912185732745715,-0.1221274913926409,-0.09760551625938862,-0.05709573441478799,-0.3414010750903127,-0.3281208573140669
E2 拥挤确认,互联网服务,2019-03-08,0.050577109134524845,0.02536360211437505,-0.10281410674279334,-0.07854180822432177,-0.09125901373053524,0.02536360211437505,0.02536360211437505,-0.0643020027457315,-0.10528662146870782,-0.07765659559557458,-0.06016560304603613,-0.058162874664796194,0.02536360211437505
E2 拥挤确认,仪器仪表,2019-03-13,0.0,-0.11549163462804302,-0.10728094743170746,-0.16307656701307438,-0.10844289872427404,-0.15331593723817938,-0.11549163462804302,-0.052088609518290974,-0.11819280701550472,-0.07449019199921758,-0.10004207107826824,-0.025089255776683195,-0.11549163462804302
E2 拥挤确认,包装材料,2019-03-27,0.016160943998405397,-0.2966533336650823,-0.11864853267568765,-0.21508898959278533,-0.10750100022561315,-0.14066271355058513,-0.1913511783824451,-0.0363930002345616,-0.058375509820432825,-0.06344903827141724,-0.0520100822069397,-0.057543497672601696,-0.2966533336650823
E2 拥挤确认,化学制品,2019-04-08,0.0,-0.15418942521599566,-0.0772696302558703,-0.09672397216115003,-0.10481845142815438,-0.14950486498635662,-0.15418942521599566,-0.03021978310566098,-0.029550835935314046,-0.06850529388339865,-0.0276579847358287,-0.12828237350505656,-0.15418942521599566
E2 拥挤确认,化学原料,2019-04-08,0.0,-0.24497433820423264,-0.10980135969966376,-0.18115499664441825,-0.10936729298451253,-0.15808348480539813,-0.20910158999820605,-0.062393386723675004,-0.05250160159799411,-0.06899931930276337,-0.022019301973066896,-0.062393386723675004,-0.24497433820423264
E2 拥挤确认,化纤行业,2019-04-08,0.03142130434099233,-0.11501971947747103,-0.027625551966234174,-0.1058096719075059,-0.0765500926205881,-0.13216981275449613,-0.11501971947747103,-0.031237768916633102,0.027611609839674367,-0.03324222023876455,-0.1401811254886236,-0.12451774106954272,-0.11501971947747103
E2 拥挤确认,家电行业,2019-04-10,0.1403676010697772,0.019822092887134657,0.0744852862299068,0.06110310552433096,0.04361283913171943,0.019822092887134657,0.019822092887134657,0.048207768478179425,0.05602409613785664,0.04812207002538993,0.13779943811828121,0.019822092887134657,0.019822092887134657
E2 拥挤确认,消费电子,2019-04-17,0.6285772114434582,0.3460228309439066,-0.0008512731909596782,0.2946165178975324,0.45677741731396204,0.36283860630141507,0.3162739713264562,-0.019580588551941225,-0.03855158771638989,-0.0389197710785002,-0.006612335533739633,0.5385514693430213,0.3460228309439066
E2 拥挤确认,船舶制造,2019-04-18,0.10445623061953024,-0.21572146537999937,0.007366895027836051,-0.07013048017742651,-0.11964604167674664,-0.07013048017742651,-0.11908153060118554,-0.0949340266267017,-0.07696404243018029,-0.10281061899728239,-0.02198903951859088,-0.0949340266267017,-0.21572146537999937
E2 拥挤确认,汽车服务,2019-04-22,0.00953977982469878,-0.32011707126373945,-0.0746244097366412,-0.14749142981843644,-0.09889062699998541,-0.15731028416242354,-0.19901286528992557,-0.037493679108686284,0.008373746270815108,-0.027831223213405698,-0.27922404303083137,-0.037493679108686284,-0.32011707126373945
E2 拥挤确认,家用轻工,2019-05-15,0.0,-0.06058125274163617,-0.05823399133368179,-0.025342226460696282,-0.10937059793165238,-0.06058125274163617,-0.06058125274163617,-0.007027685788955851,-0.007027685788955851,-0.05780570958272735,-0.02982072471655106,-0.06896179839546357,-0.06058125274163617
E2 拥挤确认,食品饮料,2019-05-17,0.205753207866626,0.18889158541102602,0.010029044522496644,0.02299891301633239,-0.044540532092204765,0.18889158541102602,0.18889158541102602,-0.007370208607096362,-0.018441476811576263,0.00477074958814705,-0.010831657493636682,0.18889158541102602,0.18889158541102602
E2 拥挤确认,小金属,2019-05-21,0.18501545725483037,-0.12450879515538293,0.013442175282920577,-0.12504030360491325,0.04130180782425619,0.0128914451470159,-0.054406112766751336,0.04130180782425619,-0.004103239015870841,-0.003476697612202484,0.06931390098459111,-0.1520714152625977,-0.12450879515538293
E2 拥挤确认,半导体,2019-05-23,0.8733747715999531,0.6604776010847409,0.09471938696310422,0.23997294980059247,0.12204380005665727,0.5803330913839757,0.48623339371430374,0.013192635230575345,0.04714516553013337,0.5135863110730308,-0.015983101942989797,0.1827650825672602,0.6604776010847409
E2 拥挤确认,贵金属,2019-06-12,0.24598544374221665,-0.06786601148472338,0.13809374399326413,-0.0794162952397538,0.09274215412262721,0.06632959368605484,-0.005441757724784835,0.09274215412262721,0.051571495853173444,0.06369843639420214,0.056161640693260795,-0.005441757724784835,-0.06786601148472338
E2 拥挤确认,医疗器械,2019-07-12,0.7185397004751799,0.6934366341040998,0.04387103338530962,0.010578358212243177,0.030405207923028366,0.6934366341040998,0.6934366341040998,-0.011796126710028054,-0.014069450696920782,0.051034371532614475,-0.015799802558322473,0.6934366341040998,0.6934366341040998
E2 拥挤确认,工程机械,2019-07-18,0.25934112333230885,0.1880518267591358,0.013035684587239249,0.04455760912216444,-0.034424201298596135,0.1880518267591358,0.1880518267591358,0.014278078583266574,0.007314391407303944,-0.022214022774242337,0.01856476210757574,0.1880518267591358,0.1880518267591358
E2 拥挤确认,电子元件,2019-07-26,0.39394549602820783,0.18810718666506987,0.1071233830738525,0.2175365329359542,0.2914319643585701,0.17001650272893087,0.18810718666506987,0.02235000543211818,0.0962319520699455,0.1043930277157672,0.08240276849230166,0.17277935071152273,0.18810718666506987
E2 拥挤确认,电子化学品,2019-08-01,0.8922845240573802,0.5852663896019863,0.06914354850627968,0.3043901238890667,0.5055121859211169,0.4237561946933177,0.4144307125420832,-0.032153035912622197,-0.04269936727481638,0.023973745511208122,0.06329604939600264,0.5055121859211169,0.5852663896019863
E2 拥挤确认,生物制品,2019-08-13,0.6613432351109101,0.3887358389069324,0.04816049297107172,0.04141184505760842,-0.06199682783157834,0.41445260827645547,0.3887358389069324,-0.024826282886544204,0.020632377844967298,-0.034615053633636816,0.0015995862580890918,0.3849441030850258,0.3887358389069324
E2 拥挤确认,医疗服务,2019-08-14,0.4229774976092304,0.4193906600522126,0.20793613135430267,0.1270423101834599,0.10033135419480232,0.018451531226191475,0.4193906600522126,0.07730174450697325,0.10845507224842788,0.10033135419480232,0.09851261075837026,0.08192548039045056,0.4193906600522126
E2 拥挤确认,航天航空,2019-08-30,0.08480722023714016,-0.02721513318275004,-0.16783791590261132,-0.15176629991246282,-0.12075616612633433,-0.14439303441808682,-0.19983574878414267,-0.096078621517529,-0.12131472691639833,-0.12131472691639833,-0.06701448223477346,-0.20412133282481837,-0.02721513318275004
E2 拥挤确认,软件开发,2019-09-06,0.1307431694989587,-0.017761650296135745,-0.0021353817580729295,0.06509530758597659,0.019505891626748317,-0.017761650296135745,-0.017761650296135745,-0.03703004801626719,-0.027185955844560405,-0.03749238256874021,-0.03749238256874021,0.03552359251373516,-0.017761650296135745
E2 拥挤确认,计算机设备,2019-09-09,0.17520070415401978,0.031406954773918416,0.05908352207731826,0.08460245362321506,0.04343248553816137,0.031406954773918416,0.031406954773918416,0.00247964907880327,0.04649548266854331,0.044136131406607326,0.00108118965731685,0.031406954773918416,0.031406954773918416
E2 拥挤确认,光学光电子,2019-09-19,0.2305228962719088,-0.019627205085585353,0.10761367609758699,0.04224989827494996,0.1080322142731509,0.04298074314883915,-0.01771709036787006,-0.017112327258084203,-0.0335471183753816,-0.0335471183753816,-0.01879911547067936,0.09267598067637728,-0.019627205085585353
E2 拥挤确认,风电设备,2019-10-08,0.17439162723388257,0.13464687720755086,-0.09414195754026644,-0.18802010001421487,-0.09628760820582083,-0.15574195800609592,-0.1977883603494901,-0.059213614829996764,-0.07253686525624126,-0.06765869010308245,-0.0643716001705571,-0.15574195800609592,0.13464687720755086
E2 拥挤确认,专业服务,2019-10-17,0.060174996819452486,0.04427797776585152,-0.025305450065555624,-0.04743954585635002,-0.08104527072038425,0.04427797776585152,0.04427797776585152,-0.02572468244721171,-0.029370307983253907,-0.04322563983209393,-0.047744120115496,-0.011289079356407106,0.04427797776585152
E2 拥挤确认,美容护理,2019-10-22,0.19306614110532583,0.09023022122996771,-0.11530912939770233,-0.037515331017191955,-0.10329252051366311,-0.16031306013610702,0.09023022122996771,-0.042099788660264315,-0.062312826813121114,-0.09600986184130345,-0.05721365321583782,0.11767706150342039,0.09023022122996771
E2 拥挤确认,游戏,2019-11-19,0.2534950971964871,-0.10437450868958287,0.12550913089285487,0.011696522068215032,0.12550913089285487,0.03807600502577668,-0.011389050752134922,0.16285807433704713,0.025960363132532693,0.05403850568721591,0.010790352963766292,0.1744659149973844,-0.10437450868958287
E2 拥挤确认,电池,2019-12-24,0.9654044587842832,0.9289300527892603,-0.016101574773978666,0.18314964761139851,0.07494871074031284,0.013882651885631203,-0.031785522554523826,0.1041121248193162,0.013882651885631203,0.020797555202374918,0.08966957201386094,0.11321980058339376,0.9289300527892603
E2 拥挤确认,文化传媒,2020-01-03,0.025414778993367193,-0.2653169342296827,-0.10190761207963206,-0.07429345601169324,-0.07080583360017312,-0.12818616287146423,-0.182990904606124,-0.057231239420811764,-0.04818054174555275,-0.04106166706565595,-0.043312070632784416,-0.04818054174555275,-0.2653169342296827
E2 拥挤确认,医药商业,2020-02-04,0.023722417962639186,-0.17614135692201138,-0.14659598025530385,-0.1550471529294014,-0.10270734673081294,-0.1425344693363937,-0.20031713517338978,-0.1856791776143737,-0.1724291203572681,-0.1856791776143737,-0.1775753541330365,-0.17614135692201138,-0.17614135692201138
E2 拥挤确认,化学制药,2020-02-05,0.04518203801021037,-0.09463906810286904,-0.05381977876709465,0.03162982029524675,-0.12555090485321418,-0.11289094072266848,-0.09463906810286904,-0.13009741445156864,-0.11556439430767873,-0.14250488265784378,-0.11099089238981075,-0.09463906810286904,-0.09463906810286904
E2 拥挤确认,光伏设备,2020-02-12,0.9731911500580375,0.7758736512280753,-0.071957690967269,0.1257092631824832,-0.11656296669561372,-0.14812976173542525,0.7758736512280753,-0.07823191430565601,-0.05880804699773723,-0.11230051327892743,-0.060883679235828936,-0.05880804699773723,0.7758736512280753
E2 拥挤确认,能源金属,2020-02-13,0.7502770903461138,0.492965706455861,-0.30489168655722754,-0.2707811644783791,-0.11553700385525845,-0.12290884982659,-0.1826180038362838,-0.19470576787810323,-0.2642750938675472,-0.2206492164677003,-0.013567871909244134,-0.11553700385525845,0.492965706455861
E2 拥挤确认,互联网服务,2020-02-14,0.04846934476437448,-0.17706829528824397,-0.0069337097780629575,-0.06858580064159614,-0.057470647564707766,-0.11456024878620741,-0.17425362710926773,0.019007457811468065,0.008556203831599607,-0.024222259449087735,0.007576664840510894,-0.028302347933577887,-0.17706829528824397
E2 拥挤确认,教育,2020-02-28,0.04143909990721295,-0.26160648582456403,-0.002932807571294216,-0.010257866089657841,-0.07622033472645096,-0.11776034086600351,-0.17367219576367265,-0.04957954911791662,-0.02604333332491382,-0.04687745312595781,-0.26160648582456403,-0.02604333332491382,-0.26160648582456403
E2 拥挤确认,塑料制品,2020-03-06,0.0,-0.04789155249920607,-0.07624510753737457,-0.08983488632543835,-0.11166140803999114,-0.04789155249920607,-0.04789155249920607,-0.07671977130272556,-0.08990804752960257,-0.11166140803999114,-0.10085896040031572,-0.04789155249920607,-0.04789155249920607
E2 拥挤确认,通信设备,2020-03-10,0.025442707902102013,-0.33986841523121547,-0.13736045620587478,-0.21380064316224123,-0.09249460447962521,-0.13178415732796067,-0.181989859991037,-0.04220392147474705,-0.06705065819010492,-0.09131388588719813,-0.05675553125713684,-0.04220392147474705,-0.33986841523121547
E2 拥挤确认,通信服务,2020-03-11,0.012577352328023261,-0.3307985506161223,-0.12384254342179113,-0.1699667037287934,-0.08302349232006856,-0.14204096318190296,-0.18497134923314906,-0.04729513183972034,-0.026927461625377513,-0.06349590459951748,-0.049448671988421844,-0.04729513183972034,-0.3307985506161223
E2 拥挤确认,农牧饲渔,2020-03-26,0.12630062155499844,-0.08745155764026813,-0.021271269887569444,-0.0455532572405738,0.023129553215041065,-0.057521102712124184,-0.0945297659370472,0.05570018253884035,0.03944426342626439,0.0055527254884564226,0.05570018253884035,-0.08745155764026813,-0.08745155764026813
E2 拥挤确认,食品饮料,2020-03-31,0.2002479324501627,-0.017495454650710784,0.038604381802284315,0.1014623413249891,0.08174982060757974,-0.0004508039600410463,-0.032378656185005794,-0.02155625504889791,0.08132203795450366,-0.004820688268264872,-0.030807717865267592,-0.017495454650710784,-0.017495454650710784
E2 拥挤确认,工程机械,2020-04-13,0.5026208436020605,0.2758065652872552,-0.08879656538065339,0.09290236307913258,-0.08795165218004797,0.2534889652250507,0.2758065652872552,0.01638976625498656,0.06123990123179013,-0.053254704292062915,-0.016285832824317503,0.2758065652872552,0.2758065652872552
E2 拥挤确认,美容护理,2020-04-23,0.24381301301109315,0.18738957967329561,0.09866407734609628,0.08087745233499932,0.03788024401365142,-0.0026907564472915535,0.18738957967329561,0.10794379103548879,0.03788024401365142,0.10794379103548879,0.012527105316327614,0.10794379103548879,0.18738957967329561
E2 拥挤确认,电网设备,2020-05-13,0.0,-0.12165943229048959,-0.08901726023003476,-0.07286014632609927,-0.10944025383435518,-0.1521026463517714,-0.12165943229048959,-0.023841789492450194,-0.023841789492450194,-0.01815721506469059,-0.07286014632609927,-0.12165943229048959,-0.12165943229048959
E2 拥挤确认,铁路公路,2020-05-25,0.044997576560102726,-0.12041497017419489,-0.01149485439257325,-0.16056564247392147,-0.06513368338110725,-0.11728031200796729,-0.16690683357118608,-0.03664128269022804,-0.08398818254640827,-0.04328725797052024,-0.04431912039712549,-0.12041497017419489,-0.12041497017419489
E2 拥挤确认,旅游酒店,2020-05-29,0.6925360976520769,0.450752488865916,0.20364650713421462,0.20565296228035157,0.19328436286005357,0.13240231121094248,0.450752488865916,0.20869811112164016,0.19328436286005357,0.19328436286005357,-0.015660906856162282,0.22856205495557802,0.450752488865916
E2 拥挤确认,商业百货,2020-06-03,0.03905183752506125,-0.2583142454061057,-0.1089983465492067,-0.20344612826209318,-0.08612674667295994,-0.1248426007863993,-0.16722136773931673,-0.011818465704078629,-0.0986187256927461,-0.030637687568926597,-0.039977891760403006,-0.011818465704078629,-0.2583142454061057
E2 拥挤确认,家用轻工,2020-06-03,0.010248611003518704,-0.11826621701651929,-0.05897063566808414,-0.044066653161791036,-0.0984114557216158,-0.1567905990695776,-0.11826621701651929,-0.12138548649481773,-0.059366465237356114,-0.11847532682178552,-0.07252226162413544,-0.12138548649481773,-0.11826621701651929
E2 拥挤确认,医疗服务,2020-06-19,0.683549317079079,0.6137810457814996,0.026442255773466927,0.23740812861958882,-0.053421011698029486,0.3799212644625818,0.27891552027984656,-0.020390766679288186,0.006797993678387737,-0.015053286338856275,-0.0027718042266278164,0.3801712743502734,0.6137810457814996
E2 拥挤确认,消费电子,2020-06-30,0.012793443654278258,-0.17677272933618848,-0.03306884078575567,-0.10414661085865184,-0.08755749085680309,-0.14198551213534838,-0.19314799479628175,-0.0471611500646586,-0.01352893876424155,-0.07209490147503383,-0.018578385649673734,-0.0471611500646586,-0.17677272933618848
E2 拥挤确认,证券,2020-07-06,0.04022214067885299,-0.2920260077484802,-0.0014883692603603338,-0.07056710269692801,-0.028985041297296177,-0.13037901659738393,-0.16535373158663458,-0.04914487969230252,-0.0573680517071411,-0.05711833057322724,-0.04914487969230252,-0.009090810355988688,-0.2920260077484802
E2 拥挤确认,玻璃玻纤,2020-07-20,0.6011023560312292,0.5335828742610724,0.12199967081047314,0.3946489414444343,0.34169969623270124,0.5335828742610724,0.5335828742610724,0.06137488553218118,0.047750179595049236,0.38901670427715307,0.06827360123256199,0.5335828742610724,0.5335828742610724
E2 拥挤确认,船舶制造,2020-07-22,0.03548640345885823,-0.29704219993133607,-0.11986727554604304,-0.1530229533824633,-0.0641426753525608,-0.11472404265362912,-0.16989842369697905,-0.07498733915291,-0.0962246046083165,-0.11472404265362912,-0.08138661214810994,-0.0962246046083165,-0.29704219993133607
E2 拥挤确认,航天航空,2020-07-23,0.3760663057082052,0.176201803355285,0.039796289411539565,0.23218616692969585,0.04253843057375439,0.16877324094435586,0.13619122701727138,0.019732105297153746,0.012022460033987104,0.039796289411539565,0.0007409359841261676,0.25230523259797466,0.176201803355285
E2 拥挤确认,贵金属,2020-07-27,0.12117940792536097,-0.1628120588237444,-0.05955794362410427,-0.06560236239234163,-0.08680308162338679,-0.05703848219832308,-0.12184079437974693,-0.08783087295972092,-0.06484134582863332,-0.10509504012366644,-0.03708507407503603,-0.08783087295972092,-0.1628120588237444
E2 拥挤确认,风电设备,2020-07-30,0.42461855825911665,0.33327605715222197,0.1883171794169629,0.3816247801169179,0.13666113817005532,0.21537272705256405,0.12749869035299133,-0.05941532566262875,0.25356397019255117,0.28993290639359603,-0.06198764659177147,0.07399953648117474,0.33327605715222197
E2 拥挤确认,装修建材,2020-08-20,0.19513119667249157,-0.09996707958956996,-0.031221051074718287,0.06359909436851696,0.06198973197984059,0.017566343062286327,-0.045734381221664955,-0.033289149341772406,-0.04548822970445254,-0.048421736547915706,-0.04170698994516575,-0.09996707958956996,-0.09996707958956996
E2 拥挤确认,专用设备,2020-09-09,0.08509953070859644,0.03236645202402366,-0.022043497602043938,-0.05068944383499541,-0.08953417141564002,0.03236645202402366,0.03236645202402366,0.004709051317382418,-0.0003031047747271698,-0.004009681127940201,-0.002295744144768297,0.03236645202402366,0.03236645202402366
E2 拥挤确认,汽车整车,2020-09-15,0.8486623454020616,0.6125196491897564,0.3810007353807163,0.3357033456854208,0.395625376529644,0.37165323638512326,0.6125196491897564,0.01314335827155011,0.3937447825439788,0.3937447825439788,0.6413636912094778,0.37165323638512326,0.6125196491897564
E2 拥挤确认,电源设备,2020-09-16,0.3032839905598814,0.25237553145526803,-0.0239531425619941,0.03741655987795567,-0.0239531425619941,-0.08907048239990234,-0.14828727119536278,-0.04803214122593713,-0.04803214122593713,0.001254653644888526,0.026480082665163662,0.25237553145526803,0.25237553145526803
E2 拥挤确认,航空机场,2020-09-16,0.05720382051920114,-0.1724322990236311,-0.07069455890679188,0.05535082101750133,-0.11330198867946117,-0.16095640813882905,-0.15310208619614785,-0.06361728895174501,-0.10791369785692251,-0.11671965398347717,-0.07755051109534938,-0.1724322990236311,-0.1724322990236311
E2 拥挤确认,橡胶制品,2020-10-15,0.23806925668313528,0.20772334414896942,0.0034846885875865485,0.2236775105383324,0.20772334414896942,0.20772334414896942,0.20772334414896942,0.0048375807006004745,7.546612296205346e-05,-0.005423724729141988,0.011993143533998607,0.20772334414896942,0.20772334414896942
E2 拥挤确认,专业服务,2020-10-16,0.10221845209305136,-0.19489284550144814,-0.08215630061219636,0.09429953056939921,-0.0844674888279694,-0.06762759874546875,-0.135917735920159,-0.0020061582853753146,-0.0020061582853753146,-0.06167338043398185,-0.05412711136035031,-0.19489284550144814,-0.19489284550144814
E2 拥挤确认,汽车服务,2020-10-21,0.058411276888661545,-0.1047761549427475,-0.12081899793116357,-0.006047956323829262,-0.05867276264179244,-0.09083204693704205,-0.13978362494086682,-0.00266550260212961,-0.00266550260212961,-0.016573772539488885,-0.027888769689405013,-0.1047761549427475,-0.1047761549427475
E2 拥挤确认,酿酒行业,2020-10-26,0.5897309368594101,0.2090991125492474,0.28605436909089876,0.37394548044409714,0.27885848500781485,0.27369295816654815,0.21043315393306128,0.08364212956947892,0.2663706011854401,0.2663706011854401,0.05412488772092794,0.2663706011854401,0.2090991125492474
E2 拥挤确认,家电行业,2020-11-04,0.027219444568942208,-0.1508047828959972,-0.005988580859224268,0.0009477034127718387,-0.08415866960383023,-0.13272322109820578,-0.16509054972154857,-0.01552987603435907,-0.011782342633290144,-0.04326688086274,-0.1508047828959972,-0.1508047828959972,-0.1508047828959972
E2 拥挤确认,汽车零部件,2020-11-05,0.013152629912213776,-0.005396669621547279,-0.10516103094058271,-0.11473157110622312,-0.10132795384645066,-0.1439113554069723,-0.005396669621547279,-0.033006147898909655,-0.04902612329953848,-0.02891896670698313,-0.008868682113253867,-0.005396669621547279,-0.005396669621547279
E2 拥挤确认,化纤行业,2020-11-12,0.35180070711404476,-0.043160078666941604,0.2704772688463031,0.09580769739544803,0.19121483148425034,0.0909514523215662,0.06383371933261794,0.013383770027110442,0.20260664614904766,0.0909514523215662,0.010909342585042614,0.20260664614904766,-0.043160078666941604
E2 拥挤确认,化学制品,2020-11-13,0.5850158652965605,0.3716986169227037,0.033053702803207186,0.057191011305049555,0.40359851851413064,0.3716986169227037,0.3716986169227037,-0.03962710659647095,-0.03585011149852335,-0.059869089009245924,-0.024726298051944706,0.3716986169227037,0.3716986169227037
E2 拥挤确认,有色金属,2020-11-23,0.42968096824301605,0.08751812636851075,0.04909535279409982,0.02914193085891159,-0.12205649044249312,0.00389456778910402,-0.0449959563165957,-0.04877056526029566,-0.10920793512368787,-0.10920793512368787,-0.07458205601463175,0.1660201494493383,0.08751812636851075
E2 拥挤确认,银行,2020-11-30,0.148954570801471,-0.1481388562507845,0.07761961333750178,0.027240934239699532,0.03851396119137873,-0.017316960573595552,-0.084294196560591,-0.03175459728858665,-0.04382288837791837,-0.07073530785432702,0.0885275408562134,-0.1481388562507845,-0.1481388562507845
E2 拥挤确认,能源金属,2020-12-09,1.955025469625085,1.2058225708707266,0.4111047325490176,0.7076611819076202,0.6649632471294418,0.4943167798341517,0.38236819165395497,0.6649632471294418,0.3372552451565316,0.3372552451565316,0.36521941005402603,0.618066906819597,1.2058225708707266
E2 拥挤确认,煤炭行业,2020-12-18,0.6112859244447824,0.2507329523759003,0.005985454347860797,0.08858775318143586,-0.034768352105702394,0.06083672617688074,0.2825747263518674,-0.07789436287218299,-0.07150580664353312,-0.07150580664353312,0.04561038029554898,0.10337075557130637,0.2507329523759003
E2 拥挤确认,电力行业,2020-12-28,0.3719520510339558,0.19053068170507892,0.14667121448613263,-0.009021192813086443,0.051462794523946975,-0.017241648849080193,0.19053068170507892,-0.04505819632629526,-0.04146757280034963,-0.05521716620055006,-0.039825896972952246,0.195908225398993,0.19053068170507892
E2 拥挤确认,电机,2020-12-29,0.5524813091164091,0.2874174692225573,0.02814872611520558,0.005950347535498723,0.26270551922141316,0.2660451383794704,0.2874174692225573,-0.04880099745361366,-0.056662261975945705,-0.04078148421787653,-0.025553302665536903,0.30149515672813076,0.2874174692225573
E2 拥挤确认,半导体,2021-01-14,0.30531831162684187,0.01799966412644194,-0.09653583347736272,0.09218295825640421,-0.061484382011373295,-0.1450294567457483,0.04259526270489289,-0.038867705340694725,-0.036099064149781035,-0.036099064149781035,-0.024536073331954178,0.10027202704998994,0.01799966412644194
E2 拥挤确认,航运港口,2021-01-14,0.33056830571722284,0.07812016836007962,0.03693933719186071,0.2072515391739771,-0.10879579600251343,0.1382710602572348,0.007365408619403269,-0.04318715371216986,-0.08146807652427002,-0.08146807652427002,0.00916340901476298,0.10486484031073284,0.07812016836007962
E2 拥挤确认,小金属,2021-01-22,0.707807011246194,0.41680892393540137,0.034699832103098904,0.4394739110767161,-0.008593266935223887,0.3673126787590799,0.35087144401058823,-0.03435673569487463,-0.004876611851082457,0.016070376215190363,0.002264973195556408,-0.03435673569487463,0.41680892393540137
E2 拥挤确认,化学原料,2021-01-28,0.5593905226992839,0.2157610346963441,0.12995465273062456,0.18706737744770585,0.3398984378768639,0.31521810956256147,0.24517885043654353,0.08767515672832182,0.04337029675374571,0.08179938385607843,0.06150243351605367,0.20227951456251092,0.2157610346963441
E2 拥挤确认,美容护理,2021-02-10,0.0781187165765509,-0.3699812430977515,0.05278983346090804,-0.2039270356442534,-0.10629760652132969,-0.11683839232046134,-0.17325799935852826,-0.0872571673774365,-0.11132472072810462,-0.11132472072810462,-0.050859177328111516,-0.13511392086359564,-0.3699812430977515
E2 拥挤确认,化肥行业,2021-02-22,1.0278296774047382,0.8553435361351878,-0.0011656366528450812,0.3623709300121447,0.23667450153391667,0.6841989808527349,0.6566251440892659,-0.01654176740388147,-0.0492957106463181,-0.05229910469067045,-0.01692622175450975,0.2634122307026805,0.8553435361351878
E2 拥挤确认,贵金属,2021-02-22,0.011449901302068799,-0.12145263693998531,-0.09919939531078137,-0.19383277283874722,-0.12062175494060001,-0.14932585510378138,-0.20778598360483058,-0.11486344232416301,-0.10170418888426869,-0.13233100825992095,-0.09005431603058112,-0.17075407722309976,-0.12145263693998531
E2 拥挤确认,钢铁行业,2021-03-03,0.3680069786404574,0.04549052490334393,-0.02633379611472586,0.19787170583544467,0.06504981893870476,-0.009305870165590924,0.10877410026112289,-0.025355784506488788,-0.014911171167562576,-0.01018448534729921,-0.01686072784775039,0.059148791388278,0.04549052490334393
E2 拥挤确认,非金属材料,2021-03-18,0.6353352032561514,0.4714667538835604,0.04616793738057545,0.4939290480666194,0.4088280851174857,0.3770304346997284,0.4714667538835604,-0.055021574382577154,-0.051966938740669044,0.49247860369613705,0.47308512298714,0.4088280851174857,0.4714667538835604
E2 拥挤确认,环保行业,2021-03-22,0.029210319830358378,-0.15103938990110677,-0.16937566343253407,-0.14920457689136202,-0.06891398885498612,-0.13169387164276602,-0.18005065295889866,-0.06891398885498612,-0.13169387164276602,-0.12535882977553703,-0.05621066735999314,-0.15103938990110677,-0.15103938990110677
E2 拥挤确认,珠宝首饰,2021-03-23,0.01590398160234674,-0.1707515370290188,-0.12357848584127684,-0.214200399206396,-0.11023136738296702,-0.13772851733284852,-0.20438717154775077,-0.03213423694909512,-0.08543899718898817,-0.0011896855152682129,-0.03213423694909512,-0.1707515370290188,-0.1707515370290188
E2 拥挤确认,公用事业,2021-03-24,0.07486931553827647,-0.27939102465927346,-0.13826841762019682,-0.27320616923665086,-0.04510853860392128,-0.08591330258815943,-0.15044311045366565,-0.02660835736426992,-0.10331727893588383,-0.05710186856619004,-0.09942829523506647,-0.2684592533452611,-0.27939102465927346
E2 拥挤确认,造纸印刷,2021-03-26,0.0063809578086782,-0.1833244985185567,-0.12895953563508078,-0.20398473958003294,-0.10581163325173426,-0.14353141665297553,-0.19180272426700418,-0.04820381314951494,-0.0581749143650393,-0.0569812337847998,-0.0327901302591751,-0.1833244985185567,-0.1833244985185567
E2 拥挤确认,工程建设,2021-03-31,0.2628703733868698,0.20872152419842882,-0.11877268784800665,0.018438209169505226,-0.10485119061147641,0.20872152419842882,0.20872152419842882,-0.0280331650284652,-0.07430741159061438,-0.072183583843493,-0.01679448033191422,0.20872152419842882,0.20872152419842882
E2 拥挤确认,工程咨询服务,2021-04-08,0.0,-0.12278672399442547,-0.16691273057826284,-0.2005649424821061,-0.10816405516760275,-0.13472676021478602,-0.21292442116449983,-0.05960516355232992,-0.1043191694209965,-0.061649879708247535,-0.10191689415918515,-0.12278672399442547,-0.12278672399442547
E2 拥挤确认,纺织服装,2021-04-08,0.009214181692649426,-0.1414888117508637,-0.08849151219678886,-0.2013371970381681,-0.09642629429438399,-0.16536925587198903,-0.19995860865524806,-0.007704810153420505,-0.09011782153783499,-0.03461421897189809,-0.029985181197060284,-0.1414888117508637,-0.1414888117508637
E2 拥挤确认,家用轻工,2021-04-12,0.03106500960383074,-0.1349801708829096,-0.12239881763541349,-0.13394573706391655,-0.0726988093635762,-0.14468538052459512,-0.18730175484506195,-0.04054614227220421,-0.12239881763541349,-0.0726988093635762,0.010166836089970044,-0.1349801708829096,-0.1349801708829096
E2 拥挤确认,化学制药,2021-04-30,0.03915244886018865,-0.12314964986993171,-0.1102477697561225,-0.19918900743688728,-0.08845279000389539,-0.12580273334179415,-0.18518518936121175,-0.036543011681340665,-0.1060705285413086,-0.04243424818870123,0.009294318675779678,-0.1180607444391113,-0.12314964986993171
E2 拥挤确认,中药,2021-05-13,0.18829885678063984,0.04921967064811805,-0.08673695356046685,-0.11690670844018858,-0.0444696723282243,-0.08673695356046685,-0.13421365374841898,-0.03438374200606309,-0.06075007974575941,-0.031207733598114462,-0.020086798654879723,0.023854110793284145,0.04921967064811805
E2 拥挤确认,综合行业,2021-06-08,0.1666268737233083,0.004676540238198301,0.1341082557981772,-0.03123177601097149,0.09443048464995085,-0.016894286337742592,-0.0805660493682473,0.057916337247595706,0.01831857807585835,0.07218200950660925,0.09349230098012784,0.01831857807585835,0.004676540238198301
E2 拥挤确认,化学制品,2021-07-05,0.32686902021032815,0.17394567792448856,0.22624479957862142,0.0897635275771016,0.17499858001803315,0.12972565485993304,0.04935267562273982,0.1980425797035088,0.1809230397802255,0.1980728290826015,0.15260379430141868,0.059367723394308625,0.17394567792448856
E2 拥挤确认,电机,2021-07-19,0.47806633788032804,0.4559244663584776,0.16691454027929775,0.1426478642224709,0.1234576997584389,0.12642903456316334,0.12082507459594005,0.15796971880356936,0.12341179726123297,0.12341179726123297,0.22702516359410208,0.15796971880356936,0.4559244663584776
E2 拥挤确认,电源设备,2021-07-20,0.41409650306118007,0.40606218502429914,0.19059997893715575,0.23163620074041247,0.11589602241051367,0.12688457306795775,0.08916999964980499,0.1928483310441398,0.17592207785679026,0.17592207785679026,0.15001902978376958,0.06168142487853179,0.40606218502429914
E2 拥挤确认,电子化学品,2021-07-29,0.0,-0.14368910778472266,-0.24920159449417567,-0.2612593379799819,-0.11454855649531503,-0.1817218822228106,-0.23060337566454547,-0.14155006557907102,-0.22548355853389046,-0.20592992888059158,-0.10777566850330622,-0.27719048695204707,-0.14368910778472266
E2 拥挤确认,风电设备,2021-07-29,0.533617714098038,0.3042957665007999,0.4348691695077904,0.2386838457872138,0.16906985085686554,0.2918518607447014,0.24579303966543975,-0.05876724402508404,0.23765825547164332,0.31145600797804707,-0.05645027281937265,0.2293303402534903,0.3042957665007999
E2 拥挤确认,专用设备,2021-08-04,0.17927370587588642,0.17766073558644147,0.04437340275095991,0.0020751678305932497,-0.02355761962135472,-0.06580378905906215,0.17766073558644147,0.008398050267419466,-0.03343772266024503,-0.03343772266024503,-0.017575645261091122,-0.06580378905906215,0.17766073558644147
E2 拥挤确认,电网设备,2021-08-11,0.1446088204673528,0.13516819478483666,0.0916754829268831,0.014007216767093711,0.020411419830654642,-0.042703318073208374,0.13516819478483666,0.06317545688731285,-0.003122905380504526,0.05531807768595032,0.06146919243543403,-0.042425617977142394,0.13516819478483666
E2 拥挤确认,通用设备,2021-08-16,0.19118955468845855,0.129688433759648,0.07999201787873811,0.033479863232888984,-0.012351282867102742,0.129688433759648,0.129688433759648,0.020177315036588928,-0.023884787961562237,-0.023884787961562237,0.022662669178315387,-0.01807378977164764,0.129688433759648
E2 拥挤确认,石油行业,2021-09-10,0.3240868245784938,0.26341670855549393,-0.1473954997110486,-0.01824733181221294,-0.045038675335570266,-0.08374746102939734,-0.13581964372047495,-0.038624105978576684,-0.09236647016877964,-0.09236647016877964,-0.033948618929142915,0.26341670855549393,0.26341670855549393
E2 拥挤确认,农药兽药,2021-09-14,0.10896731499207313,-0.03400576615546891,-0.13361610232158594,0.024525710687097746,-0.10074538647817255,-0.150436032926894,-0.03400576615546891,-0.0846452637310755,-0.09576754212572969,-0.1039562728637351,-0.03663913879856562,0.030506560928774018,-0.03400576615546891
E2 拥挤确认,采掘行业,2021-09-15,0.15913136448060805,0.11006690030715593,-0.08117380728176005,0.015202687718452568,-0.09599336266169856,-0.13661359376489157,0.11006690030715593,0.022253175507989775,-0.05590858011243882,-0.09599336266169856,-0.01806614043452226,-0.05213072314809353,0.11006690030715593
E2 拥挤确认,船舶制造,2021-09-23,0.0816387909552081,0.01628911058046789,-0.05460703984987525,-0.10219273414649432,-0.09814380914918575,-0.16155770518527368,0.01628911058046789,-0.05461958483032281,-0.04603218732255154,-0.0844748990206049,-0.010982139386276568,-0.12505859338644598,0.01628911058046789
E2 拥挤确认,燃气,2021-09-28,0.03205831569096729,-0.017596726707284183,-0.12752473943522336,-0.15734057640783117,-0.10912383300087247,-0.1264359457903249,-0.18253894030514373,-0.1119971832978961,-0.1264359457903249,-0.1432299881657545,-0.10453074392138151,-0.1119971832978961,-0.017596726707284183
E2 拥挤确认,游戏,2021-11-05,0.12721112104182186,-0.11308855432676856,-0.04734041665652222,-0.10172492754314222,-0.058085590689056055,-0.046322558039561645,-0.12720170422612864,-0.07487608575971694,-0.019106011413832502,-0.053171729245721,-0.025590183783663734,-0.053171729245721,-0.11308855432676856
E2 拥挤确认,橡胶制品,2021-11-09,0.12322663029216696,-0.00946171145022523,-0.05111501754987413,-0.10715123570878082,-0.08591290732229895,-0.13087289011846215,-0.00946171145022523,0.003947874532367335,-0.0460029392706951,-0.0460029392706951,-0.02822199881751486,-0.11094706124629894,-0.00946171145022523
E2 拥挤确认,汽车零部件,2021-11-22,0.15333097849530142,0.0006037940370138273,-0.048768836165932083,-0.04650036576225991,-0.07609704875121082,-0.12831839494421182,0.0006037940370138273,-0.030413429053520957,-0.009529375680151997,-0.02818157211036998,-0.026367892396670478,-0.11315660719443388,0.0006037940370138273
E2 拥挤确认,包装材料,2021-12-02,0.14850933095162344,-0.04094718789612051,0.027881111069803843,-0.08606955001836858,0.022378261187583348,-0.05732489072222524,-0.09988412194193619,0.1356038241632338,0.05520148999395813,0.036486620502971245,-0.02137728179594378,-0.0732204482192429,-0.04094718789612051
E2 拥挤确认,文化传媒,2021-12-14,0.13247276549120768,-0.044695709777586745,-0.02832674779331401,-0.07272251008785446,0.024271523354718605,-0.045710524391784135,-0.09848043403243201,0.1256126941204163,0.015375325400272866,-0.038628555748703164,0.05920566521005055,0.015375325400272866,-0.044695709777586745
E2 拥挤确认,装修建材,2022-01-07,0.005201528027513946,-0.04376608312270003,-0.024092065133637708,-0.07424094333295272,-0.0967097042412417,-0.15380270366769533,-0.18633566766070275,-0.05612624946907563,-0.012318916914537015,-0.1031613997176567,-0.03916206417375778,-0.03195092973068947,-0.04376608312270003
E2 拥挤确认,医疗器械,2022-01-11,0.06559371482320708,-0.1713290521455001,0.004282511454645421,-0.14437919236781394,-0.07869347880799271,-0.08863632323639692,-0.14645061222379752,-0.07869347880799271,-0.0853931802962763,-0.08863632323639692,-0.0853931802962763,-0.021214023981928287,-0.1713290521455001
E2 拥挤确认,软件开发,2022-01-18,0.002439093613192833,-0.032758995340451236,-0.17246908623902069,-0.22605860923557752,-0.0960052335386764,-0.15476287302268465,-0.2012924948866076,-0.06130685823290771,-0.06130685823290771,-0.06036100298384717,-0.1063138404947307,-0.06130685823290771,-0.032758995340451236
E2 拥挤确认,互联网服务,2022-01-19,0.002765971278235524,-0.047356401954219085,-0.1407308802780437,-0.17103511807056115,-0.10423554943839852,-0.13813462413562383,-0.19673744265076165,-0.048724766627028515,-0.048724766627028515,-0.07704151382716806,-0.07704151382716806,-0.1386357395153578,-0.047356401954219085
E2 拥挤确认,工程咨询服务,2022-01-19,0.21795659950136903,-0.09888343549641154,0.12269964228246155,-0.048436559171814,0.05474208064567043,0.0014579258143370133,-0.02623451761038409,0.010726863463567993,0.008672663069670294,0.06883240792307888,0.0888402555443244,-0.10194845581089662,-0.09888343549641154
E2 拥挤确认,旅游酒店,2022-02-10,0.2646546307260109,0.0610291943233634,-0.07736323828179947,-0.14892174332185804,-0.10735938429855141,-0.16151878575868606,-0.16231641683578457,-0.11504410486728234,-0.1052639387115919,-0.12651200770412818,-0.0716499958021175,-0.1052639387115919,0.0610291943233634
E2 拥挤确认,珠宝首饰,2022-02-15,0.04463746642189648,-0.11974983021613206,-0.07148280283506914,-0.09223285041957785,-0.07303277489260485,-0.12871633105187763,-0.16696788771677118,0.022083353768289404,-0.0069949700069029674,-0.07303277489260485,-0.009388031186374879,-0.07496163787699639,-0.11974983021613206
E2 拥挤确认,航运港口,2022-02-28,0.11407787412200321,0.05802110312865616,0.08096535483287215,0.018990162837853486,-0.02574091252277344,-0.0628977204332325,0.05802110312865616,-0.0007244379166050363,-0.0007244379166050363,0.003604571684529656,0.021532666584689775,0.08497422072601557,0.05802110312865616
E2 拥挤确认,家用轻工,2022-03-07,0.10117532954952635,0.07561039282375037,-0.046816081218138184,0.019769438151800767,0.07561039282375037,0.07561039282375037,0.07561039282375037,-0.011051234185759262,-0.011051234185759262,-0.03873081992391003,-0.025543488976987327,-0.055903191812964326,0.07561039282375037
E2 拥挤确认,化学制药,2022-03-14,0.0211422030999584,-0.15894201287836363,-0.12611280033930639,-0.1924966044613099,-0.09854192949484042,-0.14374668960321202,-0.19239483613072106,-0.024298655833609906,-0.006790087253916499,-0.05225834067234947,-0.0297011369076583,-0.0357205246130331,-0.15894201287836363
E2 拥挤确认,医药商业,2022-03-14,0.16491174053388047,-0.0201562590283334,-0.146099660137601,-0.14858294762389834,-0.06948815678559928,-0.09962278505973143,-0.17146727300865527,-0.014190263593161001,-0.014190263593161001,-0.04605424407983616,-0.08234998931213477,-0.1665406852569672,-0.0201562590283334
E2 拥挤确认,房地产开发,2022-03-22,0.14825015284392307,-0.14686040866521521,-0.07989524000813808,0.0011170872684660438,0.06704985015223608,-0.05056843897024166,-0.08875936184717226,0.0682622725259816,0.03336868716698693,0.015589442611152027,-0.056969655423850574,0.06829274384499517,-0.14686040866521521
E2 拥挤确认,房地产服务,2022-03-23,0.15263214345359954,-0.17335578577738187,-0.13233325744059266,-0.10304713838545998,0.008547969112815856,0.03066429739748955,-0.08060811754525155,0.06127539833062268,0.08587925246159123,0.03066429739748955,0.06127539833062268,0.044577883049375044,-0.17335578577738187
E2 拥挤确认,水泥建材,2022-04-07,0.0107688886961812,-0.2405234232518041,-0.19559449719163702,-0.21130583964665894,-0.10533300095943887,-0.15829277686182774,-0.17321721737251827,-0.07625608446054832,-0.059931770600526124,-0.0963537621898578,-0.030379679310344798,-0.2405234232518041,-0.2405234232518041
E2 拥挤确认,钢铁行业,2022-04-07,0.03619341953786415,-0.19364696717287788,-0.08141045977547778,-0.14589140592910077,-0.07123413578415794,-0.11629385388823144,-0.1764619761215651,-0.005182899497105153,0.010365531487054325,-0.05758879315070464,-0.19364696717287788,-0.014156054258754436,-0.19364696717287788
E2 拥挤确认,商业百货,2022-04-12,0.034314200083456425,-0.12361241743965479,-0.15287675002489653,-0.17459749437324723,-0.10061095895608319,-0.132286989993185,-0.17969602617032754,0.012410195406857838,-0.0038285054279126873,-0.0867468785637554,-0.10061095895608319,-0.016181495777177424,-0.12361241743965479
E2 拥挤确认,化学原料,2022-04-15,0.015825071568262183,-0.2276521158280731,-0.09995269128222806,-0.1359597739292706,-0.08206732273307038,-0.14127801524037364,-0.19554963061392683,-0.025777823550768075,-1.40055129210781e-05,-0.06377469166617944,-0.09868389529733768,-0.043561161984926766,-0.2276521158280731
E2 拥挤确认,农牧饲渔,2022-04-19,0.0,-0.21583123941625726,-0.15266482180872643,-0.13117942446672737,-0.09128643094769984,-0.17230385809419368,-0.20532457420981032,-0.03412311318149108,-0.05376728988238,-0.14642601288547086,-0.21583123941625726,-0.03412311318149108,-0.21583123941625726
E2 拥挤确认,纺织服装,2022-04-22,0.0,-0.1498679877660518,-0.15578820459770037,-0.16013761511047775,-0.11111288417110377,-0.152293528937535,-0.1498679877660518,-0.09671370333687868,-0.09671370333687868,-0.13029957612372833,-0.10064171960286661,-0.09671370333687868,-0.1498679877660518
E2 拥挤确认,银行,2022-04-25,0.0,-0.13841239132417937,-0.2447497091965405,-0.2578672803007107,-0.12075907480793369,-0.14906570640508066,-0.19724008179626662,-0.01743497114191539,-0.01743497114191539,-0.16250767162077884,-0.22932573149997293,-0.13841239132417937,-0.13841239132417937
E2 拥挤确认,汽车整车,2022-05-13,0.29899411042379587,-0.05193837935021561,0.16805317283252208,0.061273495264934086,0.16338370973723926,0.08350245684527136,0.03356353863760786,0.18476592951010562,0.13695840112710544,0.15481056782953706,0.17335201877837592,0.224413114410404,-0.05193837935021561
E2 拥挤确认,汽车服务,2022-05-30,0.07723794135921458,0.010131677598770983,-0.06649589882672424,-0.08255999479084297,-0.02118185116441329,-0.08480319631923638,0.010131677598770983,-0.025900572853375214,-0.03215209400677976,-0.02118185116441329,-0.04228663773983121,-0.013834484199340968,0.010131677598770983
E2 拥挤确认,风电设备,2022-06-22,0.15646899460150165,-0.2056419966003905,-0.06568558087777554,-0.15457566116635912,0.06215821988957937,-0.01898986827416982,-0.05325265304473137,0.055555501151471454,-0.01898986827416982,-0.01898986827416982,-0.0044869879268549795,-0.06291996862146598,-0.2056419966003905
E2 拥挤确认,家电行业,2022-06-24,0.10048811075729236,0.08577025448384545,0.02617205975318071,-0.020020566431907416,-0.053549693809449295,0.08577025448384545,0.08577025448384545,0.007635483274485821,-0.021505583500872616,-0.0038296630138459076,-0.002329668938717333,0.08577025448384545,0.08577025448384545
E2 拥挤确认,铁路公路,2022-06-30,0.13091906324858082,0.02859067488125744,0.04968116469331463,0.11544786900540682,0.015060179884595293,0.02859067488125744,0.02859067488125744,-0.042171480521128624,-0.028693356232094347,-0.03773406128520085,-0.03234073446887409,0.02859067488125744,0.02859067488125744
E2 拥挤确认,电机,2022-07-01,0.0372786873118951,-0.10722500701914406,-0.06424967810924054,-0.1542514359301821,-0.07316586189476681,-0.1330657548010178,-0.15906444702771627,-0.03079913449772298,-0.02319879982605977,-0.02319879982605977,-0.02763698479829957,-0.07316586189476681,-0.10722500701914406
E2 拥挤确认,能源金属,2022-07-04,0.0,-0.4429981502841356,-0.19578693184878881,-0.31502915332075787,-0.11001647348209131,-0.13025518104018152,-0.18871207100041687,-0.08585045388050627,-0.14245822530502894,-0.13025518104018152,-0.10322086214342674,-0.07719770751293753,-0.4429981502841356
E2 拥挤确认,专用设备,2022-07-08,0.13303393641203343,0.057668342462241284,0.030533857517868412,0.011678635548589167,0.018325071008715277,0.057668342462241284,0.057668342462241284,0.0816195730398368,0.04982924731949656,0.032963528997968394,0.07905066470303024,0.057668342462241284,0.057668342462241284
E2 拥挤确认,电网设备,2022-07-11,0.060456752146759385,0.012640291737384013,-0.004119781343140172,-0.030689603705218005,-0.03827654790288215,0.012640291737384013,0.012640291737384013,0.04213772275180583,-0.021661083606481446,-0.021661083606481446,-0.021661083606481446,-0.021661083606481446,0.012640291737384013
E2 拥挤确认,电源设备,2022-07-15,0.26728256027705677,0.04093098879691315,0.21918533219596714,0.20134318846563737,0.14179284018146787,0.09330055057281084,0.04093098879691315,0.07424339685400994,0.10616291179109583,0.1702076320573156,0.21918533219596714,0.07424339685400994,0.04093098879691315
E2 拥挤确认,通用设备,2022-07-20,0.085610333513086,-0.008675223872293358,0.03803672295754312,-0.02435598539611672,-0.030035513956019777,-0.008675223872293358,-0.008675223872293358,0.01804368292640124,0.0047583195162992364,-0.0020152358373694,0.00919376122588278,-0.008675223872293358,-0.008675223872293358
E2 拥挤确认,综合行业,2022-07-27,0.05581713967691693,-0.1080939950681411,-0.038589241475124436,-0.03371851402568693,-0.05210486420334348,-0.11008572400466188,-0.1080939950681411,0.04042305652086342,-0.014148782562250828,-0.013204676719242747,-0.1080939950681411,-0.1080939950681411,-0.1080939950681411
E2 拥挤确认,橡胶制品,2022-08-01,0.003713402002278654,-0.12597901370997422,-0.13608833690964917,-0.10830027801021835,-0.10687301958091022,-0.15714222123107824,-0.12597901370997422,-0.07112153016730827,-0.10687301958091022,-0.10687301958091022,-0.051409546200792855,-0.12597901370997422,-0.12597901370997422
E2 拥挤确认,船舶制造,2022-08-03,0.4797706589173698,0.31743548857089343,0.1271506294185707,0.04436410141706748,0.03164128017601775,0.31743548857089343,0.31743548857089343,0.048136467498148816,0.05483489836885069,0.06693881689696535,0.07136377432904717,0.31743548857089343,0.31743548857089343
E2 拥挤确认,非金属材料,2022-08-09,0.04524755995056062,-0.32346375687737894,-0.12550271061354046,-0.16697642723201667,-0.0630309025619451,-0.10941546075539565,-0.1677892975005535,-0.0188470787420848,-0.027030903179372734,-0.027030903179372734,-0.02037015194961156,-0.02037015194961156,-0.32346375687737894
E2 拥挤确认,塑料制品,2022-08-19,0.017134212980638885,-0.16471892111776765,-0.07516735535788654,-0.0962676604653464,-0.07446723499557961,-0.14294353116229186,-0.18477092573597975,-0.029212006144890945,-0.032438607144003484,-0.07362444821198677,-0.02841028946865909,-0.1041362483286693,-0.16471892111776765
E2 拥挤确认,燃气,2022-08-23,0.05289240405586226,-0.04019973115816733,-0.05887080260021971,-0.1177279817894974,-0.05721028474210432,-0.1053391778267726,-0.1670714704309949,-0.03143022281722596,-0.028314975571819945,-0.05721028474210432,0.00956706740975899,-0.04019973115816733,-0.04019973115816733
E2 拥挤确认,家用轻工,2022-09-02,0.07076924061309287,0.03238971642615396,0.030959256924923517,0.03920140063862698,0.03238971642615396,0.03238971642615396,0.03238971642615396,-0.003140554779192284,0.009020446089363698,0.009155558687577114,0.021401711684113867,0.03238971642615396,0.03238971642615396
E2 拥挤确认,采掘行业,2022-09-13,0.1299039161443294,0.10025928988893185,-0.028394078004899126,-0.007784411345951314,-0.07844357358201948,0.10025928988893185,0.10025928988893185,-0.026955561481923684,-0.025076553933851997,-0.029575466284454732,0.012742198334017907,0.10025928988893185,0.10025928988893185
E2 拥挤确认,装修装饰,2022-09-21,0.048441230140793934,0.014069274896029382,-0.05768068524303449,-0.030743611499945978,-0.07031468631404392,0.014069274896029382,0.014069274896029382,0.017106172239270467,-0.010017883434362718,-0.05393442560230033,-0.04502403359480567,0.014069274896029382,0.014069274896029382
E2 拥挤确认,航空机场,2022-09-27,0.05678632585088095,-0.2135073892657653,0.02088865323803657,-0.0460387414638892,-0.1072441514186474,-0.12722638003663989,-0.16482312982296743,-0.06159059054431826,-0.12748881174289817,-0.10417774922056522,-0.03483956055137061,-0.2135073892657653,-0.2135073892657653
E2 拥挤确认,教育,2022-10-17,0.30249256539621894,0.10268544252414769,0.12639326857528177,0.14296835303046707,0.13726333703135163,0.11230844154389197,0.10268544252414769,0.12406895680103602,0.08004028400265706,0.12239421671518502,0.026409076649315688,0.09313396501098725,0.10268544252414769
E2 拥挤确认,仪器仪表,2022-10-24,0.16863056351362649,0.09926030187649215,-0.03612031676337368,0.030049847404787,0.09926030187649215,0.09926030187649215,0.09926030187649215,-0.007366709103808655,-0.04441347425377706,-0.04814669847379527,0.0012776545553632168,0.09926030187649215,0.09926030187649215
E2 拥挤确认,软件开发,2022-10-31,0.23889231913839648,0.033242337514405085,-0.017392261788110264,0.07919445521066781,-0.10740501310327444,0.035879396354066895,0.033242337514405085,-0.06901327696568671,-0.10740501310327444,-0.10291617586207968,0.07240582656169003,0.15514936133448276,0.033242337514405085
E2 拥挤确认,医药商业,2022-11-02,0.18774085019383402,0.02122922024518492,-0.024198291941364247,0.07391802399929648,0.049826853192785014,-0.0003079465900293066,0.02122922024518492,0.1354540521806047,0.024699398381129445,0.03155419838392315,0.062162254832180075,0.02122922024518492,0.02122922024518492
E2 拥挤确认,贵金属,2022-11-09,0.2964685504950091,0.13018279852896542,0.01276123885756042,0.13127026180910217,0.10063815529092102,0.038376530583812185,0.13018279852896542,0.012776561685567955,-0.00925602681128801,0.02630297054256947,0.025679204291569446,0.13018279852896542,0.13018279852896542
E2 拥挤确认,化学制药,2022-11-18,0.050564808768311265,-0.009354254511735327,-0.07160376348252895,-0.06929782590717104,-0.048913301950637034,-0.10319683471674357,-0.16010353902167362,-0.042169065637585934,-0.014036502615840774,-0.048913301950637034,-0.04835572115045039,0.010746406980090217,-0.009354254511735327
E2 拥挤确认,医疗器械,2022-11-21,0.035207659241936806,-0.10193197140211685,-0.08065152811835596,-0.09884982356364114,-0.07281035687922666,-0.12521670398916462,-0.17954841622659046,-0.020509773389678854,-0.028335281541363555,-0.028335281541363555,-0.0081058376589217,-0.10193197140211685,-0.10193197140211685
E2 拥挤确认,房地产开发,2022-11-29,0.0,-0.2284854570875089,-0.12804321603054414,-0.22208988195732215,-0.10749386974085451,-0.15309471649651907,-0.2104027096947687,-0.031979733686276046,-0.1303561550739991,-0.09889483191144532,-0.046853333161389066,-0.2284854570875089,-0.2284854570875089
E2 拥挤确认,房地产服务,2022-11-29,0.14643699171043245,-0.03035471386488131,-0.06255752633779288,-0.15690787281272112,-0.10045553747055402,-0.14927869961295082,-0.03035471386488131,0.008733339312493538,-0.07143278048826007,-0.06126748509365254,-0.027878201543093395,-0.03035471386488131,-0.03035471386488131
E2 拥挤确认,装修建材,2022-11-29,0.0847629042618967,-0.17108421365611248,0.06800880765983064,-0.12039019275298035,-0.023232680347847534,-0.09273870432223141,-0.1444409065375969,0.049219249608595694,0.010595791713589042,-0.004579468554445798,0.03060855105928928,-0.17108421365611248,-0.17108421365611248
E2 拥挤确认,商业百货,2022-12-07,0.0872173478464322,-0.025104690014161934,-0.06484022722829164,-0.03848040428125665,-0.031517991056625116,-0.0778895482623202,-0.025104690014161934,-0.0020032294536310724,-0.06480360516224637,-0.06728929966782926,-0.0020032294536310724,-0.025104690014161934,-0.025104690014161934
E2 拥挤确认,食品饮料,2022-12-14,0.05306017825977394,-0.07190372887438667,-0.049035485598483475,-0.07084049095684464,-0.03777046407193729,-0.10594909568743738,-0.07190372887438667,0.016219316391077987,-0.045073724720164576,-0.0411522911041432,0.0018062542063652653,-0.07190372887438667,-0.07190372887438667
E2 拥挤确认,美容护理,2022-12-22,0.03323120406953439,-0.24674500026813906,-0.1113237545504735,-0.1662359038044332,-0.07124640814663175,-0.13747318279453824,-0.17521394040206784,-0.06425024247198019,-0.07890761737845553,-0.06439781606360462,0.004062067143737913,-0.21490005400947554,-0.24674500026813906
E2 拥挤确认,文化传媒,2022-12-30,0.3736911118986985,0.1912153811064894,0.1461284985403879,0.1525836070336981,0.18370683094196583,0.14378601742858765,0.1912153811064894,-0.05129870635269518,0.1463489905519828,0.17988824140298987,-0.027402623801869197,0.20330097721983886,0.1912153811064894
E2 拥挤确认,造纸印刷,2023-01-04,0.2774905905451013,0.04041976691163485,-0.07931723509403776,0.09116232109728206,-0.09333426116180255,0.07645278000364075,0.04041976691163485,-0.011140115491187874,-0.049717213115835546,-0.049717213115835546,-0.09250125127668929,0.04041976691163485,0.04041976691163485
E2 拥挤确认,珠宝首饰,2023-01-10,0.054054640282964694,0.054054640282964694,-0.04981099627910679,-0.015586745464208351,-0.0741097577773776,0.054054640282964694,0.054054640282964694,-0.06625770224048988,-0.054947225561016944,-0.060398184465678906,-0.0466773586283834,0.054054640282964694,0.054054640282964694
E2 拥挤确认,医疗服务,2023-01-16,0.00954067211230547,-0.24063951844930564,-0.12985194069506434,-0.2436142998264842,-0.101634650291615,-0.11836237558686358,-0.19963038954052337,-0.06693410956404455,-0.1202367275743984,-0.0987156321582714,0.00954067211230547,-0.24063951844930564,-0.24063951844930564
E2 拥挤确认,互联网服务,2023-02-06,0.21509534133009045,0.04608209625647253,0.14917906573007,0.05207685081847235,0.09510143066443177,0.028236090997705077,0.04608209625647253,-0.03331425306032976,0.11572617722679457,0.08004120374040169,-0.01228188966241206,0.13580570368455502,0.04608209625647253
E2 拥挤确认,计算机设备,2023-02-15,0.31686634526323854,0.23991305115236528,0.08652684774601926,0.15604893340833215,0.18515844468288356,0.10533209363659024,0.23991305115236528,0.04810117072620623,0.09139200175051942,0.16725175324594965,0.16639122499295644,0.23991305115236528,0.23991305115236528
E2 拥挤确认,通信服务,2023-02-15,0.25739889266546623,0.21367457621453223,0.044945496008567565,0.10458327719339877,0.04030967360266802,0.21367457621453223,0.21367457621453223,0.08691117296111806,0.08236986979796979,0.044945496008567565,0.04030967360266802,0.21367457621453223,0.21367457621453223
E2 拥挤确认,工程机械,2023-02-20,0.1639983060272836,0.05972065050458264,-0.06059365488656576,-0.008215467973672341,-0.07942427540266483,0.05972065050458264,0.05972065050458264,-0.018552480502457058,-0.058724943479565805,-0.058724943479565805,0.05972065050458264,0.05972065050458264,0.05972065050458264
E2 拥挤确认,游戏,2023-02-20,0.7297437813641607,0.26529200124601005,0.4125439835716527,0.3071619528721503,0.41502818873991854,0.38428023330562944,0.3869950070128083,-0.005553998288590156,0.4325818300945008,0.4325818300945008,0.32228241721681017,0.38428023330562944,0.26529200124601005
E2 拥挤确认,船舶制造,2023-03-21,0.3463084281289388,0.2574255508009968,0.22897142792429692,0.12668652053155172,0.14952368567623142,0.10168557846940063,0.2574255508009968,-0.007971304265389834,0.01691420601841953,0.01691420601841953,0.12779376791859542,0.2574255508009968,0.2574255508009968
E2 拥挤确认,工程咨询服务,2023-03-22,0.15283772223933023,0.03866442176974427,0.030659644260777608,0.04938098194146856,0.020691494093127094,-0.10923863831229563,-0.08706835564639048,-0.04436818680156962,-0.026586632912902086,0.02790580062964909,-0.04843499178940758,-0.05193997902955849,0.03866442176974427
E2 拥挤确认,通信设备,2023-03-22,0.26822798122989955,0.193041395339703,0.2245484132620379,0.05565392607446329,0.12248504249949366,0.042205749755476196,0.002779523200810319,-0.005209049380668018,-0.014501381404608993,0.08147808812230362,0.08913034723747759,0.05100458953078424,0.193041395339703
E2 拥挤确认,半导体,2023-03-23,0.11665971348124704,-0.11225057655114812,0.003530289844108525,-0.05757255724306609,-0.014618263759838657,-0.05628572313867919,-0.11259740055013445,0.046848566591927154,0.015200672705857565,-0.04148573869515737,-0.014618263759838657,0.046848566591927154,-0.11225057655114812
E2 拥挤确认,消费电子,2023-03-24,0.10185791208023565,0.06770404195926649,-0.004002479907975642,-0.03814506471368351,-0.09410583381882254,0.06770404195926649,0.06770404195926649,-0.023689388417984958,-0.06385602748198316,-0.06385602748198316,0.0005373808473994046,0.06770404195926649,0.06770404195926649
E2 拥挤确认,石油行业,2023-04-17,0.5204713517900208,0.3560031140438704,0.0033263605835991417,0.14334979609203136,-0.04003552734409066,0.3560031140438704,0.3560031140438704,0.026851632289502048,-0.02019168444641173,-0.0383012525758466,0.3600568322188986,0.3560031140438704,0.3560031140438704
E2 拥挤确认,工程建设,2023-05-08,0.0,-0.10942132462454457,-0.06108766445869385,-0.14960570953326913,-0.10255091383924464,-0.16382130297905062,-0.10942132462454457,-0.05128137909145536,-0.06698475262697878,-0.10819506174719995,-0.038341303166659846,-0.10942132462454457,-0.10942132462454457
E2 拥挤确认,银行,2023-05-08,0.3808831385861964,0.24267859312290097,-0.02604926012856945,-0.006463885902269539,-0.11299614660290047,0.13486849918680743,0.08091337188953185,-0.05772197093174747,-0.07400544782772245,-0.11299614660290047,-0.03947212956971391,0.24267859312290097,0.24267859312290097
E2 拥挤确认,多元金融,2023-05-09,0.012225349176796518,-0.15676954307587798,-0.019105061038160898,-0.12554222839353169,-0.08151853541403731,-0.14952550357217997,-0.15676954307587798,-0.09821079845960679,-0.09821079845960679,-0.11644963692103871,-0.09262215151611664,-0.15676954307587798,-0.15676954307587798
E2 拥挤确认,证券,2023-05-09,0.28550652356282225,0.09836879783359298,0.12501964107261698,0.11466944978597615,0.07364896871263982,0.08484116120407426,0.09836879783359298,-0.04297153086179906,-0.04297153086179906,-0.06106999640935973,0.07364896871263982,0.09836879783359298,0.09836879783359298
E2 拥挤确认,汽车服务,2023-05-11,0.03818826063593317,-0.21658812076235123,-0.05438363958567605,-0.038061151127375736,-0.07323999628014422,-0.13890613110731365,-0.17869365626004663,-0.0705921365316956,-0.06341491099911134,-0.04557948374272147,-0.08641989632358604,-0.13890613110731365,-0.21658812076235123
E2 拥挤确认,电子化学品,2023-05-24,0.06064769216643695,-0.003550724876223099,-0.11784875078244594,0.03504921521980364,-0.10278714923374899,-0.10752872776235178,-0.1353540883573423,-0.05090177557665976,-0.03389465776780354,-0.05595851424496878,-0.036351624399389104,-0.12000710973334827,-0.003550724876223099
E2 拥挤确认,公用事业,2023-05-26,0.17487049877098526,0.11248715314041946,0.06900192938090877,-0.05649934980474436,-0.08862149681119269,-0.0460091395969664,-0.07439152790067394,-0.04060369196498881,-0.015313151392293611,-0.013779912655149551,-0.048867112547254066,0.11248715314041946,0.11248715314041946
E2 拥挤确认,仪器仪表,2023-06-01,0.05864125256670971,-0.1376287702630954,-0.01742018652841848,0.021235596530112977,-0.06560551911360013,-0.10831654857396789,-0.16849136565221812,-0.014518484226637596,-0.012431569982710555,-0.02320823074521139,-0.014518484226637596,-0.12299307231700107,-0.1376287702630954
E2 拥挤确认,汽车零部件,2023-06-29,0.15249261600700614,0.02604723637889439,0.04750229593167732,0.0965579257791398,0.025746679890530144,-0.047949815293570675,0.02604723637889439,-4.440256224536032e-05,0.005945788208698399,0.07245152864997406,0.008224040583385772,0.02604723637889439,0.02604723637889439
E2 拥挤确认,通用设备,2023-06-30,0.02124634223411692,-0.11119642203457403,-0.027178549556337916,0.005049485528405562,-0.09430933430928312,-0.1488108175570173,-0.11119642203457403,-0.03124940119737296,-0.060412703488146424,-0.06267191070322564,-0.05112091610801428,-0.09430933430928312,-0.11119642203457403
E2 拥挤确认,电机,2023-07-12,0.0460250085604994,-0.14926744378689294,-0.07089102597413455,0.022962275246740216,-0.09373242349934452,-0.1405486385703847,-0.14926744378689294,-0.05064141231686703,-0.09487454662439665,-0.09697913719178852,-0.058450307744911,-0.13285937333664966,-0.14926744378689294
E2 拥挤确认,房地产服务,2023-07-21,0.21137784332918264,-0.008819060371667131,0.022925964161010448,0.006572755159439003,0.03646913789633843,-0.013361210301094273,-0.12242750012246739,0.11837421645890411,0.04744990745527122,0.04221611422558835,0.09583654527238994,-0.12242750012246739,-0.008819060371667131
E2 拥挤确认,装修装饰,2023-07-26,0.08449322126951286,-0.1427328613865878,-0.004417374689625997,0.04733112258337768,-0.10367750307228207,-0.09807973722493624,-0.14089540570695547,-0.03527999676121274,-0.016826881044025188,-0.030959025202457524,-0.005635454243751115,0.04712827875225867,-0.1427328613865878
E2 拥挤确认,房地产开发,2023-07-28,0.046709723516743074,-0.15935545935116457,-0.09798134284283111,-0.12174760958469366,-0.06721768562060881,-0.11504930238167055,-0.15305186076377586,-0.01804855815174866,-0.029522362226445886,-0.06732843046701831,-0.020544197032306366,-0.15935545935116457,-0.15935545935116457
E2 拥挤确认,环保行业,2023-08-28,0.0,-0.17067943570323496,-0.0594574108455761,-0.17070910700977537,-0.15760430123822466,-0.19432723869406232,-0.20247325896508317,-0.056436066793997486,-0.056436066793997486,-0.06243140188259522,-0.056436066793997486,-0.15760430123822466,-0.17067943570323496
E2 拥挤确认,煤炭行业,2023-09-14,0.43642769514481494,0.15496984121593638,0.06207842654165985,0.15389166398368914,-0.0498481340446959,0.18995965978030327,0.15995001348327986,-0.04696950677664469,-0.08522659296817059,-0.08522659296817059,0.15496984121593638,0.15496984121593638,0.15496984121593638
E2 拥挤确认,医疗服务,2023-09-27,0.05533585441945599,-0.22996311288687943,-0.055284378102724685,-0.19950872967102495,-0.04585045668027865,-0.11869178131645663,-0.1691549650948928,0.018967148996673178,0.010060080446254283,-0.025351549313083588,0.01740882414649314,-0.10819475137009593,-0.22996311288687943
E2 拥挤确认,采掘行业,2023-09-28,0.19327248838894384,-0.08902213462309105,-0.06930067763424497,0.0845665459673488,-0.08358067874468766,0.01260873070666424,-0.061233598487155705,0.021889810534881926,-0.0020817932933604455,-0.08358067874468766,0.021889810534881926,0.11048722919756515,-0.08902213462309105
E2 拥挤确认,化学制药,2023-10-13,0.012153529906194116,-0.10486012253264954,-0.019189479672389487,-0.08854979031266874,-0.07511330093001345,-0.10486012253264954,-0.10486012253264954,-0.033337730957240796,-0.03724227656508805,-0.018015738897093847,-0.039096930415958187,-0.10486012253264954,-0.10486012253264954
E2 拥挤确认,汽车整车,2023-10-18,0.2722993258516724,0.15989598612995026,-0.06037296353402288,0.15043150499249025,-0.042563004743832566,0.15989598612995026,0.15989598612995026,0.0037567776906437533,0.011974053463472023,-0.010970408543682808,0.0046703638779688195,0.15989598612995026,0.15989598612995026
E2 拥挤确认,光学光电子,2023-11-07,0.06072978823536124,0.028534445428304966,-0.0635996540168613,-0.09691046437682493,-0.0635996540168613,0.028534445428304966,0.028534445428304966,-0.015760135383679152,-0.0228961576845661,-0.017405188698790597,-0.00030403842501403044,-0.08003594569405803,0.028534445428304966
E2 拥挤确认,消费电子,2023-11-15,0.2028376199479831,0.08385788255750182,-0.049037334013570466,0.009613884626421765,-0.057308410866876214,0.08385788255750182,0.08385788255750182,-0.011584553579983004,-0.03653175621758886,-0.017427521186455186,-0.02466648572615826,0.08385788255750182,0.08385788255750182
E2 拥挤确认,铁路公路,2023-12-06,0.36736306411914343,0.05033497923911345,0.020062565497015017,0.09336823065972544,0.04635764248871177,0.09021738426456372,0.03834105158115708,0.014164122847345473,0.0618992866121173,0.010756920806173076,0.06265921277466946,0.05033497923911345,0.05033497923911345
E2 拥挤确认,家用轻工,2023-12-22,0.1258011286555285,0.0219836432937095,-0.04111996713877242,-0.07810396297342503,-0.08664275165745894,-0.11090380743980921,-0.1364085876063842,-0.00905095274537071,0.06735481337586724,-0.05548568488610439,-0.08664275165745894,0.06735481337586724,0.0219836432937095
E2 拥挤确认,旅游酒店,2024-01-16,0.01944924957697647,-0.2464478759577461,-0.028543190269218366,-0.09947973295430057,-0.09641935430521009,-0.13822059504355622,-0.18872603188787274,-0.006859962481441717,-0.006859962481441717,-0.06747005252300198,0.0016390949139015731,-0.006859962481441717,-0.2464478759577461
E2 拥挤确认,纺织服装,2024-01-16,0.0,-0.2219326254092775,-0.16806820194850158,-0.2294592069775554,-0.159778196518777,-0.1515835422658437,-0.18747286410620057,-0.022728533055876077,-0.022728533055876077,-0.1515835422658437,-0.1515835422658437,-0.032099207701806076,-0.2219326254092775
E2 拥挤确认,综合行业,2024-01-17,0.658205932558406,0.2426738777240851,-0.18245013947453348,-0.24400577076220653,-0.13288660816953946,-0.15706797692724506,-0.2033409005461564,-0.051752764500887394,-0.051752764500887394,-0.12049409074859085,-0.051752764500887394,-0.07763796888549657,0.2426738777240851
E2 拥挤确认,石油行业,2024-01-26,0.18225734944594585,-0.17617151541776477,0.01228207647567503,0.0487348656024893,0.0030557524559582383,-0.04227995704602505,-0.08641192452055368,0.10512204838495198,0.057613244743871084,0.023441618775124518,0.03519644563000712,-0.17617151541776477,-0.17617151541776477
E2 拥挤确认,银行,2024-01-26,0.3254523072374118,0.06511866310045322,0.00033669538240999053,0.16293685535557856,0.05458754343062866,-0.02897531343263171,-0.07514080362826325,-0.06952624209981995,0.07450227408702803,-0.07277865696970054,0.019776200170895875,0.06511866310045322,0.06511866310045322
E2 拥挤确认,工程咨询服务,2024-01-29,0.003878326302185542,-0.08479401598828507,-0.09235229801347955,-0.08316246730977517,-0.17591314159880278,-0.2257191360236891,-0.20644795256706494,-0.038889056883113615,-0.038889056883113615,-0.2257191360236891,-0.17591314159880278,-0.17591314159880278,-0.08479401598828507
E2 拥挤确认,多元金融,2024-01-31,0.12892975888394154,-0.1321067209417638,-0.12610531115510637,-0.08646777610595424,-0.10441258932929687,-0.15701324278923645,-0.11294340060749697,-0.015616381261792212,-0.015616381261792212,-0.11170015037466752,-0.10441258932929687,0.06731393237261218,-0.1321067209417638
E2 拥挤确认,珠宝首饰,2024-02-05,0.060519360247600185,-0.35134878800008373,-0.09497086208299399,-0.1667638673862153,-0.10458991408617602,-0.11151319553091121,-0.17437426128509081,-0.026389880710229296,-0.026389880710229296,-0.0991216539879145,-0.11054117568398891,-0.043762870356032324,-0.35134878800008373
E2 拥挤确认,通信设备,2024-02-27,0.19899083618268176,0.05775535365334994,0.018200798530383366,0.08327773984422393,0.034245796494047465,0.05775535365334994,0.05775535365334994,0.033499559385499644,0.06742191706130662,0.022230038747487413,0.0313464277913702,0.09818719106628349,0.05775535365334994
E2 拥挤确认,计算机设备,2024-03-01,0.0993028031515848,0.04554664057833202,-0.10141044020990964,-0.1173872599134067,-0.09975686917649984,0.04554664057833202,0.04554664057833202,-0.045147297617059046,-0.05788574933929569,-0.09304046267761401,-0.02850057722310051,0.012117316954456836,0.04554664057833202
E2 拥挤确认,贵金属,2024-03-29,0.23845250075583513,0.09781461317223061,0.10644335179692943,0.10138548266534086,0.07726622650963466,0.05419140400959632,-0.08837427976193968,0.1074813018567784,0.07501841417652844,0.04150918565928041,0.032803449684218444,0.09781461317223061,0.09781461317223061
E2 拥挤确认,航空机场,2024-04-01,0.19438748374814363,-0.012629083390128137,0.0757252927878862,0.055866211786543385,0.08372474560816645,-0.03662287048486024,-0.033876502274619025,0.07623759636490601,0.09022633101107091,0.06530846281287483,0.07146215277798218,-0.012629083390128137,-0.012629083390128137
E2 拥挤确认,有色金属,2024-04-03,0.07800889866174776,-0.12432420304470859,0.03718294842409553,-0.08881369376068737,-0.03731263935496343,-0.09423180928562813,-0.1472988722682308,-0.012088484122570353,0.03813073402508049,-0.004772546734400973,-0.02250468390586058,-0.12853611533829323,-0.12432420304470859
E2 拥挤确认,工程机械,2024-04-11,0.0972646168249176,0.04686346762138571,-0.005555301577788052,-0.04858127706154025,-0.07629439898508017,-0.09515158555994663,0.04686346762138571,-0.004805949513533081,-0.014214332218286496,-4.66708717872244e-06,-0.01947781384245517,0.04686346762138571,0.04686346762138571
E2 拥挤确认,家电行业,2024-04-18,0.06591389720313057,0.02661160696047382,-0.017848046454882915,-0.007030980505929096,0.02661160696047382,0.02661160696047382,0.02661160696047382,0.013435389362209449,0.020855937270228386,-0.020129567492851552,0.009824701812882308,0.007162492751555005,0.02661160696047382
E2 拥挤确认,交运设备,2024-04-19,0.05262858159303985,0.0055449996366259136,-0.023967432558834045,-0.014718463993241282,0.0055449996366259136,0.0055449996366259136,0.0055449996366259136,-0.031177079663763263,-0.0421638030687872,-0.04168831329217948,-0.024580866859255313,-0.030660731230956806,0.0055449996366259136
E2 拥挤确认,航天航空,2024-04-22,0.1322262065683728,-0.021408746540465762,0.046186004935185654,0.08564177425037522,0.0016180701392940477,-0.03673782499146172,-0.09893514082763699,0.004164837745710415,0.02922539682041614,0.03798347730134899,0.0073870051977691364,-0.021408746540465762,-0.021408746540465762
E2 拥挤确认,电网设备,2024-05-13,0.04207692591654899,-0.08340231043107393,0.012555783117616404,-0.10831611295066101,-0.0529453829490637,-0.11762344901288968,-0.08340231043107393,0.0005307046586946473,-0.0029530927486439706,-0.03571686119926476,-0.03282358572054167,-0.08999155147800719,-0.08340231043107393
E2 拥挤确认,航运港口,2024-05-13,0.09452705475874112,-0.1478932683275962,-0.002108678736104319,-0.1876331729574905,-0.007610513066610203,-0.12738856802117093,-0.13617517617190966,0.00011817690174931172,0.01247042866681669,-0.010533121943101076,0.006444466361038348,0.00011817690174931172,-0.1478932683275962
E2 拥挤确认,房地产服务,2024-05-16,0.08997895657302468,-0.12281013372459382,-0.09940123194362394,0.011845384806241643,-0.07071418858729828,-0.1253205786249285,-0.16363260917522582,-0.09408392623781348,-0.14458836187967916,-0.17461556057361494,-0.14458836187967916,-0.02253262169238124,-0.12281013372459382
E2 拥挤确认,电力行业,2024-05-24,0.10720438278870437,-0.21869039269308999,0.033094116193751244,-0.2192372553859111,-0.005542655441669986,-0.11116013144567727,-0.16051593946009113,0.002789326846373452,0.035284617216851055,0.01809866306891439,0.002789326846373452,-0.21869039269308999,-0.21869039269308999
E2 拥挤确认,公用事业,2024-05-28,0.0,-0.230848935414933,-0.01706804638248194,-0.16621590730339275,-0.1392783028467659,-0.1652941488919103,-0.2073032561929259,-0.04008394636935231,-0.06461950221049029,-0.06222765871383107,-0.04008394636935231,-0.230848935414933,-0.230848935414933
E2 拥挤确认,电子化学品,2024-05-29,0.06104152845960664,-0.051115503447374366,-0.058577545848039314,0.027387704305421368,-0.0546657279707351,-0.051115503447374366,-0.051115503447374366,-0.0028688472873764637,-0.013110234886253513,-0.037977779325820804,-0.013110234886253513,-0.01263271563287549,-0.051115503447374366
E2 拥挤确认,电子元件,2024-06-17,0.10378206529064116,0.10378206529064116,-0.034553452382698246,-0.08847674726427057,-0.07908291455986949,0.10378206529064116,0.10378206529064116,-0.01326851200877488,-0.028382948910228523,-0.046503641890260794,-0.04205484885973376,-0.06391326505446615,0.10378206529064116
E2 拥挤确认,半导体,2024-06-20,0.13826283603919265,0.025335296190722945,-0.09098675184346738,0.009193377870181374,-0.06865068608365033,0.025335296190722945,0.025335296190722945,-0.04082062520349772,-0.04238400458888103,-0.04541059219060972,-0.05028276206119364,0.021779044024447636,0.025335296190722945
E2 拥挤确认,船舶制造,2024-06-28,0.07902193295522375,-0.16417771086790756,0.009804647905400143,-0.17476932944587065,0.006434886717277877,-0.09001528219326582,-0.13679462475337378,0.013909864155729368,-0.002061273337983116,0.006434886717277877,0.03754076062040079,-0.16417771086790756,-0.16417771086790756
E2 拥挤确认,汽车整车,2024-07-23,0.06862812089859971,-0.0848977541146293,-0.10234082907624675,0.010084806364842436,-0.09683313544708638,-0.0848977541146293,-0.0848977541146293,0.020039838557986744,0.020039838557986744,-0.06470412344312493,-0.05741090362514589,-0.0848977541146293,-0.0848977541146293
E2 拥挤确认,综合行业,2024-09-12,0.8355991635738751,0.24800061487859382,0.42696055308913006,0.43057585625805816,0.6066955380235599,0.5867804538808679,0.4522264975805341,0.5217848758315482,0.34111161411905444,0.416576538293417,0.07518706034392308,0.5217848758315482,0.24800061487859382
E2 拥挤确认,多元金融,2024-09-25,0.06539125383128708,-0.1755043886967541,-0.11210073166849133,-0.16954607226760565,-0.06104623650302243,-0.10042503114563361,-0.16286878327985266,-0.023800398155988223,-0.09339687701167354,-0.06350953665396519,-0.0700295384676154,0.007243293653806493,-0.1755043886967541
E2 拥挤确认,证券,2024-09-25,0.029942139811027113,-0.18898631859919657,-0.06552131057480282,-0.14706935071137384,-0.07700426661000648,-0.12537893922594068,-0.17553199542528908,-0.0638727554825883,-0.08920683819597663,-0.07700426661000648,0.029942139811027113,0.016252506572895786,-0.18898631859919657
E2 拥挤确认,互联网服务,2024-10-09,0.19575163028793496,-0.007526635688198224,0.02972995148104829,0.06910806787527424,0.06910806787527424,0.004941525275230063,-0.007526635688198224,0.06120696366129108,0.02972995148104829,0.019835828641647124,0.03139303760401857,0.03099672551163657,-0.007526635688198224
E2 拥挤确认,软件开发,2024-10-14,0.13118792036400206,-0.07315300469406683,-0.04427702436104641,0.005991861338186633,-0.04941249269130166,-0.03314350498172336,-0.07315300469406683,0.01801853187783453,0.006302482115401853,0.004265204984839066,-0.008675839496109727,-0.04023810929774618,-0.07315300469406683
E2 拥挤确认,光学光电子,2024-10-30,0.0,-0.16757006228436522,-0.03904166900405437,-0.10910962719388528,-0.12239336664280509,-0.1607538802335875,-0.16757006228436522,-0.0555720755602781,-0.035335680312925,-0.05069265298358727,-0.0555720755602781,-0.12239336664280509,-0.16757006228436522
E2 拥挤确认,教育,2024-11-01,0.12827851163233572,-0.2699627823837286,0.0041216766683100925,-0.0688335182421771,-0.019425819676855527,-0.053819316113775995,-0.10261475325269698,-0.016878087387340646,-0.046324126544088795,-0.05328165344604452,-0.02912239871828426,-0.05328165344604452,-0.2699627823837286
E2 拥挤确认,环保行业,2024-11-01,0.029505040075573863,-0.10911512916437838,-0.05804597059630889,-0.06055439489490355,-0.07237188005967299,-0.13280073710198792,-0.10911512916437838,0.012897756370067182,-0.03396089135762215,-0.03719038716800638,0.01832176183765366,-0.10911512916437838,-0.10911512916437838
E2 拥挤确认,计算机设备,2024-11-11,0.030735464481232988,-0.051765005364334815,-0.00826584906382144,-0.07353509965540284,-0.07068405933427868,-0.051765005364334815,-0.051765005364334815,-0.04629156277256086,-0.08043292977791794,-0.06256546293712162,-0.051765005364334815,-0.05101195975327699,-0.051765005364334815
E2 拥挤确认,仪器仪表,2024-11-25,0.14729985672656798,-0.0029029414989293345,0.14729985672656798,0.08794225646336362,0.034797029221932396,-0.025068357510932615,-0.0029029414989293345,0.04777588102416819,-3.9818884318365555e-05,0.034797029221932396,0.0024473503114963435,0.12354881180964417,-0.0029029414989293345
E2 拥挤确认,专用设备,2024-11-26,0.0892145089552221,0.05296028994392854,0.06542287532703339,0.05583787249964112,0.05296028994392854,0.05296028994392854,0.05296028994392854,0.007820939835526453,-0.016695204311520273,-0.015001208357485751,-0.013658352459465006,0.01881243482493722,0.05296028994392854
E2 拥挤确认,家用轻工,2024-11-26,0.03197917566365316,-0.18847601962172666,-0.08545772850632671,-0.09432783504690212,-0.08224077725703927,-0.1501319715192463,-0.17438292020596802,-0.07577988571325,-0.06318637377145064,-0.07670507139471483,-0.081461974497952,-0.1501319715192463,-0.18847601962172666
E2 拥挤确认,商业百货,2024-11-29,0.15762566279080614,-0.15346943275153913,-0.047686477028009766,3.1720892130771006e-06,0.01836762393322755,-0.0469101110342951,-0.06573207870898257,0.04178198901486052,0.02250174939128935,-0.0469101110342951,-0.0469101110342951,0.04727835074276121,-0.15346943275153913
E2 拥挤确认,电机,2024-12-02,0.5520797151000607,0.3059482350873153,0.2771008234085732,0.15287743849987256,0.14530857148084575,0.11968122255655933,0.3059482350873153,-0.0353766953812189,0.002014530718893681,0.15749949048932943,0.011551163785281648,0.002014530718893681,0.3059482350873153
E2 拥挤确认,贸易行业,2024-12-04,0.0,-0.14866374493376477,-0.09205310565082292,-0.05483669747876141,-0.10106191823644495,-0.15709501277106142,-0.14866374493376477,-0.045570540797741144,-0.06821832620568902,-0.07099263694230706,-0.01948892748457709,-0.14866374493376477,-0.14866374493376477
E2 拥挤确认,通用设备,2024-12-04,0.1563551732715882,0.08956440260892107,0.12928801740297136,0.07575334520219457,0.0483912624740781,0.08956440260892107,0.08956440260892107,-0.03502345223039127,-0.0500888903624106,0.0483912624740781,-0.050614776527013516,0.09184707480306598,0.08956440260892107
E2 拥挤确认,文化传媒,2024-12-16,0.004059931316412468,-0.27642294050518246,-0.11516069130468876,-0.1039648813501981,-0.1050943355929208,-0.14409973151211375,-0.20734547468911646,-0.07418068809505585,-0.07705912932352266,-0.09025208269269258,-0.27642294050518246,-0.07418068809505585,-0.27642294050518246
E2 拥挤确认,纺织服装,2024-12-16,0.024037669892022384,-0.120458799321151,-0.0371201232084688,-0.03166282634658335,-0.09776414475657047,-0.1395218507303867,-0.120458799321151,-0.05317842310130527,-0.013715836184515107,-0.06207737079981679,-0.058902445585181096,-0.048050649053925754,-0.120458799321151
E2 拥挤确认,电源设备,2024-12-26,0.2088713697465927,0.2088713697465927,0.10297696976930215,0.012984949118966416,0.040010528382224075,0.2088713697465927,0.2088713697465927,0.007405951738156391,0.04256685274845462,0.05295262542241286,-0.023568009512996202,0.040010528382224075,0.2088713697465927
E2 拥挤确认,通信设备,2024-12-26,0.4722969319440191,0.42134712760341153,-0.10107486257546716,0.0281578513579126,-0.0935779413356358,-0.1627805286132905,0.42134712760341153,-0.031087532600775236,-0.031087532600775236,-0.03782453896640192,-0.01417635794678529,-0.04661478873133651,0.42134712760341153
E2 拥挤确认,非金属材料,2024-12-27,0.12801619147415066,0.0960796117920768,-0.06634235043201175,-0.01745106298713406,-0.06411403292793194,0.0960796117920768,0.0960796117920768,0.0006878747374492455,0.030849087485224524,-0.054852273146774544,-0.0003264561263459642,-0.04953345141190124,0.0960796117920768
E2 拥挤确认,通信服务,2025-02-17,0.030890006091372157,-0.3017873534192764,-0.07480624006577186,-0.15089610094119632,-0.06959779779939235,-0.13442322656098848,-0.16575438842083956,-0.022006700521040812,-0.04390377094869702,-0.056781509667806374,-0.017518088170241253,-0.3017873534192764,-0.3017873534192764
E2 拥挤确认,工程机械,2025-02-20,0.10059019391411783,-0.015625379025662633,0.017630406025405776,0.06017019552991876,-0.010505411629404326,-0.015625379025662633,-0.015625379025662633,0.05765498579772199,0.0364404783392831,0.029054074602033575,0.04170705768321792,-0.015625379025662633,-0.015625379025662633
E2 拥挤确认,汽车零部件,2025-02-26,0.04546457868396736,-0.05205541535143421,0.03634624443233969,-0.0029041816092347794,-0.06856206196167103,-0.05205541535143421,-0.05205541535143421,0.012848167407298217,-0.06856206196167103,-0.05852421163761623,-0.004001415018881294,-0.00910071523159628,-0.05205541535143421
E2 拥挤确认,电子元件,2025-03-11,0.4032333530752932,0.3879013662177724,-0.005229188658062767,0.24216573744023084,0.3879013662177724,0.3879013662177724,0.3879013662177724,-0.010085285962051938,-0.07951396148510614,-0.07951396148510614,-0.0024869968762794015,-0.07941731715848754,0.3879013662177724
E2 拥挤确认,有色金属,2025-03-25,0.47049322686433115,0.22148892912422413,-0.06429984215688334,-0.02702355762807429,0.303178822831385,0.2779271964166754,0.17037020718278395,-0.024067873213009405,-0.07174093563103479,-0.06536603260209817,-0.024067873213009405,-0.07174093563103479,0.22148892912422413
E2 拥挤确认,塑料制品,2025-03-26,0.10255510752769714,0.09246991907128854,0.04756005064697466,0.07729780486872517,0.09246991907128854,0.09246991907128854,0.09246991907128854,-0.01862053730871216,-0.03508594207732896,0.03290073185984577,-0.04519841940521874,-0.03508594207732896,0.09246991907128854
E2 拥挤确认,农牧饲渔,2025-04-08,0.0,-0.304996570100884,-0.1666776739073036,-0.27190780733228437,-0.1169002034226011,-0.14412748780296647,-0.2144154517285648,-0.1076674855083608,-0.1076674855083608,-0.16146777408298096,-0.1076674855083608,-0.304996570100884,-0.304996570100884
E2 拥挤确认,食品饮料,2025-04-10,0.04771874198332249,-0.3214234292649133,-0.09406002442079253,-0.22768012959681116,-0.05785071957866195,-0.11574899532832628,-0.15868968985308363,-0.03304482225730132,-0.06542896070290316,-0.055754828007053336,-0.04348377669408743,-0.3214234292649133,-0.3214234292649133
E2 拥挤确认,贵金属,2025-04-11,0.6992534966180342,0.2290374375827644,-0.08606372193020517,0.18013142882196842,-0.046841874032094055,-0.08666651775990597,-0.15898974150310696,-0.08621619533206759,-0.09603542246058783,-0.053801166911847775,-0.02888676266020962,-0.024680320843049386,0.2290374375827644
E2 拥挤确认,美容护理,2025-04-15,0.10268918739828226,-0.32176368580776504,-0.05924298016972951,-0.1505668767958782,-0.010925962518448906,-0.06639480500984807,-0.1174583874021431,0.018443966539379852,-0.06544471701980481,-0.01092747484974177,-0.01694954352906297,-0.32176368580776504,-0.32176368580776504
E2 拥挤确认,旅游酒店,2025-04-17,0.0,-0.3573117134089413,-0.16625339584300092,-0.20337004128968328,-0.10639881014941388,-0.16430736589053363,-0.20175701013137615,-0.04673296134335492,-0.08232981243945448,-0.11111222473215121,-0.3573117134089413,-0.20097780731308312,-0.3573117134089413
E2 拥挤确认,珠宝首饰,2025-04-17,0.31400459461514085,-0.28584498559849314,0.05616859206843827,-0.014026933880408432,0.19760756197130247,0.10487654399326574,0.04258901091098233,0.1583355602919676,0.02034430099843143,0.05616859206843827,-0.028699426450826904,-0.028699426450826904,-0.28584498559849314
E2 拥挤确认,房地产服务,2025-04-25,0.0,-0.3591060309427129,-0.10094738396149683,-0.26005258194174496,-0.09129737623214362,-0.1511047972322901,-0.2058717263236165,-0.01905410613498404,-0.01905410613498404,-0.040091751289344724,-0.3591060309427129,-0.01905410613498404,-0.3591060309427129
E2 拥挤确认,电力行业,2025-04-28,0.0,-0.15345679053534034,-0.11432281683942114,-0.17740089023767103,-0.11432281683942114,-0.15318685090414996,-0.20407661927719956,-0.043967130172289925,-0.05955856576128282,-0.05916167772968739,-0.03685000403344385,-0.15345679053534034,-0.15345679053534034
E2 拥挤确认,化纤行业,2025-05-15,0.02636144241366245,-0.19212143940782944,-0.09764778612327052,-0.11764044312660382,-0.07296306561411492,-0.10355266542259123,-0.17850244162377737,-0.006877546573840654,-0.061410214895531,-0.04809791277050601,-0.006877546573840654,-0.06473859242610469,-0.19212143940782944
E2 拥挤确认,航运港口,2025-05-15,0.033696583331210395,-0.20647026136685198,-0.11228410029416946,-0.11649074031181628,-0.07404558269970296,-0.13476037152270604,-0.18569271713328794,-0.04463842321743727,-0.1055008391847595,-0.046280969967885555,-0.01712903324141024,-0.0889759538196856,-0.20647026136685198
E2 拥挤确认,农药兽药,2025-05-20,0.0988605676785077,-0.22121293852552892,-0.029252904818567238,-0.005590350010003853,-0.02567783309421834,-0.055298929807586994,-0.10209876734297962,0.05407024772749791,-0.11770654008691717,-0.008016637765282275,0.00697486321710894,-0.22121293852552892,-0.22121293852552892
E2 拥挤确认,包装材料,2025-05-21,0.04513905411401131,-0.1185646405719959,-0.06218866102505782,-0.06309127129492587,-0.06223783097260971,-0.11444035528013219,-0.1185646405719959,-0.03621498946387414,-0.13187434430900713,-0.029669753297654977,-0.01187212599215659,-0.07878021937071666,-0.1185646405719959
E2 拥挤确认,造纸印刷,2025-05-26,0.012586301664693211,-0.20629116622119248,-0.061225867272932555,-0.11431557090722111,-0.09866574191449617,-0.1392975977919224,-0.209111917481125,-0.023173733555432507,-0.13413930377887007,-0.03531044487719093,-0.017760796389124756,-0.20629116622119248,-0.20629116622119248
E2 拥挤确认,化学制药,2025-05-30,0.06142344652511578,-0.3181908855349277,-0.028672811995436254,-0.07955223866006267,-0.048923939704929476,-0.11753517066423491,-0.160263464356193,-0.029614518723422023,-0.09583824977051936,-0.020656696637371907,-0.029614518723422023,-0.3181908855349277,-0.3181908855349277
E2 拥挤确认,生物制品,2025-06-03,0.022186231573809945,-0.3937389999411126,-0.07618451255482783,-0.14263939326003539,-0.08033639444732432,-0.1394522434377189,-0.1860130938751825,-0.025859043777377022,-0.12415964130826795,-0.05779119764291807,-0.03662551249861956,-0.3937389999411126,-0.3937389999411126
E2 拥挤确认,银行,2025-06-03,0.04728828435207988,-0.26210781941712513,-0.15606859931508477,-0.13557985036699027,-0.05752021511437533,-0.12695130140836408,-0.1712225645986557,-0.02474925717158194,-0.1282937902173481,-0.022513541974778173,0.0029618987512487482,-0.26210781941712513,-0.26210781941712513
E2 拥挤确认,采掘行业,2025-06-13,0.4263934574526531,-0.22939769136335808,-0.14716824236958992,-0.11102750391662919,-0.03396139250576047,-0.09344743647580533,-0.14381536861434752,-0.05013987687010102,-0.10921541790993738,-0.05587781736634312,-0.0482571326540544,-0.03396139250576047,-0.22939769136335808
E2 拥挤确认,燃气,2025-06-20,0.07082103964938091,-0.23241943150384603,-0.16241299139345933,-0.08139007388604891,-0.10979388842108984,-0.15348073530367268,-0.1489742956458583,-0.07197194718587996,-0.0733746027344433,-0.06989160632907188,-0.09159063333120432,-0.23241943150384603,-0.23241943150384603
E2 拥挤确认,航天航空,2025-06-30,0.10412079076875735,-0.1338182177310403,-0.17868434518321308,-0.08272056717930776,-0.09442301164372979,-0.1608637805118308,-0.19933519508930986,-0.07199092335022961,-0.17423552950018617,-0.06973363549026568,-0.008992612574795444,-0.17423552950018617,-0.1338182177310403
E2 拥挤确认,通信设备,2025-06-30,1.132971566162372,0.9115832780382751,0.2585823695116267,0.43197557651242113,0.1934763595189002,0.9115832780382751,0.9115832780382751,0.1821306439231445,0.1767136145630992,0.2042318831190728,0.032103473969165686,0.20564206631648063,0.9115832780382751
E2 拥挤确认,船舶制造,2025-07-02,0.024654811816821276,-0.20433284964406584,-0.16146780255771198,-0.13030094612889764,-0.07875863716134768,-0.1540099281144044,-0.17614881638063673,-0.07875863716134768,-0.15441078787769813,-0.05312705230800563,-0.036772039167824455,-0.20433284964406584,-0.20433284964406584
E2 拥挤确认,玻璃玻纤,2025-07-08,1.1245208305032497,0.5492590109049058,-0.04185160510887742,0.08038430624811066,-0.01058568320011255,0.7831609930126435,0.7418040603308735,-0.048856411868448246,-0.03636460794083529,-0.0564291032635027,-0.0325392056704068,0.21037441917450095,0.5492590109049058
E2 拥挤确认,多元金融,2025-07-10,0.0,-0.3297292317735441,-0.16995126399135985,-0.22290267239165262,-0.10872138674059906,-0.15459945645216056,-0.20768287955516107,-0.10872138674059906,-0.18739510346908672,-0.12126346892632833,-0.07590528956028153,-0.3297292317735441,-0.3297292317735441
E2 拥挤确认,小金属,2025-07-18,0.5957436635025937,0.31303718804250136,0.13860827231185757,0.19942440746032752,0.06965545501073267,0.21604027498118317,0.31303718804250136,0.06496821900421201,0.09034474623802913,0.06305075655191161,0.06965545501073267,0.2633365166795023,0.31303718804250136
E2 拥挤确认,水泥建材,2025-07-22,0.009265833587624561,-0.3274675390394859,-0.13919771087199329,-0.2070226158848949,-0.09923129993492996,-0.1550273153687568,-0.19630135208286514,-0.13461000535169576,-0.1797477975913595,-0.10336909939647432,-0.08373215067181305,-0.3274675390394859,-0.3274675390394859
E2 拥挤确认,医疗服务,2025-07-29,0.07538885277295848,0.07538885277295848,-0.11007923149257504,-0.1195322639299462,-0.09860751115567024,-0.1464517699868496,-0.2127840562778529,-0.08810997943373922,-0.11136761010835505,-0.06760850554866438,-0.029203127113847205,0.07538885277295848,0.07538885277295848
E2 拥挤确认,消费电子,2025-08-26,0.21189688715155208,0.08210927982450023,0.04594247182405509,-0.03383297293357279,0.018173221908168724,-0.03763363870084646,0.08210927982450023,0.06315450081365914,0.02045221442015488,0.02803817081326687,0.08703078914003592,0.10840460698379628,0.08210927982450023
E2 拥挤确认,半导体,2025-08-28,0.9732737709412784,0.4464926158387741,0.03986502365714606,0.10620654965520315,0.025384861682994586,0.6094053798516914,0.5282394264248831,-0.030301222767743385,0.025384861682994586,0.025384861682994586,0.024702906378071487,0.4335174608003547,0.4464926158387741
E2 拥挤确认,电池,2025-09-03,0.18514275065152597,-0.11193962373242716,0.07759760599524124,0.010213762805107995,0.05389066576043877,-0.030011959250745734,-0.06826447058788088,0.08513669002010182,0.08641672737082096,0.0783441593683305,0.08513669002010182,0.06834239504427031,-0.11193962373242716
